customer_id,tenure_months,monthly_charges,contract_type,support_calls,payment_method,international_plan,churned
C100000,7,23.39,month-to-month,1,credit_card,no,1
C100001,55,88.3,one-year,1,credit_card,no,0
C100002,47,115.05,month-to-month,1,electronic_check,no,1
C100003,32,102.92,month-to-month,3,electronic_check,no,1
C100004,31,,month-to-month,0,credit_card,no,0
C100005,61,,one-year,0,credit_card,no,0
C100006,7,114.04,two-year,1,bank_transfer,no,0
C100007,50,113.71,two-year,2,electronic_check,no,0
C100008,15,73.24,one-year,1,bank_transfer,no,0
C100009,7,,one-year,0,credit_card,no,1
C100010,38,66.26,one-year,1,bank_transfer,no,0
C100011,70,61.98,month-to-month,2,credit_card,no,0
C100012,53,31.94,month-to-month,0,bank_transfer,no,0
C100013,55,29.68,one-year,1,electronic_check,yes,0
C100014,51,43.27,one-year,1,credit_card,no,0
C100015,56,103.66,month-to-month,0,electronic_check,no,1
C100016,37,34.58,two-year,1,bank_transfer,no,0
C100017,10,42.67,one-year,1,credit_card,no,0
C100018,60,74.86,month-to-month,2,credit_card,no,0
C100019,32,41.51,month-to-month,2,credit_card,no,1
C100020,36,36.32,month-to-month,1,electronic_check,no,1
C100021,27,76.33,month-to-month,2,electronic_check,no,1
C100022,13,56.81,month-to-month,1,bank_transfer,no,1
C100023,66,82.62,month-to-month,0,bank_transfer,no,0
C100024,56,111.22,month-to-month,1,bank_transfer,no,0
C100025,46,35.1,month-to-month,2,bank_transfer,no,0
C100026,29,111.34,one-year,2,bank_transfer,no,0
C100027,59,110.25,one-year,1,credit_card,no,0
C100028,39,102.91,month-to-month,1,electronic_check,no,0
C100029,32,,month-to-month,3,electronic_check,yes,1
C100030,32,82.01,month-to-month,0,electronic_check,no,0
C100031,17,83.92,month-to-month,1,credit_card,no,1
C100032,7,89.05,month-to-month,4,bank_transfer,no,1
C100033,40,21.65,month-to-month,1,credit_card,no,0
C100034,64,115.81,month-to-month,1,bank_transfer,no,0
C100035,5,78.56,two-year,2,credit_card,no,0
C100036,61,98.15,month-to-month,0,bank_transfer,no,0
C100037,59,57.73,two-year,0,credit_card,no,0
C100038,20,21.24,month-to-month,3,bank_transfer,no,1
C100039,45,70.97,month-to-month,0,bank_transfer,no,0
C100040,12,70.72,two-year,2,bank_transfer,no,0
C100041,54,63.7,month-to-month,3,bank_transfer,no,1
C100042,50,53.97,one-year,3,electronic_check,no,0
C100043,26,44.98,two-year,2,bank_transfer,no,0
C100044,5,72.75,one-year,2,credit_card,no,1
C100045,69,57.53,month-to-month,0,bank_transfer,no,0
C100046,32,116.99,month-to-month,3,bank_transfer,no,1
C100047,64,37.29,month-to-month,2,credit_card,no,0
C100048,49,51.97,month-to-month,0,bank_transfer,no,0
C100049,56,49.4,month-to-month,1,electronic_check,no,0
C100050,54,74.33,two-year,2,bank_transfer,no,0
C100051,14,69.93,one-year,2,bank_transfer,yes,1
C100052,26,84.37,month-to-month,4,electronic_check,no,1
C100053,34,115.0,month-to-month,1,credit_card,no,1
C100054,36,48.52,one-year,1,electronic_check,yes,0
C100055,4,89.28,two-year,3,credit_card,yes,1
C100056,39,22.5,month-to-month,0,bank_transfer,no,0
C100057,11,46.24,month-to-month,1,bank_transfer,no,1
C100058,53,66.37,two-year,2,credit_card,yes,0
C100059,49,23.1,two-year,2,electronic_check,no,0
C100060,66,81.77,two-year,1,credit_card,no,0
C100061,53,87.83,month-to-month,1,bank_transfer,yes,1
C100062,27,94.67,month-to-month,1,bank_transfer,no,1
C100063,69,,month-to-month,1,electronic_check,yes,1
C100064,30,80.39,month-to-month,1,credit_card,yes,1
C100065,24,59.61,two-year,1,credit_card,no,0
C100066,65,24.13,month-to-month,1,bank_transfer,no,0
C100067,27,30.0,one-year,2,electronic_check,no,1
C100068,6,85.5,two-year,2,electronic_check,no,1
C100069,34,119.56,two-year,1,credit_card,no,0
C100070,57,21.58,one-year,1,bank_transfer,no,0
C100071,14,75.76,two-year,3,credit_card,no,1
C100072,33,95.1,month-to-month,1,electronic_check,no,1
C100073,10,,month-to-month,1,bank_transfer,no,1
C100074,49,74.52,month-to-month,0,bank_transfer,no,0
C100075,34,81.99,two-year,0,credit_card,no,0
C100076,24,89.67,two-year,1,bank_transfer,no,0
C100077,17,105.9,month-to-month,2,bank_transfer,no,1
C100078,41,32.23,month-to-month,0,credit_card,no,0
C100079,48,112.62,month-to-month,0,credit_card,no,0
C100080,67,22.6,month-to-month,0,electronic_check,no,0
C100081,32,103.62,two-year,2,electronic_check,no,1
C100082,12,27.67,month-to-month,0,bank_transfer,no,0
C100083,60,39.46,one-year,1,electronic_check,yes,0
C100084,45,20.39,one-year,2,electronic_check,no,0
C100085,50,64.53,month-to-month,3,bank_transfer,no,1
C100086,7,53.44,month-to-month,3,credit_card,no,1
C100087,23,36.6,two-year,2,bank_transfer,no,0
C100088,55,65.11,one-year,1,electronic_check,no,0
C100089,60,60.24,month-to-month,0,credit_card,no,0
C100090,31,96.77,month-to-month,1,bank_transfer,no,1
C100091,58,109.31,two-year,1,electronic_check,no,0
C100092,60,85.26,two-year,2,bank_transfer,no,0
C100093,28,32.44,two-year,1,bank_transfer,no,0
C100094,64,49.54,one-year,2,credit_card,no,0
C100095,21,111.33,two-year,1,bank_transfer,no,1
C100096,18,28.87,month-to-month,0,credit_card,no,0
C100097,49,60.69,one-year,1,credit_card,no,0
C100098,46,114.25,month-to-month,0,bank_transfer,no,1
C100099,10,115.07,one-year,3,credit_card,no,1
C100100,60,61.12,two-year,1,bank_transfer,no,0
C100101,15,86.74,two-year,1,bank_transfer,no,0
C100102,58,65.67,month-to-month,4,bank_transfer,no,0
C100103,1,95.35,one-year,2,electronic_check,no,1
C100104,57,23.16,two-year,0,bank_transfer,no,0
C100105,56,34.42,two-year,2,electronic_check,no,0
C100106,56,81.42,one-year,2,bank_transfer,no,0
C100107,48,43.26,month-to-month,2,electronic_check,no,0
C100108,34,86.61,month-to-month,1,electronic_check,no,1
C100109,51,55.12,two-year,2,bank_transfer,no,0
C100110,20,108.66,one-year,1,electronic_check,no,1
C100111,56,101.93,one-year,2,bank_transfer,no,1
C100112,40,69.28,one-year,2,electronic_check,no,1
C100113,33,97.29,month-to-month,0,electronic_check,no,1
C100114,36,47.11,month-to-month,0,bank_transfer,no,0
C100115,41,69.43,two-year,1,credit_card,no,0
C100116,3,39.75,month-to-month,0,electronic_check,no,0
C100117,10,106.09,one-year,1,bank_transfer,no,1
C100118,18,102.31,one-year,1,electronic_check,no,1
C100119,9,110.21,two-year,1,electronic_check,no,1
C100120,32,107.75,month-to-month,1,credit_card,no,1
C100121,48,115.96,one-year,2,credit_card,no,1
C100122,47,42.83,month-to-month,2,electronic_check,no,1
C100123,34,113.18,month-to-month,1,credit_card,no,0
C100124,61,77.12,month-to-month,3,electronic_check,no,1
C100125,41,,month-to-month,1,bank_transfer,no,0
C100126,6,76.04,two-year,1,electronic_check,yes,1
C100127,55,54.26,two-year,0,bank_transfer,yes,0
C100128,41,48.86,month-to-month,2,credit_card,no,1
C100129,46,44.13,two-year,3,credit_card,no,0
C100130,41,28.24,month-to-month,0,electronic_check,no,0
C100131,40,69.66,one-year,0,credit_card,no,0
C100132,7,108.78,two-year,1,credit_card,no,0
C100133,40,83.02,one-year,4,credit_card,no,0
C100134,57,72.1,month-to-month,1,bank_transfer,no,0
C100135,22,,month-to-month,1,electronic_check,no,0
C100136,43,66.44,month-to-month,3,electronic_check,no,1
C100137,3,40.93,two-year,1,electronic_check,no,0
C100138,25,102.29,one-year,1,electronic_check,no,1
C100139,32,39.84,month-to-month,4,electronic_check,no,1
C100140,70,91.66,month-to-month,1,bank_transfer,no,0
C100141,16,96.0,two-year,1,electronic_check,no,1
C100142,20,77.49,month-to-month,0,bank_transfer,no,1
C100143,30,106.29,one-year,0,credit_card,no,0
C100144,71,49.11,one-year,1,credit_card,no,0
C100145,61,108.16,month-to-month,2,credit_card,no,0
C100146,3,,month-to-month,3,bank_transfer,no,1
C100147,17,99.87,month-to-month,0,bank_transfer,no,0
C100148,59,86.46,month-to-month,0,bank_transfer,no,0
C100149,5,104.63,one-year,2,bank_transfer,no,1
C100150,61,119.31,two-year,0,bank_transfer,no,0
C100151,20,62.02,month-to-month,3,electronic_check,no,1
C100152,66,101.39,month-to-month,2,electronic_check,no,0
C100153,21,94.46,month-to-month,0,credit_card,no,1
C100154,31,65.29,month-to-month,0,credit_card,no,0
C100155,47,112.69,one-year,3,electronic_check,no,1
C100156,9,59.44,one-year,1,electronic_check,no,1
C100157,40,76.55,one-year,2,credit_card,no,0
C100158,36,30.59,month-to-month,1,bank_transfer,no,0
C100159,56,42.58,one-year,0,bank_transfer,no,0
C100160,71,104.07,month-to-month,1,bank_transfer,no,0
C100161,48,59.66,two-year,0,electronic_check,no,0
C100162,30,59.41,one-year,2,credit_card,no,0
C100163,29,44.6,two-year,1,bank_transfer,no,0
C100164,30,69.16,month-to-month,1,credit_card,yes,1
C100165,58,100.58,month-to-month,0,electronic_check,no,0
C100166,23,109.52,one-year,1,bank_transfer,no,1
C100167,12,27.01,month-to-month,3,electronic_check,no,1
C100168,24,77.48,one-year,1,electronic_check,yes,1
C100169,2,66.73,month-to-month,3,electronic_check,yes,1
C100170,8,81.43,two-year,0,electronic_check,no,1
C100171,7,64.73,month-to-month,2,electronic_check,no,1
C100172,55,59.86,two-year,2,bank_transfer,no,0
C100173,52,67.19,month-to-month,1,bank_transfer,no,0
C100174,50,78.2,month-to-month,2,bank_transfer,no,1
C100175,33,70.1,month-to-month,3,bank_transfer,yes,1
C100176,51,67.21,month-to-month,0,bank_transfer,no,0
C100177,12,101.78,two-year,1,electronic_check,no,1
C100178,64,94.56,two-year,2,bank_transfer,no,0
C100179,36,54.14,two-year,3,bank_transfer,no,0
C100180,67,100.06,two-year,3,bank_transfer,no,0
C100181,11,105.37,one-year,0,bank_transfer,no,1
C100182,36,35.35,month-to-month,1,electronic_check,no,1
C100183,50,78.27,two-year,1,bank_transfer,no,0
C100184,36,48.53,month-to-month,0,bank_transfer,no,0
C100185,32,93.92,two-year,2,credit_card,no,0
C100186,12,,month-to-month,3,bank_transfer,no,1
C100187,28,87.14,one-year,1,bank_transfer,no,0
C100188,17,45.51,month-to-month,2,credit_card,yes,1
C100189,22,71.11,month-to-month,3,electronic_check,no,1
C100190,49,114.86,month-to-month,1,electronic_check,no,1
C100191,45,58.13,month-to-month,1,credit_card,no,0
C100192,44,107.57,month-to-month,2,electronic_check,no,1
C100193,26,118.69,month-to-month,1,credit_card,no,1
C100194,69,107.49,month-to-month,2,bank_transfer,no,0
C100195,7,36.59,one-year,3,credit_card,no,1
C100196,25,101.97,month-to-month,3,bank_transfer,no,1
C100197,9,23.21,two-year,2,bank_transfer,no,0
C100198,25,59.33,month-to-month,0,credit_card,yes,0
C100199,69,107.07,one-year,1,credit_card,yes,0
C100200,27,88.88,month-to-month,3,electronic_check,no,1
C100201,65,73.27,month-to-month,0,electronic_check,no,0
C100202,36,58.79,one-year,2,credit_card,no,0
C100203,50,101.23,one-year,1,credit_card,no,0
C100204,33,90.96,month-to-month,0,credit_card,no,0
C100205,19,66.84,month-to-month,2,credit_card,no,1
C100206,55,109.25,month-to-month,2,electronic_check,yes,1
C100207,69,42.99,month-to-month,1,credit_card,no,0
C100208,19,37.04,month-to-month,1,credit_card,no,1
C100209,56,84.28,one-year,1,credit_card,no,0
C100210,19,117.2,month-to-month,3,bank_transfer,no,1
C100211,51,44.73,one-year,2,electronic_check,no,0
C100212,57,44.97,month-to-month,3,bank_transfer,no,0
C100213,32,33.95,month-to-month,2,electronic_check,no,0
C100214,53,106.06,month-to-month,2,electronic_check,yes,1
C100215,20,42.64,month-to-month,2,electronic_check,no,1
C100216,6,70.32,month-to-month,1,credit_card,no,1
C100217,7,119.09,two-year,2,electronic_check,yes,0
C100218,32,21.21,one-year,0,bank_transfer,no,0
C100219,65,75.65,month-to-month,3,credit_card,no,0
C100220,10,71.23,month-to-month,0,credit_card,no,1
C100221,33,100.74,two-year,0,electronic_check,no,0
C100222,50,55.53,month-to-month,1,credit_card,no,0
C100223,15,61.03,month-to-month,1,bank_transfer,no,1
C100224,52,36.79,two-year,0,electronic_check,no,0
C100225,22,94.08,month-to-month,1,electronic_check,no,1
C100226,58,98.47,month-to-month,0,credit_card,no,0
C100227,42,33.67,month-to-month,0,bank_transfer,no,0
C100228,39,59.35,one-year,3,electronic_check,yes,1
C100229,13,109.29,month-to-month,3,bank_transfer,no,1
C100230,33,20.27,one-year,4,bank_transfer,no,0
C100231,61,49.88,month-to-month,1,credit_card,no,0
C100232,2,75.5,month-to-month,0,electronic_check,no,1
C100233,54,53.41,month-to-month,1,credit_card,no,0
C100234,35,47.2,two-year,1,bank_transfer,no,0
C100235,52,66.0,month-to-month,1,bank_transfer,no,0
C100236,48,38.15,one-year,2,bank_transfer,no,1
C100237,31,72.96,month-to-month,2,bank_transfer,no,1
C100238,22,90.67,month-to-month,2,electronic_check,no,1
C100239,45,77.53,month-to-month,2,electronic_check,no,1
C100240,10,29.31,month-to-month,2,credit_card,no,1
C100241,42,104.44,month-to-month,1,credit_card,no,1
C100242,7,37.5,two-year,0,bank_transfer,no,0
C100243,47,96.48,two-year,5,bank_transfer,yes,1
C100244,45,56.06,one-year,1,electronic_check,no,0
C100245,6,98.28,one-year,2,bank_transfer,no,1
C100246,54,40.63,month-to-month,1,bank_transfer,no,0
C100247,30,38.67,one-year,3,credit_card,no,0
C100248,56,69.7,month-to-month,2,electronic_check,no,0
C100249,3,23.29,two-year,1,credit_card,no,0
C100250,13,42.53,two-year,0,bank_transfer,no,0
C100251,36,92.4,month-to-month,2,bank_transfer,no,0
C100252,14,103.74,two-year,0,credit_card,no,0
C100253,24,28.08,two-year,2,bank_transfer,no,0
C100254,47,108.21,month-to-month,2,bank_transfer,no,1
C100255,11,99.75,two-year,1,credit_card,no,1
C100256,49,106.97,month-to-month,1,credit_card,no,1
C100257,8,89.84,month-to-month,0,credit_card,no,0
C100258,13,87.42,month-to-month,0,electronic_check,no,1
C100259,42,72.51,one-year,0,credit_card,no,0
C100260,57,85.28,month-to-month,4,electronic_check,no,1
C100261,13,111.91,two-year,0,electronic_check,yes,1
C100262,22,30.05,month-to-month,1,bank_transfer,no,1
C100263,66,51.58,month-to-month,2,electronic_check,yes,0
C100264,71,27.25,one-year,2,credit_card,no,0
C100265,42,114.48,month-to-month,0,credit_card,no,0
C100266,32,64.53,one-year,2,electronic_check,no,0
C100267,25,87.53,month-to-month,1,bank_transfer,no,1
C100268,44,104.11,two-year,1,electronic_check,no,0
C100269,42,119.1,one-year,0,electronic_check,no,0
C100270,21,36.18,month-to-month,2,credit_card,no,0
C100271,2,99.95,month-to-month,0,credit_card,yes,1
C100272,11,108.74,month-to-month,0,electronic_check,no,1
C100273,69,24.89,two-year,2,credit_card,no,0
C100274,30,95.41,one-year,1,bank_transfer,yes,1
C100275,35,55.47,month-to-month,1,credit_card,no,0
C100276,34,84.86,month-to-month,3,credit_card,no,1
C100277,56,71.4,two-year,3,credit_card,no,0
C100278,5,45.97,month-to-month,1,credit_card,no,1
C100279,6,33.52,one-year,0,electronic_check,no,0
C100280,20,31.69,one-year,0,credit_card,no,0
C100281,35,30.33,month-to-month,1,electronic_check,yes,0
C100282,48,83.78,month-to-month,1,electronic_check,no,1
C100283,35,55.14,month-to-month,0,bank_transfer,no,1
C100284,32,41.66,month-to-month,1,bank_transfer,no,1
C100285,67,89.19,two-year,2,bank_transfer,yes,0
C100286,12,88.68,one-year,2,electronic_check,no,1
C100287,41,73.92,two-year,0,electronic_check,no,0
C100288,39,113.5,month-to-month,1,electronic_check,no,1
C100289,34,58.54,month-to-month,2,credit_card,no,0
C100290,58,103.59,one-year,1,electronic_check,no,1
C100291,19,27.51,month-to-month,0,credit_card,no,0
C100292,68,93.98,month-to-month,1,bank_transfer,no,0
C100293,24,118.84,month-to-month,0,credit_card,no,1
C100294,39,104.66,one-year,0,bank_transfer,no,0
C100295,37,77.97,one-year,0,electronic_check,no,0
C100296,61,82.68,month-to-month,1,electronic_check,no,0
C100297,32,55.33,two-year,1,electronic_check,no,0
C100298,21,87.95,month-to-month,1,bank_transfer,no,1
C100299,2,97.04,month-to-month,3,bank_transfer,yes,1
C100300,26,119.82,month-to-month,2,credit_card,no,1
C100301,59,69.25,two-year,1,electronic_check,no,0
C100302,1,26.13,month-to-month,1,electronic_check,no,1
C100303,64,79.59,month-to-month,2,credit_card,no,1
C100304,39,31.9,month-to-month,3,bank_transfer,yes,1
C100305,10,44.48,one-year,2,bank_transfer,no,0
C100306,22,52.88,one-year,3,bank_transfer,no,1
C100307,40,93.1,month-to-month,3,electronic_check,no,1
C100308,23,38.38,two-year,1,credit_card,no,0
C100309,8,36.58,month-to-month,2,electronic_check,no,1
C100310,48,24.5,month-to-month,2,bank_transfer,no,0
C100311,48,107.32,one-year,3,bank_transfer,no,1
C100312,9,89.35,one-year,0,credit_card,no,0
C100313,20,23.99,month-to-month,1,credit_card,no,1
C100314,18,22.83,one-year,0,credit_card,no,0
C100315,47,75.87,month-to-month,0,electronic_check,no,1
C100316,52,48.25,one-year,2,credit_card,yes,1
C100317,52,79.67,one-year,3,bank_transfer,no,0
C100318,67,63.46,two-year,1,electronic_check,no,0
C100319,55,112.33,month-to-month,1,credit_card,no,0
C100320,23,48.78,one-year,1,electronic_check,no,0
C100321,8,87.91,one-year,1,credit_card,no,1
C100322,44,25.41,month-to-month,2,credit_card,no,0
C100323,66,115.59,month-to-month,2,credit_card,no,1
C100324,70,118.08,two-year,1,credit_card,no,0
C100325,17,93.91,month-to-month,0,bank_transfer,no,1
C100326,17,66.52,one-year,2,credit_card,no,0
C100327,3,42.0,month-to-month,2,bank_transfer,no,1
C100328,11,,two-year,2,bank_transfer,yes,1
C100329,40,93.64,month-to-month,4,credit_card,no,1
C100330,39,42.2,two-year,1,credit_card,no,0
C100331,27,65.12,one-year,0,credit_card,no,0
C100332,23,66.28,month-to-month,3,credit_card,no,0
C100333,59,102.64,one-year,5,bank_transfer,yes,1
C100334,33,88.38,one-year,1,electronic_check,no,0
C100335,58,84.32,month-to-month,0,bank_transfer,no,0
C100336,69,84.98,month-to-month,1,bank_transfer,no,0
C100337,23,47.05,one-year,1,credit_card,no,0
C100338,15,57.17,one-year,5,credit_card,no,1
C100339,68,24.57,month-to-month,0,credit_card,no,0
C100340,46,98.69,two-year,1,bank_transfer,no,0
C100341,21,63.3,month-to-month,0,electronic_check,no,1
C100342,45,63.82,month-to-month,1,credit_card,no,0
C100343,37,44.54,one-year,1,electronic_check,no,0
C100344,65,40.94,month-to-month,1,bank_transfer,no,0
C100345,19,78.78,month-to-month,1,bank_transfer,no,0
C100346,71,43.26,month-to-month,2,bank_transfer,no,0
C100347,67,26.42,month-to-month,0,electronic_check,no,0
C100348,13,96.75,month-to-month,0,electronic_check,no,1
C100349,12,57.65,one-year,5,electronic_check,no,1
C100350,38,58.02,month-to-month,0,bank_transfer,no,1
C100351,4,63.13,two-year,1,credit_card,yes,0
C100352,22,101.5,one-year,1,bank_transfer,no,0
C100353,31,52.08,month-to-month,1,electronic_check,no,1
C100354,69,95.8,month-to-month,1,credit_card,no,0
C100355,71,113.95,one-year,2,bank_transfer,no,0
C100356,11,86.09,month-to-month,0,bank_transfer,no,1
C100357,64,63.17,month-to-month,0,bank_transfer,no,0
C100358,7,94.78,two-year,0,electronic_check,no,1
C100359,54,65.79,one-year,0,bank_transfer,no,0
C100360,61,61.44,one-year,0,credit_card,no,0
C100361,64,,month-to-month,5,credit_card,no,1
C100362,16,51.77,month-to-month,4,bank_transfer,no,1
C100363,64,30.43,month-to-month,0,electronic_check,yes,0
C100364,9,61.49,one-year,0,bank_transfer,no,0
C100365,37,32.39,month-to-month,1,electronic_check,yes,1
C100366,34,61.04,month-to-month,0,credit_card,no,1
C100367,23,75.69,month-to-month,0,credit_card,no,0
C100368,2,113.07,one-year,2,electronic_check,no,1
C100369,55,23.62,one-year,1,bank_transfer,no,0
C100370,24,82.15,month-to-month,1,electronic_check,no,1
C100371,47,65.77,month-to-month,1,electronic_check,yes,1
C100372,30,22.03,month-to-month,1,credit_card,yes,0
C100373,27,44.95,month-to-month,3,electronic_check,no,1
C100374,63,31.85,month-to-month,3,bank_transfer,no,0
C100375,7,41.68,month-to-month,1,bank_transfer,no,1
C100376,53,47.46,one-year,0,bank_transfer,no,0
C100377,54,60.13,one-year,2,credit_card,no,0
C100378,27,72.9,two-year,5,electronic_check,no,1
C100379,19,20.1,two-year,0,bank_transfer,no,0
C100380,1,36.19,month-to-month,0,credit_card,no,1
C100381,67,29.36,month-to-month,1,credit_card,no,0
C100382,68,,month-to-month,2,electronic_check,no,0
C100383,18,52.91,one-year,1,electronic_check,no,0
C100384,3,74.84,month-to-month,2,bank_transfer,no,1
C100385,9,42.18,month-to-month,1,electronic_check,no,1
C100386,5,22.42,month-to-month,1,bank_transfer,no,1
C100387,60,114.14,month-to-month,0,electronic_check,no,1
C100388,64,30.83,one-year,1,credit_card,no,0
C100389,11,32.69,one-year,1,credit_card,no,1
C100390,54,34.65,month-to-month,1,electronic_check,yes,0
C100391,13,118.13,two-year,2,electronic_check,no,1
C100392,27,81.77,month-to-month,1,bank_transfer,no,1
C100393,43,81.03,month-to-month,3,electronic_check,no,1
C100394,52,118.67,month-to-month,2,bank_transfer,no,1
C100395,63,28.84,one-year,0,electronic_check,no,0
C100396,4,117.45,one-year,3,bank_transfer,no,1
C100397,14,40.4,month-to-month,3,electronic_check,no,0
C100398,20,82.31,two-year,1,bank_transfer,no,1
C100399,23,62.01,month-to-month,0,bank_transfer,no,0
C100400,71,58.4,month-to-month,1,credit_card,no,0
C100401,56,113.12,one-year,2,credit_card,no,0
C100402,23,34.92,two-year,2,credit_card,yes,1
C100403,69,119.71,one-year,1,credit_card,no,0
C100404,36,57.91,two-year,2,bank_transfer,yes,0
C100405,36,84.88,month-to-month,1,credit_card,no,0
C100406,31,116.79,one-year,1,bank_transfer,no,0
C100407,11,25.76,two-year,3,credit_card,no,1
C100408,67,112.29,month-to-month,2,credit_card,no,1
C100409,1,76.78,month-to-month,1,electronic_check,no,1
C100410,13,90.44,two-year,0,credit_card,yes,0
C100411,17,34.92,month-to-month,1,bank_transfer,yes,1
C100412,20,73.34,month-to-month,1,credit_card,no,1
C100413,10,87.35,two-year,1,credit_card,yes,1
C100414,2,65.62,two-year,0,credit_card,no,0
C100415,49,35.5,two-year,2,credit_card,no,0
C100416,69,44.41,two-year,3,credit_card,no,0
C100417,9,105.44,month-to-month,0,bank_transfer,no,1
C100418,22,23.45,two-year,1,credit_card,no,0
C100419,36,90.89,month-to-month,2,electronic_check,yes,1
C100420,66,119.94,one-year,0,bank_transfer,no,0
C100421,50,20.75,month-to-month,2,bank_transfer,no,0
C100422,55,36.1,two-year,3,electronic_check,no,0
C100423,42,87.41,one-year,1,electronic_check,no,0
C100424,30,26.0,two-year,1,bank_transfer,no,0
C100425,15,78.98,month-to-month,2,electronic_check,no,1
C100426,62,88.4,month-to-month,1,bank_transfer,no,0
C100427,58,78.81,month-to-month,0,electronic_check,no,0
C100428,2,,month-to-month,1,electronic_check,no,1
C100429,51,89.73,one-year,1,electronic_check,no,1
C100430,6,79.43,month-to-month,2,bank_transfer,no,1
C100431,53,40.76,one-year,2,bank_transfer,no,0
C100432,59,76.31,month-to-month,2,bank_transfer,no,0
C100433,10,108.19,month-to-month,2,electronic_check,no,1
C100434,31,86.68,one-year,2,electronic_check,no,1
C100435,9,67.18,month-to-month,1,credit_card,no,1
C100436,41,52.16,month-to-month,1,credit_card,no,0
C100437,66,28.59,month-to-month,3,electronic_check,no,1
C100438,6,44.46,month-to-month,0,bank_transfer,yes,0
C100439,29,21.12,one-year,3,bank_transfer,no,1
C100440,70,118.66,month-to-month,2,electronic_check,no,1
C100441,22,42.25,month-to-month,0,credit_card,no,0
C100442,10,101.49,one-year,1,credit_card,yes,1
C100443,35,36.86,month-to-month,1,electronic_check,no,1
C100444,37,48.36,one-year,3,electronic_check,no,0
C100445,48,61.83,month-to-month,1,electronic_check,no,0
C100446,23,52.44,two-year,1,electronic_check,no,0
C100447,68,99.84,month-to-month,2,electronic_check,no,1
C100448,37,115.77,month-to-month,4,electronic_check,no,1
C100449,21,107.53,two-year,0,electronic_check,no,0
C100450,69,35.36,one-year,2,bank_transfer,no,0
C100451,66,97.67,one-year,2,electronic_check,no,0
C100452,36,34.79,two-year,2,credit_card,no,0
C100453,2,111.34,month-to-month,0,bank_transfer,no,1
C100454,43,71.79,two-year,4,credit_card,no,0
C100455,40,53.64,one-year,3,electronic_check,no,0
C100456,11,35.7,month-to-month,1,bank_transfer,no,0
C100457,46,21.18,month-to-month,3,credit_card,no,0
C100458,60,44.79,month-to-month,3,bank_transfer,no,0
C100459,8,,two-year,2,credit_card,no,1
C100460,52,99.73,month-to-month,2,credit_card,no,1
C100461,10,116.98,month-to-month,2,bank_transfer,no,1
C100462,54,30.08,one-year,1,bank_transfer,no,0
C100463,30,79.22,one-year,1,bank_transfer,yes,1
C100464,1,45.72,month-to-month,0,credit_card,yes,1
C100465,69,74.29,two-year,1,electronic_check,no,0
C100466,12,52.05,month-to-month,2,credit_card,no,1
C100467,43,48.35,two-year,3,electronic_check,no,1
C100468,13,77.38,month-to-month,1,credit_card,yes,1
C100469,67,38.33,month-to-month,0,credit_card,yes,0
C100470,53,66.91,one-year,1,bank_transfer,no,0
C100471,58,85.08,month-to-month,3,electronic_check,no,1
C100472,31,32.82,month-to-month,1,electronic_check,no,0
C100473,34,113.06,month-to-month,2,bank_transfer,yes,1
C100474,46,70.57,one-year,2,credit_card,no,0
C100475,56,101.95,two-year,2,electronic_check,no,0
C100476,61,85.39,two-year,1,credit_card,no,0
C100477,2,91.0,two-year,0,bank_transfer,yes,0
C100478,48,91.61,two-year,1,electronic_check,no,0
C100479,8,107.51,month-to-month,0,bank_transfer,no,1
C100480,21,81.36,month-to-month,0,electronic_check,yes,1
C100481,59,47.82,two-year,2,electronic_check,no,0
C100482,18,29.95,two-year,1,electronic_check,no,0
C100483,57,80.63,two-year,2,bank_transfer,no,0
C100484,33,,one-year,2,electronic_check,no,0
C100485,17,44.13,month-to-month,0,credit_card,no,1
C100486,24,26.07,two-year,1,credit_card,yes,0
C100487,38,74.89,two-year,0,credit_card,no,0
C100488,55,36.03,one-year,3,credit_card,no,0
C100489,44,81.04,two-year,3,credit_card,no,0
C100490,67,99.09,one-year,2,electronic_check,no,0
C100491,62,102.19,two-year,5,bank_transfer,no,0
C100492,54,50.95,month-to-month,0,bank_transfer,no,0
C100493,43,74.9,two-year,3,bank_transfer,yes,0
C100494,21,76.3,month-to-month,1,bank_transfer,no,1
C100495,30,67.29,month-to-month,0,bank_transfer,no,0
C100496,9,85.51,month-to-month,0,credit_card,no,1
C100497,27,41.01,month-to-month,0,electronic_check,yes,1
C100498,66,117.92,month-to-month,2,electronic_check,yes,1
C100499,31,29.81,two-year,1,credit_card,no,0
C100500,9,102.92,one-year,1,credit_card,no,1
C100501,47,79.41,two-year,0,credit_card,yes,0
C100502,69,44.49,month-to-month,1,bank_transfer,no,0
C100503,62,94.57,month-to-month,0,electronic_check,no,0
C100504,20,28.45,one-year,0,electronic_check,no,0
C100505,33,97.44,one-year,1,electronic_check,no,1
C100506,38,79.0,month-to-month,1,bank_transfer,no,0
C100507,18,31.08,two-year,0,electronic_check,no,0
C100508,20,27.95,two-year,2,credit_card,yes,0
C100509,17,95.08,one-year,1,electronic_check,no,1
C100510,71,49.29,two-year,1,credit_card,no,0
C100511,53,108.93,one-year,2,electronic_check,no,0
C100512,60,96.21,one-year,0,credit_card,no,0
C100513,58,89.82,month-to-month,3,electronic_check,no,1
C100514,69,47.86,month-to-month,0,bank_transfer,no,0
C100515,8,90.89,month-to-month,1,bank_transfer,no,1
C100516,63,114.81,one-year,1,credit_card,no,0
C100517,5,29.16,one-year,1,credit_card,no,1
C100518,34,52.62,month-to-month,4,electronic_check,no,1
C100519,43,43.47,one-year,1,credit_card,yes,0
C100520,26,59.33,month-to-month,3,credit_card,no,1
C100521,11,94.23,month-to-month,4,bank_transfer,no,1
C100522,14,67.42,two-year,3,electronic_check,no,1
C100523,59,77.07,month-to-month,3,bank_transfer,yes,1
C100524,23,51.42,month-to-month,2,credit_card,no,1
C100525,23,34.13,month-to-month,2,credit_card,no,1
C100526,66,46.69,month-to-month,1,electronic_check,no,0
C100527,11,105.97,one-year,3,credit_card,no,1
C100528,65,80.24,two-year,0,bank_transfer,no,0
C100529,66,57.8,one-year,1,electronic_check,no,0
C100530,43,98.99,one-year,1,bank_transfer,no,0
C100531,12,26.45,month-to-month,1,credit_card,no,0
C100532,12,45.39,one-year,2,electronic_check,no,1
C100533,21,43.01,month-to-month,1,electronic_check,no,1
C100534,41,,month-to-month,3,bank_transfer,no,1
C100535,11,90.61,two-year,2,electronic_check,no,1
C100536,33,81.78,month-to-month,1,electronic_check,no,1
C100537,9,20.5,month-to-month,3,electronic_check,no,1
C100538,39,38.43,month-to-month,0,bank_transfer,no,0
C100539,2,83.55,two-year,3,credit_card,no,1
C100540,51,57.97,month-to-month,0,electronic_check,no,1
C100541,4,112.43,month-to-month,3,electronic_check,no,1
C100542,14,96.47,two-year,1,electronic_check,no,1
C100543,13,64.74,month-to-month,1,bank_transfer,no,1
C100544,60,94.95,two-year,1,electronic_check,no,0
C100545,4,117.54,month-to-month,1,credit_card,no,1
C100546,31,66.1,one-year,1,credit_card,no,0
C100547,42,84.25,two-year,2,bank_transfer,no,0
C100548,37,111.87,month-to-month,0,electronic_check,no,1
C100549,49,44.87,one-year,1,credit_card,no,0
C100550,58,108.66,month-to-month,1,credit_card,no,0
C100551,28,29.75,one-year,3,electronic_check,yes,1
C100552,59,84.84,two-year,3,bank_transfer,no,0
C100553,23,98.28,one-year,3,electronic_check,no,1
C100554,70,81.46,two-year,1,bank_transfer,no,0
C100555,36,69.55,one-year,2,bank_transfer,no,1
C100556,53,81.73,one-year,1,credit_card,no,0
C100557,63,35.17,month-to-month,1,electronic_check,no,0
C100558,57,41.56,one-year,3,credit_card,yes,0
C100559,61,46.99,two-year,2,bank_transfer,no,0
C100560,39,79.78,one-year,1,bank_transfer,no,0
C100561,4,64.19,month-to-month,3,electronic_check,yes,1
C100562,36,44.45,month-to-month,0,electronic_check,yes,1
C100563,13,108.28,one-year,1,electronic_check,no,1
C100564,64,57.39,two-year,1,credit_card,no,0
C100565,17,64.6,month-to-month,2,credit_card,no,1
C100566,17,60.97,month-to-month,1,electronic_check,no,1
C100567,18,38.19,month-to-month,2,electronic_check,no,1
C100568,46,93.16,month-to-month,2,bank_transfer,yes,1
C100569,41,64.85,two-year,2,electronic_check,no,0
C100570,68,21.63,month-to-month,0,credit_card,yes,0
C100571,30,116.4,month-to-month,0,bank_transfer,no,0
C100572,21,101.58,month-to-month,2,credit_card,no,1
C100573,4,92.36,month-to-month,2,electronic_check,no,1
C100574,1,106.91,two-year,3,electronic_check,no,1
C100575,27,110.68,month-to-month,0,credit_card,no,1
C100576,66,53.75,month-to-month,1,electronic_check,no,0
C100577,38,81.1,month-to-month,2,credit_card,yes,1
C100578,64,80.88,two-year,1,electronic_check,no,0
C100579,8,46.73,two-year,4,credit_card,no,1
C100580,7,42.2,month-to-month,0,electronic_check,no,1
C100581,60,31.39,one-year,4,bank_transfer,no,0
C100582,8,85.93,month-to-month,2,credit_card,no,1
C100583,4,98.09,one-year,1,credit_card,no,1
C100584,29,96.1,month-to-month,2,bank_transfer,no,1
C100585,66,51.63,two-year,1,credit_card,no,0
C100586,49,40.53,two-year,2,bank_transfer,yes,0
C100587,8,65.36,month-to-month,1,electronic_check,no,1
C100588,60,74.68,month-to-month,1,electronic_check,no,0
C100589,60,111.91,month-to-month,1,bank_transfer,yes,0
C100590,57,107.48,month-to-month,2,electronic_check,yes,1
C100591,65,111.61,month-to-month,1,electronic_check,no,0
C100592,18,105.03,month-to-month,3,bank_transfer,no,1
C100593,70,116.46,two-year,3,credit_card,no,0
C100594,23,66.55,month-to-month,2,electronic_check,no,1
C100595,57,24.75,two-year,3,credit_card,no,0
C100596,42,28.36,month-to-month,3,bank_transfer,no,1
C100597,56,59.03,month-to-month,3,electronic_check,no,1
C100598,45,45.77,month-to-month,1,bank_transfer,no,0
C100599,46,36.99,two-year,0,bank_transfer,yes,0
C100600,44,115.32,month-to-month,2,bank_transfer,no,1
C100601,56,39.54,month-to-month,6,bank_transfer,no,1
C100602,53,115.94,one-year,1,electronic_check,no,0
C100603,10,96.08,one-year,2,electronic_check,no,1
C100604,59,84.09,one-year,1,electronic_check,no,0
C100605,39,87.6,month-to-month,4,credit_card,no,1
C100606,23,53.15,month-to-month,1,credit_card,yes,1
C100607,37,84.64,two-year,2,bank_transfer,no,0
C100608,69,38.67,one-year,0,electronic_check,no,0
C100609,61,113.77,one-year,1,bank_transfer,no,0
C100610,60,50.18,month-to-month,1,credit_card,no,0
C100611,33,45.52,month-to-month,4,credit_card,yes,1
C100612,56,91.12,two-year,3,credit_card,no,0
C100613,28,85.64,one-year,0,electronic_check,no,0
C100614,49,65.13,month-to-month,2,electronic_check,no,1
C100615,46,83.24,two-year,1,bank_transfer,yes,0
C100616,18,35.95,one-year,1,bank_transfer,no,0
C100617,19,87.33,month-to-month,1,credit_card,no,1
C100618,5,47.06,month-to-month,1,electronic_check,no,1
C100619,10,47.28,one-year,1,bank_transfer,no,1
C100620,31,36.22,month-to-month,3,electronic_check,yes,1
C100621,34,53.24,one-year,0,bank_transfer,yes,0
C100622,12,53.13,one-year,6,bank_transfer,no,1
C100623,30,65.42,month-to-month,4,bank_transfer,no,1
C100624,43,,two-year,1,bank_transfer,no,0
C100625,17,39.3,month-to-month,2,electronic_check,no,1
C100626,25,74.17,month-to-month,2,bank_transfer,no,1
C100627,27,32.89,one-year,1,electronic_check,no,1
C100628,36,88.89,one-year,3,electronic_check,no,1
C100629,27,114.39,month-to-month,1,bank_transfer,no,1
C100630,53,62.68,one-year,2,credit_card,no,0
C100631,24,110.11,two-year,3,electronic_check,no,1
C100632,31,29.83,two-year,5,electronic_check,no,1
C100633,27,24.3,two-year,3,electronic_check,no,0
C100634,13,92.14,month-to-month,3,electronic_check,no,1
C100635,49,96.1,month-to-month,1,credit_card,no,0
C100636,17,104.31,one-year,1,electronic_check,no,1
C100637,22,25.68,month-to-month,0,credit_card,no,0
C100638,57,97.69,one-year,0,credit_card,no,0
C100639,68,57.65,month-to-month,0,credit_card,no,0
C100640,48,50.33,month-to-month,0,credit_card,no,0
C100641,66,37.3,month-to-month,2,credit_card,yes,1
C100642,61,119.6,month-to-month,4,credit_card,no,1
C100643,35,26.37,month-to-month,3,bank_transfer,no,1
C100644,55,102.7,one-year,1,bank_transfer,no,0
C100645,24,83.95,one-year,1,bank_transfer,no,0
C100646,33,93.51,month-to-month,2,credit_card,no,1
C100647,39,91.17,month-to-month,0,electronic_check,yes,1
C100648,69,105.84,two-year,1,credit_card,no,0
C100649,61,38.38,month-to-month,2,bank_transfer,yes,1
C100650,35,20.08,month-to-month,0,credit_card,no,0
C100651,47,79.85,month-to-month,1,credit_card,no,1
C100652,15,55.39,one-year,3,credit_card,no,1
C100653,58,32.38,two-year,0,electronic_check,no,0
C100654,40,38.61,one-year,2,credit_card,no,0
C100655,38,53.17,two-year,2,bank_transfer,no,0
C100656,55,27.02,two-year,1,bank_transfer,no,0
C100657,45,25.69,month-to-month,3,credit_card,yes,1
C100658,6,111.6,month-to-month,0,bank_transfer,no,1
C100659,21,51.21,month-to-month,3,credit_card,no,1
C100660,13,118.22,month-to-month,1,credit_card,no,1
C100661,53,116.44,one-year,1,electronic_check,no,1
C100662,3,34.26,month-to-month,1,bank_transfer,no,1
C100663,15,91.49,month-to-month,1,bank_transfer,no,1
C100664,43,80.08,month-to-month,1,credit_card,no,1
C100665,50,89.06,one-year,1,bank_transfer,no,1
C100666,36,29.62,one-year,2,electronic_check,no,0
C100667,62,38.86,two-year,2,electronic_check,no,0
C100668,66,27.66,month-to-month,5,credit_card,no,0
C100669,10,80.41,month-to-month,2,electronic_check,no,1
C100670,68,118.66,two-year,2,credit_card,yes,0
C100671,44,87.2,one-year,4,electronic_check,no,1
C100672,46,91.08,one-year,3,bank_transfer,no,1
C100673,7,118.46,month-to-month,2,electronic_check,no,1
C100674,45,87.8,month-to-month,3,bank_transfer,no,1
C100675,52,24.02,two-year,3,electronic_check,no,0
C100676,42,106.7,one-year,2,electronic_check,no,1
C100677,6,56.47,one-year,1,credit_card,no,0
C100678,38,20.44,month-to-month,4,electronic_check,no,1
C100679,67,70.72,month-to-month,2,bank_transfer,no,0
C100680,52,113.7,month-to-month,2,credit_card,no,1
C100681,10,45.73,one-year,1,bank_transfer,no,1
C100682,69,69.15,month-to-month,3,credit_card,no,0
C100683,69,37.38,month-to-month,1,bank_transfer,no,0
C100684,13,25.77,month-to-month,1,bank_transfer,no,1
C100685,57,28.05,two-year,2,bank_transfer,no,0
C100686,29,92.7,month-to-month,5,bank_transfer,no,1
C100687,43,106.41,month-to-month,2,bank_transfer,yes,1
C100688,32,34.33,one-year,5,electronic_check,no,0
C100689,56,48.83,two-year,2,bank_transfer,no,0
C100690,71,39.5,one-year,0,credit_card,no,0
C100691,57,22.69,two-year,2,bank_transfer,no,0
C100692,67,75.34,month-to-month,1,electronic_check,no,1
C100693,68,89.99,two-year,2,bank_transfer,no,0
C100694,7,84.79,two-year,1,credit_card,no,1
C100695,18,58.81,month-to-month,1,electronic_check,yes,1
C100696,52,75.5,one-year,4,bank_transfer,no,1
C100697,42,29.41,month-to-month,2,bank_transfer,no,1
C100698,4,35.43,month-to-month,1,credit_card,no,1
C100699,7,113.18,month-to-month,1,electronic_check,no,1
C100700,37,96.15,month-to-month,0,credit_card,no,0
C100701,44,112.27,two-year,3,bank_transfer,no,0
C100702,12,111.67,month-to-month,0,bank_transfer,no,1
C100703,13,84.94,one-year,0,bank_transfer,no,0
C100704,10,112.82,month-to-month,0,credit_card,no,1
C100705,41,61.67,month-to-month,1,electronic_check,no,1
C100706,1,20.36,month-to-month,1,bank_transfer,no,0
C100707,41,26.26,month-to-month,2,electronic_check,no,1
C100708,34,30.95,one-year,2,electronic_check,no,0
C100709,34,29.54,two-year,1,electronic_check,no,0
C100710,49,55.17,month-to-month,2,bank_transfer,yes,1
C100711,38,90.13,two-year,1,electronic_check,no,0
C100712,52,99.06,one-year,3,bank_transfer,yes,1
C100713,55,79.02,one-year,0,bank_transfer,yes,0
C100714,66,34.64,month-to-month,4,bank_transfer,no,0
C100715,57,94.79,month-to-month,5,electronic_check,no,1
C100716,37,55.48,two-year,2,credit_card,no,0
C100717,35,21.3,one-year,2,electronic_check,no,0
C100718,17,48.06,month-to-month,0,credit_card,no,0
C100719,43,53.06,two-year,3,electronic_check,no,0
C100720,10,47.42,month-to-month,1,credit_card,no,0
C100721,67,101.19,one-year,1,electronic_check,no,0
C100722,60,95.99,month-to-month,2,electronic_check,no,0
C100723,9,89.56,two-year,3,electronic_check,no,1
C100724,56,33.9,month-to-month,1,electronic_check,no,1
C100725,9,100.78,month-to-month,3,bank_transfer,no,1
C100726,52,87.72,one-year,2,electronic_check,no,1
C100727,7,39.48,month-to-month,2,bank_transfer,yes,1
C100728,35,84.81,two-year,1,credit_card,no,0
C100729,47,68.35,one-year,0,bank_transfer,no,0
C100730,52,63.94,month-to-month,3,credit_card,no,0
C100731,30,31.21,month-to-month,3,bank_transfer,no,0
C100732,66,71.83,two-year,3,credit_card,no,0
C100733,55,29.99,one-year,2,credit_card,no,0
C100734,15,36.43,two-year,0,electronic_check,no,0
C100735,48,33.25,month-to-month,1,electronic_check,no,0
C100736,52,115.41,two-year,1,bank_transfer,yes,0
C100737,24,48.49,month-to-month,0,bank_transfer,yes,1
C100738,53,55.52,one-year,0,bank_transfer,no,0
C100739,64,52.21,month-to-month,0,bank_transfer,no,0
C100740,59,109.83,month-to-month,0,electronic_check,no,1
C100741,55,76.3,two-year,2,credit_card,no,0
C100742,46,111.92,two-year,2,bank_transfer,no,1
C100743,20,49.99,month-to-month,1,credit_card,no,0
C100744,57,31.48,two-year,1,electronic_check,no,0
C100745,26,75.62,month-to-month,0,bank_transfer,no,1
C100746,38,54.55,month-to-month,3,electronic_check,no,1
C100747,23,100.19,month-to-month,2,bank_transfer,yes,1
C100748,23,107.94,month-to-month,2,credit_card,no,1
C100749,12,67.26,month-to-month,1,credit_card,yes,1
C100750,69,117.14,month-to-month,1,electronic_check,no,0
C100751,11,75.3,month-to-month,0,credit_card,no,1
C100752,7,47.09,one-year,2,electronic_check,no,1
C100753,67,68.9,two-year,6,bank_transfer,no,1
C100754,40,23.73,one-year,1,credit_card,yes,0
C100755,32,100.4,month-to-month,0,credit_card,no,1
C100756,53,30.14,one-year,1,electronic_check,no,0
C100757,28,50.87,month-to-month,3,credit_card,no,1
C100758,10,76.53,one-year,2,credit_card,no,0
C100759,52,24.3,one-year,0,electronic_check,no,0
C100760,13,27.93,month-to-month,2,bank_transfer,no,1
C100761,40,89.61,month-to-month,1,electronic_check,yes,1
C100762,68,27.18,two-year,2,credit_card,no,0
C100763,67,67.71,two-year,2,electronic_check,no,0
C100764,26,53.87,one-year,1,credit_card,no,0
C100765,56,42.81,two-year,0,credit_card,no,0
C100766,44,38.88,two-year,1,credit_card,no,0
C100767,35,96.34,month-to-month,2,credit_card,no,1
C100768,10,115.15,one-year,3,bank_transfer,yes,1
C100769,27,34.02,month-to-month,2,credit_card,no,1
C100770,47,115.97,month-to-month,0,bank_transfer,no,0
C100771,71,79.48,month-to-month,0,bank_transfer,no,0
C100772,1,84.17,two-year,1,electronic_check,no,1
C100773,51,90.99,one-year,3,credit_card,no,0
C100774,61,90.41,month-to-month,0,credit_card,no,0
C100775,68,101.98,month-to-month,2,credit_card,no,0
C100776,31,,month-to-month,1,bank_transfer,no,1
C100777,9,73.34,one-year,1,bank_transfer,no,1
C100778,20,52.38,two-year,0,credit_card,no,0
C100779,61,30.53,month-to-month,2,bank_transfer,no,0
C100780,63,86.46,month-to-month,3,bank_transfer,no,0
C100781,46,23.36,one-year,1,bank_transfer,no,0
C100782,9,47.56,month-to-month,2,bank_transfer,no,1
C100783,9,29.42,month-to-month,0,bank_transfer,no,1
C100784,34,39.07,month-to-month,1,electronic_check,yes,1
C100785,42,83.87,month-to-month,0,electronic_check,no,1
C100786,3,82.85,month-to-month,1,electronic_check,no,1
C100787,49,62.11,two-year,3,bank_transfer,no,0
C100788,39,29.02,month-to-month,2,credit_card,no,1
C100789,1,63.34,month-to-month,2,credit_card,no,1
C100790,7,55.27,one-year,1,bank_transfer,yes,1
C100791,33,92.05,two-year,1,bank_transfer,no,0
C100792,52,77.9,month-to-month,3,bank_transfer,yes,1
C100793,59,69.16,month-to-month,2,credit_card,no,0
C100794,31,68.7,one-year,0,electronic_check,no,0
C100795,21,116.63,month-to-month,2,credit_card,no,1
C100796,69,95.63,one-year,0,bank_transfer,no,0
C100797,33,69.7,month-to-month,0,bank_transfer,no,0
C100798,23,67.92,month-to-month,0,bank_transfer,no,0
C100799,32,22.65,month-to-month,2,credit_card,no,0
C100800,1,114.25,one-year,1,bank_transfer,yes,1
C100801,22,51.92,month-to-month,3,credit_card,no,1
C100802,37,45.59,month-to-month,1,electronic_check,yes,1
C100803,66,119.94,month-to-month,1,electronic_check,yes,0
C100804,53,91.87,one-year,2,electronic_check,no,0
C100805,56,24.74,month-to-month,4,electronic_check,no,1
C100806,39,26.19,one-year,2,electronic_check,no,0
C100807,8,22.55,one-year,2,credit_card,no,0
C100808,28,79.96,month-to-month,4,electronic_check,no,1
C100809,71,27.16,two-year,1,bank_transfer,yes,0
C100810,4,113.34,two-year,5,credit_card,no,1
C100811,63,113.69,month-to-month,2,electronic_check,no,1
C100812,49,74.61,month-to-month,0,electronic_check,no,0
C100813,21,81.66,month-to-month,0,credit_card,no,0
C100814,56,49.19,month-to-month,1,electronic_check,no,0
C100815,60,26.4,month-to-month,1,electronic_check,no,0
C100816,4,93.75,two-year,5,bank_transfer,no,1
C100817,8,30.18,two-year,0,credit_card,no,0
C100818,48,28.56,month-to-month,0,electronic_check,no,0
C100819,71,51.12,month-to-month,0,electronic_check,no,0
C100820,2,21.25,month-to-month,1,credit_card,no,0
C100821,48,63.4,month-to-month,2,credit_card,no,0
C100822,10,90.77,month-to-month,7,credit_card,no,1
C100823,47,100.13,two-year,2,credit_card,no,0
C100824,45,80.43,two-year,0,bank_transfer,no,0
C100825,7,104.69,month-to-month,0,electronic_check,no,1
C100826,49,60.65,one-year,1,electronic_check,no,0
C100827,64,104.88,one-year,2,electronic_check,no,0
C100828,62,70.65,two-year,1,credit_card,no,0
C100829,3,42.3,month-to-month,1,credit_card,no,1
C100830,18,114.41,month-to-month,1,credit_card,no,1
C100831,18,47.5,one-year,5,electronic_check,no,1
C100832,33,22.62,month-to-month,0,credit_card,yes,0
C100833,11,44.27,one-year,3,electronic_check,no,1
C100834,61,56.67,month-to-month,1,bank_transfer,no,0
C100835,56,55.13,one-year,1,bank_transfer,no,0
C100836,58,72.47,two-year,1,electronic_check,no,0
C100837,15,108.31,month-to-month,0,credit_card,no,1
C100838,2,49.23,month-to-month,1,bank_transfer,no,1
C100839,65,72.08,one-year,1,credit_card,no,0
C100840,21,54.01,month-to-month,2,credit_card,no,1
C100841,47,102.18,one-year,1,electronic_check,no,0
C100842,65,35.76,one-year,4,bank_transfer,yes,0
C100843,3,30.35,month-to-month,1,credit_card,no,1
C100844,1,70.3,two-year,1,credit_card,no,0
C100845,1,87.19,month-to-month,1,credit_card,no,1
C100846,12,99.55,one-year,5,electronic_check,no,1
C100847,4,78.96,month-to-month,1,credit_card,no,1
C100848,59,97.38,month-to-month,3,electronic_check,no,1
C100849,44,59.27,month-to-month,1,credit_card,no,0
C100850,70,23.29,two-year,2,bank_transfer,no,0
C100851,57,31.61,two-year,2,bank_transfer,no,0
C100852,69,23.87,two-year,0,credit_card,no,0
C100853,17,52.89,month-to-month,5,bank_transfer,no,1
C100854,21,69.55,month-to-month,3,credit_card,no,1
C100855,61,55.63,one-year,0,credit_card,no,0
C100856,18,76.06,one-year,0,credit_card,no,0
C100857,5,68.06,month-to-month,2,credit_card,no,1
C100858,48,87.79,two-year,3,electronic_check,yes,0
C100859,57,86.7,month-to-month,4,credit_card,no,1
C100860,69,51.81,month-to-month,0,bank_transfer,no,0
C100861,66,54.62,two-year,2,credit_card,yes,0
C100862,9,78.51,month-to-month,3,credit_card,no,1
C100863,55,79.64,month-to-month,2,credit_card,yes,0
C100864,61,,one-year,0,bank_transfer,no,0
C100865,50,53.03,two-year,2,electronic_check,no,0
C100866,59,89.4,month-to-month,1,bank_transfer,no,1
C100867,60,84.74,one-year,2,credit_card,no,0
C100868,32,33.51,month-to-month,0,credit_card,no,0
C100869,3,64.1,month-to-month,1,credit_card,no,0
C100870,33,109.27,month-to-month,1,credit_card,no,1
C100871,15,23.63,month-to-month,0,bank_transfer,no,1
C100872,9,105.52,month-to-month,1,bank_transfer,no,1
C100873,9,36.32,month-to-month,3,electronic_check,no,1
C100874,50,70.72,one-year,2,credit_card,no,0
C100875,36,62.43,one-year,5,electronic_check,no,1
C100876,39,21.01,one-year,1,credit_card,no,0
C100877,53,111.54,two-year,4,electronic_check,no,0
C100878,39,65.49,month-to-month,1,electronic_check,no,0
C100879,45,115.43,month-to-month,2,credit_card,no,1
C100880,7,48.67,month-to-month,2,credit_card,yes,1
C100881,61,106.63,one-year,3,credit_card,no,0
C100882,32,112.24,month-to-month,0,electronic_check,no,1
C100883,12,75.68,month-to-month,0,credit_card,yes,1
C100884,58,40.27,month-to-month,1,credit_card,no,0
C100885,53,,month-to-month,2,credit_card,no,0
C100886,4,74.9,two-year,2,credit_card,no,0
C100887,14,114.45,one-year,1,electronic_check,no,1
C100888,2,63.93,month-to-month,2,credit_card,no,1
C100889,20,46.85,one-year,2,bank_transfer,no,0
C100890,8,33.83,one-year,2,bank_transfer,no,0
C100891,51,89.86,month-to-month,2,electronic_check,no,1
C100892,38,117.41,month-to-month,3,electronic_check,yes,1
C100893,70,22.83,one-year,0,electronic_check,no,0
C100894,54,94.04,month-to-month,2,bank_transfer,no,1
C100895,44,112.69,month-to-month,2,electronic_check,no,1
C100896,37,27.48,month-to-month,3,credit_card,no,0
C100897,4,31.02,one-year,3,bank_transfer,no,1
C100898,5,89.2,two-year,3,electronic_check,no,1
C100899,44,84.8,one-year,1,electronic_check,no,0
C100900,1,26.88,month-to-month,3,credit_card,yes,1
C100901,4,103.44,month-to-month,1,bank_transfer,no,1
C100902,16,72.34,one-year,1,electronic_check,no,1
C100903,63,110.72,two-year,2,credit_card,no,0
C100904,33,107.8,two-year,0,bank_transfer,no,0
C100905,51,101.25,two-year,1,bank_transfer,no,0
C100906,30,71.59,month-to-month,1,credit_card,no,0
C100907,13,45.17,one-year,1,electronic_check,no,1
C100908,27,70.6,two-year,2,bank_transfer,yes,0
C100909,7,30.08,one-year,1,electronic_check,no,1
C100910,55,85.88,one-year,1,bank_transfer,no,0
C100911,14,33.4,month-to-month,1,bank_transfer,no,1
C100912,27,71.12,one-year,2,electronic_check,no,1
C100913,70,25.44,month-to-month,1,electronic_check,no,0
C100914,43,49.95,month-to-month,3,bank_transfer,no,1
C100915,33,43.21,two-year,5,bank_transfer,yes,1
C100916,39,82.0,two-year,2,electronic_check,no,0
C100917,56,98.68,two-year,2,electronic_check,no,1
C100918,19,25.73,month-to-month,1,electronic_check,no,1
C100919,46,105.03,month-to-month,0,credit_card,yes,0
C100920,62,106.08,month-to-month,3,credit_card,no,0
C100921,41,54.23,two-year,1,credit_card,no,0
C100922,32,85.9,one-year,2,bank_transfer,no,1
C100923,11,60.26,two-year,0,credit_card,yes,0
C100924,18,35.42,month-to-month,0,electronic_check,no,1
C100925,68,72.87,one-year,3,electronic_check,no,0
C100926,39,28.64,one-year,1,credit_card,no,0
C100927,22,107.85,month-to-month,1,electronic_check,no,1
C100928,30,112.43,two-year,4,bank_transfer,no,1
C100929,42,102.16,one-year,2,credit_card,no,1
C100930,39,,month-to-month,2,credit_card,no,1
C100931,50,75.76,month-to-month,2,credit_card,no,0
C100932,19,118.46,two-year,1,bank_transfer,no,0
C100933,47,44.79,one-year,0,credit_card,no,0
C100934,32,27.59,one-year,0,credit_card,no,0
C100935,67,76.19,one-year,1,electronic_check,no,0
C100936,12,52.88,month-to-month,1,bank_transfer,no,1
C100937,11,52.23,one-year,0,bank_transfer,no,0
C100938,33,20.71,two-year,0,credit_card,yes,0
C100939,37,79.62,month-to-month,1,bank_transfer,no,0
C100940,50,46.4,one-year,0,bank_transfer,yes,0
C100941,29,,month-to-month,3,credit_card,no,1
C100942,65,24.04,month-to-month,3,bank_transfer,no,0
C100943,34,56.44,month-to-month,1,credit_card,no,0
C100944,10,107.9,two-year,1,electronic_check,yes,1
C100945,9,53.67,month-to-month,1,electronic_check,no,1
C100946,70,87.91,month-to-month,0,electronic_check,yes,0
C100947,10,95.65,one-year,0,bank_transfer,no,0
C100948,68,52.81,month-to-month,1,electronic_check,no,0
C100949,20,102.16,one-year,1,credit_card,no,1
C100950,7,89.19,two-year,4,electronic_check,yes,1
C100951,22,75.92,month-to-month,3,credit_card,no,1
C100952,44,20.1,month-to-month,1,credit_card,no,1
C100953,31,23.51,two-year,1,credit_card,no,1
C100954,56,119.09,month-to-month,0,bank_transfer,no,0
C100955,44,98.23,month-to-month,4,credit_card,yes,1
C100956,29,113.76,two-year,2,credit_card,no,0
C100957,46,110.23,two-year,0,credit_card,no,0
C100958,69,22.04,one-year,3,credit_card,no,0
C100959,30,99.18,one-year,0,electronic_check,no,1
C100960,11,65.11,two-year,0,credit_card,no,0
C100961,30,98.96,one-year,2,credit_card,no,1
C100962,60,20.67,one-year,0,credit_card,no,0
C100963,16,48.82,two-year,1,bank_transfer,no,1
C100964,68,95.13,one-year,2,electronic_check,no,1
C100965,42,99.3,month-to-month,2,bank_transfer,no,1
C100966,43,81.97,month-to-month,2,credit_card,no,1
C100967,23,50.13,month-to-month,0,credit_card,no,0
C100968,66,51.04,month-to-month,0,electronic_check,yes,0
C100969,3,116.68,month-to-month,1,bank_transfer,no,1
C100970,22,63.92,month-to-month,2,bank_transfer,no,1
C100971,30,64.71,two-year,2,electronic_check,no,1
C100972,34,75.23,month-to-month,0,electronic_check,yes,1
C100973,34,60.95,month-to-month,3,credit_card,no,1
C100974,11,75.27,month-to-month,1,electronic_check,no,1
C100975,17,63.23,month-to-month,0,electronic_check,no,1
C100976,7,102.67,one-year,1,electronic_check,no,0
C100977,41,110.91,month-to-month,1,credit_card,no,0
C100978,25,113.21,month-to-month,1,electronic_check,no,1
C100979,41,76.43,two-year,1,credit_card,no,0
C100980,42,64.21,month-to-month,3,bank_transfer,no,1
C100981,50,90.52,month-to-month,2,credit_card,no,0
C100982,39,103.83,two-year,2,bank_transfer,no,0
C100983,47,76.3,one-year,3,electronic_check,no,1
C100984,42,90.0,one-year,2,bank_transfer,no,1
C100985,47,94.97,two-year,2,bank_transfer,no,0
C100986,44,87.64,two-year,1,credit_card,yes,0
C100987,23,94.61,month-to-month,0,electronic_check,yes,1
C100988,18,40.86,one-year,4,electronic_check,no,1
C100989,56,69.84,one-year,4,credit_card,no,0
C100990,25,78.83,month-to-month,1,credit_card,no,1
C100991,39,20.25,two-year,2,bank_transfer,no,0
C100992,14,105.6,month-to-month,2,bank_transfer,no,1
C100993,31,81.0,two-year,6,credit_card,no,1
C100994,38,32.91,one-year,3,credit_card,no,0
C100995,45,101.64,month-to-month,0,credit_card,no,0
C100996,38,91.71,month-to-month,3,electronic_check,no,1
C100997,26,95.83,two-year,0,bank_transfer,yes,0
C100998,69,59.2,one-year,2,credit_card,no,0
C100999,37,105.42,month-to-month,0,credit_card,no,1
C101000,58,61.4,month-to-month,2,electronic_check,no,1
C101001,53,77.05,one-year,0,bank_transfer,no,0
C101002,40,20.06,month-to-month,2,bank_transfer,no,0
C101003,63,84.49,one-year,1,bank_transfer,no,0
C101004,10,91.82,one-year,2,credit_card,no,1
C101005,66,76.71,month-to-month,2,electronic_check,no,1
C101006,61,69.66,one-year,1,credit_card,no,0
C101007,36,100.99,month-to-month,3,electronic_check,no,1
C101008,53,88.14,two-year,3,bank_transfer,no,1
C101009,37,47.81,two-year,2,credit_card,yes,0
C101010,20,115.91,month-to-month,2,bank_transfer,no,1
C101011,57,90.73,month-to-month,0,credit_card,no,0
C101012,18,118.79,month-to-month,1,electronic_check,no,1
C101013,23,117.13,two-year,1,bank_transfer,no,0
C101014,37,111.89,month-to-month,2,electronic_check,yes,1
C101015,60,95.54,one-year,1,credit_card,no,0
C101016,28,80.94,two-year,3,bank_transfer,no,1
C101017,36,37.22,month-to-month,2,credit_card,yes,0
C101018,3,74.34,one-year,3,credit_card,no,1
C101019,9,96.54,month-to-month,5,bank_transfer,no,1
C101020,4,72.09,one-year,2,credit_card,no,1
C101021,6,106.82,month-to-month,0,bank_transfer,no,1
C101022,62,30.97,two-year,3,credit_card,no,0
C101023,60,58.09,month-to-month,0,bank_transfer,no,0
C101024,59,70.6,month-to-month,1,credit_card,no,0
C101025,4,63.23,two-year,1,credit_card,no,0
C101026,6,30.86,two-year,2,bank_transfer,no,0
C101027,20,35.35,one-year,3,credit_card,no,1
C101028,41,103.76,one-year,1,electronic_check,no,0
C101029,24,68.44,month-to-month,2,credit_card,no,1
C101030,35,24.87,one-year,1,bank_transfer,no,0
C101031,13,21.65,month-to-month,1,credit_card,no,0
C101032,52,67.35,month-to-month,1,electronic_check,no,1
C101033,23,36.44,two-year,1,electronic_check,no,0
C101034,5,90.51,one-year,4,credit_card,no,1
C101035,53,99.53,month-to-month,1,credit_card,no,1
C101036,65,42.83,month-to-month,2,credit_card,no,0
C101037,2,79.22,two-year,0,credit_card,no,0
C101038,32,35.44,month-to-month,2,credit_card,no,1
C101039,59,50.36,month-to-month,1,electronic_check,no,1
C101040,51,108.88,month-to-month,1,bank_transfer,no,1
C101041,61,74.41,month-to-month,3,bank_transfer,no,1
C101042,30,108.59,month-to-month,1,credit_card,no,1
C101043,27,42.52,two-year,2,credit_card,no,0
C101044,51,53.0,month-to-month,1,bank_transfer,no,0
C101045,11,67.1,month-to-month,0,electronic_check,no,1
C101046,17,68.01,one-year,2,bank_transfer,yes,1
C101047,43,119.76,one-year,1,bank_transfer,no,0
C101048,48,31.44,one-year,0,credit_card,no,0
C101049,9,105.2,one-year,2,electronic_check,yes,1
C101050,37,106.37,one-year,3,electronic_check,no,1
C101051,26,75.32,one-year,0,electronic_check,no,0
C101052,36,54.4,one-year,1,electronic_check,no,0
C101053,69,71.92,one-year,2,electronic_check,no,0
C101054,6,49.25,one-year,0,credit_card,no,0
C101055,71,99.91,month-to-month,1,credit_card,no,0
C101056,32,69.83,one-year,0,credit_card,yes,0
C101057,55,112.58,one-year,4,bank_transfer,no,0
C101058,31,82.27,month-to-month,2,bank_transfer,no,1
C101059,23,71.43,two-year,2,credit_card,no,0
C101060,55,91.11,month-to-month,1,electronic_check,no,1
C101061,49,70.39,month-to-month,0,bank_transfer,no,1
C101062,11,110.45,two-year,0,bank_transfer,no,0
C101063,51,38.44,month-to-month,1,electronic_check,yes,1
C101064,54,117.33,month-to-month,1,bank_transfer,no,0
C101065,28,101.22,month-to-month,0,credit_card,no,1
C101066,66,106.07,two-year,0,electronic_check,no,0
C101067,46,68.29,month-to-month,1,electronic_check,no,1
C101068,24,103.72,one-year,2,credit_card,no,0
C101069,1,50.68,one-year,2,bank_transfer,yes,1
C101070,48,96.19,one-year,2,bank_transfer,no,0
C101071,15,34.05,two-year,1,credit_card,no,0
C101072,54,50.71,two-year,3,credit_card,no,0
C101073,38,64.57,month-to-month,2,electronic_check,no,1
C101074,34,52.23,two-year,1,bank_transfer,no,0
C101075,12,58.7,month-to-month,0,bank_transfer,no,1
C101076,51,102.01,month-to-month,0,electronic_check,no,1
C101077,12,45.67,month-to-month,1,bank_transfer,no,1
C101078,30,94.53,one-year,1,electronic_check,no,1
C101079,60,27.37,month-to-month,2,bank_transfer,no,1
C101080,66,96.57,one-year,0,electronic_check,no,0
C101081,71,99.2,month-to-month,1,credit_card,no,0
C101082,69,60.17,month-to-month,2,electronic_check,no,0
C101083,40,92.25,month-to-month,0,credit_card,no,1
C101084,15,111.51,two-year,3,electronic_check,yes,1
C101085,60,100.07,month-to-month,2,bank_transfer,yes,1
C101086,57,59.04,month-to-month,2,bank_transfer,no,1
C101087,71,68.42,month-to-month,1,electronic_check,no,0
C101088,47,97.94,month-to-month,1,bank_transfer,no,1
C101089,11,49.26,one-year,1,electronic_check,no,1
C101090,36,100.39,month-to-month,2,electronic_check,yes,1
C101091,32,52.81,month-to-month,1,electronic_check,no,1
C101092,60,100.6,two-year,2,credit_card,no,0
C101093,28,28.68,month-to-month,3,electronic_check,no,0
C101094,24,24.44,month-to-month,1,bank_transfer,no,0
C101095,6,119.77,one-year,4,credit_card,no,1
C101096,60,106.95,one-year,2,electronic_check,no,1
C101097,54,108.28,one-year,4,electronic_check,no,1
C101098,3,115.13,month-to-month,1,electronic_check,no,1
C101099,31,63.83,month-to-month,1,electronic_check,yes,1
C101100,35,48.68,month-to-month,1,bank_transfer,no,0
C101101,34,33.0,month-to-month,0,bank_transfer,yes,1
C101102,66,70.12,month-to-month,0,credit_card,no,0
C101103,11,42.0,two-year,1,bank_transfer,no,0
C101104,22,113.56,one-year,0,credit_card,no,0
C101105,13,20.4,month-to-month,0,electronic_check,no,1
C101106,18,34.32,month-to-month,2,electronic_check,no,1
C101107,65,44.65,one-year,1,electronic_check,no,0
C101108,67,39.9,month-to-month,0,bank_transfer,no,0
C101109,4,42.58,month-to-month,1,electronic_check,no,1
C101110,45,85.6,month-to-month,0,credit_card,no,0
C101111,17,52.75,one-year,0,bank_transfer,no,0
C101112,14,81.5,one-year,2,electronic_check,no,0
C101113,21,109.03,month-to-month,3,electronic_check,no,1
C101114,14,80.26,month-to-month,4,electronic_check,no,1
C101115,35,89.45,one-year,2,bank_transfer,no,1
C101116,71,56.55,one-year,0,credit_card,yes,0
C101117,42,35.97,one-year,1,electronic_check,no,0
C101118,52,52.06,month-to-month,3,bank_transfer,no,0
C101119,36,116.43,one-year,3,bank_transfer,no,1
C101120,1,82.18,two-year,0,credit_card,no,0
C101121,6,47.75,one-year,0,electronic_check,no,0
C101122,20,65.09,month-to-month,0,credit_card,no,0
C101123,18,103.55,one-year,1,electronic_check,yes,1
C101124,60,86.84,month-to-month,0,electronic_check,no,0
C101125,60,76.07,month-to-month,1,credit_card,no,0
C101126,61,108.52,month-to-month,0,bank_transfer,no,0
C101127,46,87.24,two-year,3,electronic_check,no,0
C101128,40,84.27,month-to-month,1,bank_transfer,yes,1
C101129,47,38.98,two-year,3,electronic_check,no,0
C101130,29,30.64,month-to-month,2,bank_transfer,no,1
C101131,48,116.51,month-to-month,1,credit_card,yes,0
C101132,57,79.89,month-to-month,2,credit_card,no,0
C101133,55,61.57,one-year,0,credit_card,no,0
C101134,44,78.9,month-to-month,2,bank_transfer,yes,1
C101135,5,26.18,month-to-month,0,electronic_check,no,0
C101136,52,102.21,month-to-month,1,credit_card,no,0
C101137,27,41.66,month-to-month,2,credit_card,no,0
C101138,53,100.45,month-to-month,1,bank_transfer,yes,1
C101139,39,73.44,month-to-month,0,credit_card,yes,0
C101140,63,47.66,month-to-month,1,bank_transfer,no,0
C101141,25,23.02,two-year,2,bank_transfer,no,0
C101142,67,101.58,month-to-month,2,credit_card,no,1
C101143,60,37.65,month-to-month,2,credit_card,no,0
C101144,24,25.18,month-to-month,1,credit_card,yes,0
C101145,35,95.59,month-to-month,1,bank_transfer,yes,1
C101146,38,55.0,one-year,3,credit_card,no,1
C101147,55,58.93,month-to-month,1,electronic_check,no,1
C101148,49,44.71,month-to-month,1,credit_card,no,0
C101149,61,105.92,one-year,2,credit_card,no,0
C101150,27,49.73,month-to-month,5,bank_transfer,no,1
C101151,36,41.02,two-year,1,bank_transfer,no,0
C101152,31,50.92,two-year,1,electronic_check,no,0
C101153,65,40.31,month-to-month,3,credit_card,no,1
C101154,22,51.77,month-to-month,1,electronic_check,no,1
C101155,42,28.29,month-to-month,2,electronic_check,no,1
C101156,9,35.85,month-to-month,2,bank_transfer,no,0
C101157,61,61.71,month-to-month,0,bank_transfer,yes,0
C101158,28,107.95,one-year,1,bank_transfer,no,1
C101159,25,25.73,month-to-month,0,electronic_check,no,1
C101160,42,41.27,month-to-month,1,credit_card,no,0
C101161,36,110.83,month-to-month,1,electronic_check,no,1
C101162,61,109.0,two-year,2,credit_card,no,0
C101163,38,87.95,two-year,2,electronic_check,no,0
C101164,37,44.05,month-to-month,2,credit_card,no,0
C101165,8,61.98,one-year,1,bank_transfer,no,0
C101166,2,41.12,month-to-month,3,bank_transfer,no,1
C101167,29,32.86,one-year,0,bank_transfer,yes,0
C101168,71,58.0,one-year,1,bank_transfer,no,0
C101169,66,77.58,two-year,4,credit_card,no,0
C101170,45,55.99,month-to-month,0,electronic_check,yes,0
C101171,45,81.08,month-to-month,2,bank_transfer,no,1
C101172,28,49.63,two-year,0,bank_transfer,yes,0
C101173,13,54.59,month-to-month,1,bank_transfer,no,1
C101174,1,99.07,month-to-month,1,bank_transfer,no,1
C101175,25,107.83,one-year,1,bank_transfer,no,1
C101176,23,52.2,one-year,2,bank_transfer,yes,1
C101177,14,77.15,one-year,5,credit_card,no,1
C101178,19,47.82,one-year,1,credit_card,yes,0
C101179,2,25.33,one-year,3,bank_transfer,no,1
C101180,44,93.79,month-to-month,2,credit_card,no,1
C101181,66,37.1,one-year,2,bank_transfer,no,0
C101182,50,62.57,one-year,2,bank_transfer,no,1
C101183,32,68.7,two-year,1,bank_transfer,no,0
C101184,30,38.45,month-to-month,1,credit_card,no,1
C101185,22,29.46,month-to-month,0,bank_transfer,yes,0
C101186,11,54.8,one-year,3,electronic_check,no,1
C101187,43,115.23,month-to-month,2,bank_transfer,yes,1
C101188,41,81.51,month-to-month,1,credit_card,yes,0
C101189,1,58.14,two-year,1,bank_transfer,no,0
C101190,30,23.89,month-to-month,1,bank_transfer,no,1
C101191,20,80.03,month-to-month,0,bank_transfer,yes,1
C101192,13,29.23,month-to-month,0,bank_transfer,no,1
C101193,50,74.25,month-to-month,0,electronic_check,no,1
C101194,38,95.2,one-year,3,bank_transfer,no,1
C101195,45,62.36,month-to-month,1,electronic_check,no,0
C101196,51,49.94,month-to-month,1,credit_card,no,1
C101197,70,24.74,month-to-month,1,credit_card,no,0
C101198,57,22.48,month-to-month,0,bank_transfer,no,0
C101199,45,63.0,month-to-month,1,credit_card,no,1
C101200,63,108.33,month-to-month,0,electronic_check,no,1
C101201,34,44.41,month-to-month,1,electronic_check,no,1
C101202,70,77.41,month-to-month,1,bank_transfer,no,0
C101203,55,88.43,month-to-month,2,electronic_check,yes,1
C101204,47,26.08,month-to-month,2,electronic_check,no,0
C101205,65,35.31,month-to-month,2,credit_card,no,0
C101206,37,53.13,month-to-month,1,bank_transfer,no,1
C101207,52,87.01,month-to-month,4,bank_transfer,no,1
C101208,21,63.9,month-to-month,3,electronic_check,no,1
C101209,69,93.42,month-to-month,1,credit_card,no,0
C101210,45,106.76,one-year,3,credit_card,no,0
C101211,56,95.84,month-to-month,1,electronic_check,yes,0
C101212,33,119.22,one-year,1,electronic_check,yes,1
C101213,62,95.44,one-year,1,credit_card,no,0
C101214,6,105.22,month-to-month,2,bank_transfer,no,1
C101215,9,103.24,month-to-month,2,electronic_check,no,1
C101216,37,93.03,month-to-month,2,credit_card,no,1
C101217,53,100.18,month-to-month,2,bank_transfer,no,0
C101218,58,113.47,month-to-month,2,electronic_check,no,1
C101219,32,67.52,month-to-month,1,electronic_check,no,0
C101220,47,83.83,two-year,2,credit_card,no,0
C101221,40,71.49,month-to-month,1,electronic_check,no,1
C101222,69,105.1,one-year,2,bank_transfer,no,0
C101223,47,63.14,one-year,1,bank_transfer,no,0
C101224,30,101.97,month-to-month,3,credit_card,yes,1
C101225,69,99.94,two-year,3,electronic_check,no,0
C101226,8,116.19,two-year,1,credit_card,no,0
C101227,70,44.89,month-to-month,0,electronic_check,no,0
C101228,11,90.96,month-to-month,1,credit_card,no,0
C101229,21,95.69,month-to-month,5,electronic_check,no,1
C101230,59,113.63,month-to-month,1,credit_card,no,1
C101231,53,110.69,month-to-month,0,bank_transfer,no,1
C101232,69,77.35,month-to-month,2,credit_card,yes,0
C101233,54,77.92,month-to-month,2,credit_card,no,1
C101234,46,36.73,one-year,1,credit_card,no,0
C101235,25,117.5,month-to-month,2,electronic_check,yes,1
C101236,1,45.5,month-to-month,0,credit_card,no,1
C101237,9,92.47,month-to-month,1,credit_card,no,1
C101238,22,99.58,one-year,2,bank_transfer,no,1
C101239,3,64.12,one-year,1,electronic_check,no,1
C101240,37,41.12,month-to-month,2,credit_card,no,0
C101241,56,38.9,one-year,2,credit_card,no,0
C101242,69,105.65,month-to-month,0,bank_transfer,no,0
C101243,35,71.08,one-year,0,bank_transfer,no,0
C101244,63,29.01,one-year,2,credit_card,no,0
C101245,70,91.7,month-to-month,1,electronic_check,no,0
C101246,62,45.02,one-year,1,bank_transfer,no,0
C101247,34,107.64,two-year,2,electronic_check,no,0
C101248,24,50.96,one-year,1,bank_transfer,yes,0
C101249,70,40.03,month-to-month,1,bank_transfer,no,0
C101250,18,28.49,one-year,1,electronic_check,yes,1
C101251,30,71.15,month-to-month,0,credit_card,no,1
C101252,6,65.07,one-year,3,electronic_check,yes,1
C101253,57,95.13,two-year,0,credit_card,no,0
C101254,47,66.46,month-to-month,2,credit_card,no,0
C101255,7,54.38,month-to-month,2,credit_card,no,1
C101256,16,46.17,month-to-month,2,bank_transfer,no,1
C101257,40,47.81,month-to-month,2,bank_transfer,yes,1
C101258,39,,month-to-month,1,bank_transfer,yes,1
C101259,57,36.51,month-to-month,4,bank_transfer,no,1
C101260,19,118.82,one-year,1,bank_transfer,no,1
C101261,66,52.69,month-to-month,0,credit_card,no,0
C101262,32,28.84,month-to-month,1,electronic_check,no,0
C101263,59,44.87,one-year,0,bank_transfer,no,0
C101264,17,25.84,month-to-month,1,credit_card,no,0
C101265,3,99.0,month-to-month,3,electronic_check,no,1
C101266,4,71.26,one-year,3,bank_transfer,no,1
C101267,27,53.7,two-year,0,electronic_check,no,0
C101268,68,86.2,one-year,1,bank_transfer,no,0
C101269,4,,month-to-month,5,bank_transfer,no,1
C101270,27,113.99,month-to-month,1,electronic_check,no,1
C101271,8,116.13,two-year,3,electronic_check,no,1
C101272,67,88.07,one-year,2,electronic_check,no,0
C101273,48,101.78,one-year,2,bank_transfer,no,0
C101274,55,99.24,one-year,0,bank_transfer,no,0
C101275,51,69.13,month-to-month,1,bank_transfer,no,0
C101276,47,90.45,month-to-month,3,bank_transfer,no,1
C101277,55,27.83,one-year,0,bank_transfer,no,0
C101278,1,95.8,two-year,1,credit_card,yes,0
C101279,62,116.18,month-to-month,2,electronic_check,yes,0
C101280,53,28.5,one-year,2,credit_card,no,0
C101281,53,103.61,month-to-month,0,credit_card,no,0
C101282,28,113.3,two-year,5,credit_card,no,1
C101283,57,42.62,month-to-month,1,credit_card,yes,1
C101284,28,72.48,one-year,3,bank_transfer,no,1
C101285,4,112.79,month-to-month,1,electronic_check,no,1
C101286,65,116.02,one-year,2,credit_card,no,0
C101287,17,32.79,one-year,0,electronic_check,no,0
C101288,8,54.9,month-to-month,2,electronic_check,yes,1
C101289,45,89.81,two-year,2,electronic_check,no,0
C101290,17,42.16,two-year,0,bank_transfer,no,0
C101291,61,52.48,two-year,4,electronic_check,no,0
C101292,32,22.33,month-to-month,3,electronic_check,no,1
C101293,1,35.35,one-year,1,electronic_check,no,1
C101294,68,76.23,one-year,3,bank_transfer,no,0
C101295,37,85.31,one-year,0,credit_card,no,0
C101296,19,84.89,month-to-month,3,bank_transfer,yes,1
C101297,49,97.84,one-year,1,electronic_check,no,1
C101298,38,61.53,month-to-month,2,bank_transfer,yes,1
C101299,3,47.35,month-to-month,2,credit_card,no,1
C101300,54,21.56,month-to-month,0,bank_transfer,no,0
C101301,29,40.66,month-to-month,2,credit_card,no,1
C101302,50,51.24,month-to-month,1,electronic_check,no,1
C101303,64,37.82,month-to-month,2,electronic_check,no,0
C101304,44,22.01,one-year,1,bank_transfer,no,0
C101305,48,35.74,month-to-month,1,credit_card,no,0
C101306,19,86.61,month-to-month,1,credit_card,no,1
C101307,17,82.96,one-year,2,credit_card,no,1
C101308,30,113.57,two-year,1,bank_transfer,no,0
C101309,61,99.82,two-year,1,credit_card,no,0
C101310,38,76.78,two-year,4,electronic_check,no,0
C101311,25,33.76,two-year,1,electronic_check,no,0
C101312,56,76.41,one-year,2,bank_transfer,no,0
C101313,61,26.16,two-year,3,electronic_check,no,0
C101314,65,63.09,two-year,2,bank_transfer,yes,0
C101315,22,59.03,month-to-month,1,credit_card,yes,1
C101316,51,62.78,two-year,2,electronic_check,no,0
C101317,42,47.98,one-year,4,bank_transfer,no,1
C101318,32,88.58,one-year,2,electronic_check,no,0
C101319,29,104.09,two-year,1,electronic_check,no,0
C101320,9,96.85,month-to-month,3,electronic_check,yes,1
C101321,20,82.78,month-to-month,4,bank_transfer,no,1
C101322,40,73.83,one-year,0,bank_transfer,no,0
C101323,63,23.11,one-year,0,credit_card,no,0
C101324,62,92.29,two-year,2,credit_card,no,0
C101325,14,74.5,two-year,1,credit_card,no,0
C101326,49,47.07,one-year,2,credit_card,no,0
C101327,7,52.78,two-year,0,bank_transfer,no,0
C101328,48,113.56,month-to-month,2,electronic_check,no,1
C101329,25,82.44,two-year,2,credit_card,no,0
C101330,32,67.59,month-to-month,3,bank_transfer,no,1
C101331,51,82.09,one-year,0,electronic_check,no,0
C101332,31,61.37,month-to-month,3,bank_transfer,no,1
C101333,58,67.02,one-year,0,credit_card,yes,0
C101334,38,49.03,month-to-month,1,bank_transfer,no,1
C101335,71,63.99,month-to-month,4,electronic_check,no,1
C101336,46,88.56,one-year,1,electronic_check,no,0
C101337,22,23.99,one-year,2,electronic_check,no,1
C101338,56,99.5,month-to-month,0,bank_transfer,yes,0
C101339,29,48.3,one-year,3,bank_transfer,no,0
C101340,38,88.26,month-to-month,5,electronic_check,no,1
C101341,10,84.27,month-to-month,4,electronic_check,no,1
C101342,9,85.26,month-to-month,2,credit_card,no,1
C101343,41,80.81,one-year,1,credit_card,yes,0
C101344,14,115.91,one-year,2,bank_transfer,no,1
C101345,71,70.83,one-year,1,credit_card,no,0
C101346,61,93.23,two-year,6,bank_transfer,no,0
C101347,50,90.54,one-year,0,bank_transfer,no,0
C101348,53,43.63,one-year,1,electronic_check,no,0
C101349,43,48.33,two-year,4,electronic_check,no,0
C101350,5,62.4,month-to-month,1,credit_card,no,1
C101351,28,47.77,month-to-month,1,electronic_check,no,0
C101352,36,56.67,month-to-month,2,electronic_check,no,1
C101353,65,59.1,one-year,1,bank_transfer,no,0
C101354,16,80.39,month-to-month,0,credit_card,no,0
C101355,36,41.99,month-to-month,0,electronic_check,yes,1
C101356,25,100.43,two-year,1,credit_card,yes,1
C101357,10,63.75,two-year,3,credit_card,yes,0
C101358,8,90.62,month-to-month,0,bank_transfer,no,1
C101359,26,28.14,month-to-month,1,credit_card,yes,0
C101360,6,67.0,month-to-month,1,bank_transfer,yes,1
C101361,5,22.82,month-to-month,2,credit_card,yes,1
C101362,25,87.59,two-year,2,credit_card,yes,1
C101363,15,54.37,one-year,1,electronic_check,no,1
C101364,40,114.93,month-to-month,0,credit_card,no,1
C101365,2,52.41,month-to-month,1,bank_transfer,no,1
C101366,22,76.38,month-to-month,1,electronic_check,yes,1
C101367,33,45.74,month-to-month,4,bank_transfer,no,1
C101368,69,82.01,month-to-month,1,credit_card,no,0
C101369,46,66.7,one-year,2,electronic_check,no,0
C101370,63,57.06,month-to-month,2,electronic_check,no,0
C101371,25,40.37,two-year,3,credit_card,no,0
C101372,32,31.15,month-to-month,2,electronic_check,no,1
C101373,30,31.99,one-year,1,credit_card,no,0
C101374,64,119.9,month-to-month,0,electronic_check,no,0
C101375,69,61.23,month-to-month,0,credit_card,yes,0
C101376,69,20.19,two-year,1,credit_card,yes,0
C101377,54,115.29,one-year,2,credit_card,no,0
C101378,36,22.0,month-to-month,1,electronic_check,no,0
C101379,39,61.86,month-to-month,3,bank_transfer,no,1
C101380,70,91.75,one-year,1,bank_transfer,no,0
C101381,21,111.46,two-year,4,credit_card,no,1
C101382,25,91.29,one-year,2,credit_card,yes,1
C101383,64,66.36,month-to-month,0,electronic_check,no,0
C101384,28,117.44,month-to-month,1,electronic_check,no,1
C101385,17,23.93,month-to-month,2,electronic_check,no,1
C101386,40,118.69,month-to-month,2,credit_card,no,1
C101387,24,104.94,one-year,1,electronic_check,yes,1
C101388,64,112.89,one-year,1,bank_transfer,yes,0
C101389,65,45.48,month-to-month,0,credit_card,no,0
C101390,22,34.25,one-year,1,credit_card,no,0
C101391,38,86.33,one-year,1,bank_transfer,no,0
C101392,70,71.59,one-year,2,bank_transfer,yes,0
C101393,53,72.32,month-to-month,1,credit_card,no,0
C101394,16,112.46,month-to-month,1,bank_transfer,no,1
C101395,42,82.01,month-to-month,2,credit_card,no,1
C101396,45,51.11,month-to-month,3,electronic_check,no,1
C101397,47,60.01,month-to-month,2,bank_transfer,no,0
C101398,2,33.35,month-to-month,0,bank_transfer,no,1
C101399,22,39.23,month-to-month,0,bank_transfer,no,0
C101400,61,34.34,month-to-month,2,electronic_check,yes,0
C101401,18,101.03,two-year,2,electronic_check,yes,0
C101402,22,90.49,one-year,2,bank_transfer,no,0
C101403,23,73.03,month-to-month,1,electronic_check,no,1
C101404,13,57.44,two-year,0,bank_transfer,yes,0
C101405,12,86.85,month-to-month,3,credit_card,no,1
C101406,25,101.29,month-to-month,7,bank_transfer,no,1
C101407,63,108.12,two-year,3,electronic_check,no,0
C101408,1,74.7,month-to-month,1,electronic_check,no,1
C101409,21,101.99,month-to-month,1,credit_card,no,0
C101410,5,71.13,month-to-month,1,electronic_check,no,1
C101411,40,67.45,month-to-month,0,electronic_check,no,1
C101412,18,106.54,one-year,2,credit_card,no,1
C101413,57,58.64,month-to-month,1,bank_transfer,no,0
C101414,42,59.59,month-to-month,2,electronic_check,no,1
C101415,56,50.49,month-to-month,3,credit_card,no,0
C101416,46,71.87,month-to-month,5,electronic_check,no,1
C101417,32,74.49,month-to-month,2,bank_transfer,no,0
C101418,62,86.05,two-year,0,credit_card,no,0
C101419,34,63.05,one-year,1,credit_card,no,1
C101420,68,41.78,month-to-month,2,bank_transfer,no,0
C101421,71,106.68,one-year,2,electronic_check,no,0
C101422,42,54.6,month-to-month,0,electronic_check,no,0
C101423,48,112.29,month-to-month,1,credit_card,yes,1
C101424,19,40.74,month-to-month,1,electronic_check,no,1
C101425,58,76.01,month-to-month,1,electronic_check,no,1
C101426,48,73.66,one-year,1,credit_card,no,0
C101427,65,102.86,two-year,0,credit_card,no,0
C101428,19,33.89,month-to-month,0,credit_card,no,1
C101429,56,110.99,month-to-month,4,electronic_check,no,1
C101430,34,73.14,one-year,1,bank_transfer,no,0
C101431,14,78.61,month-to-month,1,credit_card,no,1
C101432,13,71.02,month-to-month,2,electronic_check,no,1
C101433,40,23.6,two-year,0,electronic_check,yes,0
C101434,23,69.71,two-year,2,electronic_check,yes,1
C101435,8,46.35,two-year,0,electronic_check,no,0
C101436,31,54.27,month-to-month,3,electronic_check,no,1
C101437,47,84.91,month-to-month,1,credit_card,no,0
C101438,23,69.77,month-to-month,1,credit_card,no,1
C101439,68,29.32,two-year,0,credit_card,no,0
C101440,56,27.3,month-to-month,5,bank_transfer,yes,1
C101441,37,38.57,month-to-month,1,bank_transfer,no,0
C101442,67,39.09,month-to-month,1,bank_transfer,yes,0
C101443,31,80.83,one-year,3,electronic_check,no,1
C101444,10,37.78,one-year,1,electronic_check,no,1
C101445,3,108.17,one-year,0,electronic_check,no,1
C101446,67,40.98,month-to-month,3,bank_transfer,no,0
C101447,69,29.11,one-year,1,credit_card,no,0
C101448,53,107.57,month-to-month,0,bank_transfer,no,0
C101449,8,49.53,month-to-month,2,electronic_check,yes,1
C101450,21,62.54,month-to-month,3,electronic_check,no,1
C101451,3,115.9,month-to-month,0,electronic_check,no,1
C101452,4,114.44,month-to-month,2,bank_transfer,no,1
C101453,18,91.49,two-year,0,electronic_check,no,0
C101454,41,26.89,month-to-month,2,bank_transfer,no,0
C101455,5,79.33,month-to-month,0,credit_card,no,0
C101456,70,118.91,one-year,0,electronic_check,no,0
C101457,33,114.69,one-year,1,credit_card,yes,1
C101458,19,30.6,month-to-month,1,bank_transfer,no,0
C101459,37,59.6,one-year,1,electronic_check,no,1
C101460,57,51.55,month-to-month,2,credit_card,no,0
C101461,23,32.97,month-to-month,3,electronic_check,no,1
C101462,4,89.48,one-year,1,electronic_check,no,1
C101463,4,47.38,one-year,0,bank_transfer,no,0
C101464,61,54.49,month-to-month,0,electronic_check,no,0
C101465,8,29.04,month-to-month,0,electronic_check,no,1
C101466,46,69.8,month-to-month,2,electronic_check,no,1
C101467,28,35.82,month-to-month,2,credit_card,no,0
C101468,56,63.21,two-year,1,electronic_check,no,0
C101469,5,34.33,month-to-month,4,electronic_check,no,1
C101470,64,115.38,two-year,4,credit_card,yes,0
C101471,50,34.5,month-to-month,0,bank_transfer,no,0
C101472,32,72.19,two-year,0,electronic_check,no,0
C101473,15,39.7,month-to-month,3,electronic_check,no,1
C101474,70,27.64,month-to-month,1,electronic_check,no,0
C101475,22,40.23,month-to-month,3,electronic_check,no,1
C101476,35,25.48,month-to-month,1,credit_card,no,0
C101477,28,33.94,two-year,0,bank_transfer,no,0
C101478,17,69.35,one-year,1,credit_card,no,0
C101479,30,85.18,one-year,1,credit_card,no,1
C101480,11,28.73,month-to-month,2,credit_card,no,0
C101481,1,64.1,one-year,2,electronic_check,no,1
C101482,21,78.12,one-year,0,bank_transfer,no,0
C101483,8,43.42,two-year,2,electronic_check,no,1
C101484,30,57.21,one-year,0,bank_transfer,yes,0
C101485,62,27.18,one-year,3,bank_transfer,no,0
C101486,12,42.01,month-to-month,2,bank_transfer,no,0
C101487,1,66.68,two-year,2,electronic_check,no,1
C101488,8,119.04,month-to-month,1,credit_card,no,1
C101489,37,119.63,month-to-month,2,credit_card,no,0
C101490,20,117.96,two-year,1,electronic_check,no,0
C101491,35,62.31,month-to-month,1,bank_transfer,no,1
C101492,3,28.07,month-to-month,2,electronic_check,no,1
C101493,24,52.36,month-to-month,2,electronic_check,no,1
C101494,30,43.77,month-to-month,4,credit_card,no,1
C101495,31,21.41,two-year,1,electronic_check,no,0
C101496,40,29.52,two-year,1,credit_card,no,0
C101497,56,65.32,month-to-month,2,electronic_check,no,0
C101498,34,53.97,two-year,2,credit_card,yes,0
C101499,60,38.04,one-year,0,electronic_check,no,0
C101500,38,,two-year,0,electronic_check,no,0
C101501,19,55.71,month-to-month,1,bank_transfer,no,1
C101502,17,105.19,month-to-month,2,credit_card,no,1
C101503,23,44.1,month-to-month,2,credit_card,no,1
C101504,43,73.84,month-to-month,2,bank_transfer,yes,1
C101505,18,38.41,one-year,0,electronic_check,yes,0
C101506,65,69.53,month-to-month,4,electronic_check,no,1
C101507,35,35.25,month-to-month,1,bank_transfer,no,1
C101508,62,36.16,one-year,0,credit_card,yes,0
C101509,49,81.22,month-to-month,0,bank_transfer,no,0
C101510,24,46.38,month-to-month,2,electronic_check,no,1
C101511,17,37.24,one-year,3,bank_transfer,no,0
C101512,53,112.98,two-year,3,electronic_check,no,1
C101513,24,24.3,month-to-month,0,credit_card,no,0
C101514,18,,two-year,1,bank_transfer,no,0
C101515,67,74.83,two-year,1,credit_card,no,0
C101516,35,45.06,one-year,2,bank_transfer,no,0
C101517,4,65.28,month-to-month,0,bank_transfer,no,0
C101518,36,28.77,one-year,1,credit_card,no,0
C101519,33,92.13,two-year,1,electronic_check,yes,0
C101520,62,42.17,month-to-month,2,electronic_check,no,0
C101521,51,39.34,two-year,3,bank_transfer,no,0
C101522,14,51.49,two-year,6,bank_transfer,yes,1
C101523,11,110.24,month-to-month,3,credit_card,no,1
C101524,43,99.65,one-year,2,credit_card,no,0
C101525,4,114.69,month-to-month,0,bank_transfer,no,1
C101526,23,85.2,one-year,1,bank_transfer,no,0
C101527,10,86.29,two-year,2,electronic_check,no,1
C101528,2,68.0,month-to-month,0,electronic_check,yes,1
C101529,66,110.52,month-to-month,0,credit_card,no,0
C101530,7,71.09,month-to-month,1,credit_card,yes,1
C101531,1,55.51,two-year,3,bank_transfer,no,0
C101532,67,84.04,month-to-month,0,bank_transfer,no,0
C101533,14,74.61,two-year,2,electronic_check,yes,1
C101534,58,32.4,month-to-month,2,credit_card,no,0
C101535,3,59.27,month-to-month,0,bank_transfer,no,1
C101536,11,51.33,two-year,1,bank_transfer,no,0
C101537,8,104.68,one-year,3,bank_transfer,yes,1
C101538,51,57.88,month-to-month,0,credit_card,no,0
C101539,45,102.16,month-to-month,1,electronic_check,no,1
C101540,34,64.24,month-to-month,3,bank_transfer,no,1
C101541,18,95.35,month-to-month,1,credit_card,no,1
C101542,7,33.53,month-to-month,1,bank_transfer,yes,1
C101543,41,112.47,one-year,2,credit_card,no,0
C101544,17,68.06,month-to-month,1,bank_transfer,no,1
C101545,42,45.98,month-to-month,1,credit_card,no,0
C101546,49,44.15,month-to-month,1,credit_card,no,0
C101547,61,46.51,month-to-month,2,electronic_check,yes,1
C101548,36,56.67,two-year,3,bank_transfer,no,1
C101549,1,91.75,month-to-month,1,electronic_check,no,1
C101550,20,114.96,month-to-month,2,bank_transfer,no,1
C101551,61,86.9,one-year,1,electronic_check,no,0
C101552,38,74.72,two-year,1,credit_card,yes,0
C101553,44,64.86,one-year,0,electronic_check,no,0
C101554,33,102.82,two-year,2,bank_transfer,yes,1
C101555,12,104.97,two-year,4,electronic_check,no,1
C101556,64,49.3,one-year,1,credit_card,no,0
C101557,55,115.34,two-year,2,credit_card,no,0
C101558,71,59.51,month-to-month,2,bank_transfer,no,0
C101559,61,100.01,two-year,2,credit_card,yes,1
C101560,21,116.68,two-year,1,credit_card,no,0
C101561,19,90.37,two-year,2,electronic_check,no,0
C101562,18,36.16,month-to-month,4,electronic_check,no,1
C101563,66,78.61,one-year,2,electronic_check,yes,0
C101564,40,31.88,month-to-month,0,bank_transfer,no,0
C101565,33,98.91,one-year,3,bank_transfer,no,1
C101566,69,48.13,month-to-month,1,electronic_check,no,1
C101567,43,89.52,one-year,1,bank_transfer,no,0
C101568,65,111.01,one-year,0,electronic_check,no,0
C101569,70,38.1,month-to-month,0,bank_transfer,no,0
C101570,6,59.29,month-to-month,1,credit_card,no,1
C101571,26,84.71,month-to-month,2,bank_transfer,no,1
C101572,53,61.97,one-year,3,electronic_check,no,0
C101573,58,37.48,one-year,1,bank_transfer,no,0
C101574,11,22.91,one-year,1,electronic_check,no,0
C101575,23,60.66,month-to-month,1,electronic_check,no,1
C101576,39,84.92,two-year,2,credit_card,no,0
C101577,57,77.4,one-year,0,electronic_check,no,0
C101578,9,35.62,month-to-month,1,electronic_check,no,1
C101579,43,65.07,month-to-month,1,credit_card,no,1
C101580,22,56.95,month-to-month,1,bank_transfer,no,0
C101581,16,47.42,month-to-month,4,electronic_check,no,1
C101582,37,92.93,month-to-month,2,credit_card,no,1
C101583,30,50.97,month-to-month,0,credit_card,no,0
C101584,46,74.01,month-to-month,2,credit_card,no,0
C101585,23,112.32,month-to-month,2,credit_card,no,1
C101586,59,73.93,month-to-month,2,credit_card,no,0
C101587,6,81.7,two-year,4,electronic_check,no,1
C101588,62,27.32,month-to-month,2,electronic_check,no,0
C101589,3,37.81,month-to-month,2,electronic_check,no,1
C101590,53,30.1,one-year,5,bank_transfer,no,1
C101591,25,96.48,month-to-month,1,electronic_check,no,1
C101592,28,103.59,month-to-month,2,credit_card,no,1
C101593,2,38.65,month-to-month,1,credit_card,yes,1
C101594,50,41.93,month-to-month,2,credit_card,no,0
C101595,12,52.32,one-year,1,credit_card,no,1
C101596,47,79.11,month-to-month,0,electronic_check,no,0
C101597,52,82.18,month-to-month,3,electronic_check,no,1
C101598,61,88.68,one-year,0,electronic_check,yes,1
C101599,51,110.52,two-year,1,electronic_check,no,0
C101600,22,49.5,month-to-month,1,electronic_check,no,1
C101601,53,85.88,month-to-month,2,bank_transfer,no,0
C101602,59,75.97,month-to-month,2,credit_card,yes,0
C101603,23,50.58,one-year,3,credit_card,no,0
C101604,9,110.74,one-year,1,electronic_check,no,1
C101605,64,29.55,one-year,2,bank_transfer,no,0
C101606,11,91.2,month-to-month,0,electronic_check,no,1
C101607,43,92.79,month-to-month,0,credit_card,no,1
C101608,17,111.53,two-year,0,bank_transfer,no,0
C101609,9,71.86,month-to-month,1,credit_card,no,1
C101610,56,52.16,two-year,2,bank_transfer,yes,0
C101611,11,102.77,month-to-month,0,bank_transfer,no,0
C101612,48,97.08,month-to-month,2,bank_transfer,no,1
C101613,50,70.03,month-to-month,0,credit_card,no,0
C101614,5,,month-to-month,2,electronic_check,no,1
C101615,13,46.79,two-year,3,electronic_check,no,1
C101616,57,78.95,month-to-month,1,bank_transfer,no,0
C101617,37,106.52,one-year,1,bank_transfer,yes,1
C101618,9,51.8,one-year,4,credit_card,no,1
C101619,71,68.35,two-year,0,bank_transfer,yes,0
C101620,19,115.1,one-year,1,bank_transfer,no,1
C101621,1,99.82,two-year,0,bank_transfer,no,0
C101622,66,108.7,two-year,2,bank_transfer,no,0
C101623,2,58.52,month-to-month,3,electronic_check,no,1
C101624,40,119.65,two-year,2,credit_card,no,0
C101625,71,35.26,two-year,3,bank_transfer,no,0
C101626,42,71.88,month-to-month,2,electronic_check,yes,1
C101627,42,67.93,one-year,0,electronic_check,no,0
C101628,28,99.84,month-to-month,1,electronic_check,yes,1
C101629,10,110.86,one-year,2,bank_transfer,no,1
C101630,41,93.11,month-to-month,2,bank_transfer,no,1
C101631,64,82.68,one-year,5,bank_transfer,no,0
C101632,7,62.74,month-to-month,1,electronic_check,no,1
C101633,63,71.03,one-year,1,electronic_check,yes,0
C101634,30,70.93,month-to-month,1,credit_card,no,1
C101635,39,22.04,one-year,2,credit_card,no,0
C101636,12,70.3,month-to-month,1,credit_card,no,1
C101637,45,105.6,one-year,0,credit_card,yes,0
C101638,13,90.93,month-to-month,1,credit_card,no,1
C101639,20,99.57,month-to-month,2,electronic_check,no,1
C101640,52,59.05,month-to-month,2,credit_card,no,0
C101641,4,72.9,two-year,0,bank_transfer,no,0
C101642,32,23.35,month-to-month,2,bank_transfer,no,1
C101643,43,58.3,one-year,4,credit_card,no,1
C101644,10,67.44,month-to-month,2,credit_card,no,1
C101645,21,45.52,one-year,0,electronic_check,no,0
C101646,25,23.12,month-to-month,1,bank_transfer,no,0
C101647,48,89.04,month-to-month,1,credit_card,no,0
C101648,70,63.51,month-to-month,0,bank_transfer,no,1
C101649,60,61.57,month-to-month,0,bank_transfer,no,0
C101650,14,45.0,month-to-month,0,bank_transfer,no,0
C101651,2,73.78,month-to-month,0,electronic_check,no,1
C101652,4,63.8,month-to-month,0,electronic_check,no,1
C101653,43,67.4,two-year,2,electronic_check,no,0
C101654,12,78.09,month-to-month,1,bank_transfer,no,1
C101655,17,20.63,two-year,1,bank_transfer,no,0
C101656,61,110.77,month-to-month,1,credit_card,yes,1
C101657,63,27.11,month-to-month,2,credit_card,no,0
C101658,60,65.09,month-to-month,1,electronic_check,no,0
C101659,19,40.74,month-to-month,3,electronic_check,no,1
C101660,44,72.38,month-to-month,2,credit_card,yes,0
C101661,44,48.02,two-year,2,electronic_check,no,0
C101662,14,,one-year,2,credit_card,no,0
C101663,40,59.64,one-year,2,credit_card,yes,1
C101664,38,83.88,month-to-month,1,credit_card,no,0
C101665,29,44.89,month-to-month,3,bank_transfer,no,1
C101666,54,21.94,one-year,2,credit_card,yes,1
C101667,49,60.42,month-to-month,1,bank_transfer,no,0
C101668,38,,month-to-month,4,bank_transfer,yes,0
C101669,52,65.95,month-to-month,1,credit_card,no,0
C101670,55,116.2,month-to-month,1,credit_card,no,1
C101671,41,90.68,one-year,3,electronic_check,no,1
C101672,20,119.57,month-to-month,2,bank_transfer,no,1
C101673,54,49.51,month-to-month,2,electronic_check,no,1
C101674,51,98.91,two-year,2,credit_card,no,0
C101675,70,75.56,two-year,0,credit_card,no,0
C101676,11,81.18,month-to-month,3,credit_card,no,1
C101677,30,118.59,month-to-month,0,electronic_check,no,1
C101678,66,85.4,one-year,2,credit_card,no,0
C101679,37,109.88,month-to-month,1,electronic_check,yes,1
C101680,67,92.58,month-to-month,2,credit_card,yes,0
C101681,1,32.74,month-to-month,2,electronic_check,no,1
C101682,3,89.94,month-to-month,0,bank_transfer,no,1
C101683,57,68.43,two-year,0,electronic_check,no,0
C101684,26,111.88,one-year,1,credit_card,no,0
C101685,37,100.68,two-year,2,credit_card,no,0
C101686,31,30.41,one-year,2,electronic_check,yes,0
C101687,29,33.39,one-year,3,electronic_check,no,0
C101688,67,26.96,one-year,2,bank_transfer,yes,0
C101689,7,69.32,one-year,2,credit_card,yes,1
C101690,55,28.08,month-to-month,4,bank_transfer,no,0
C101691,64,92.37,month-to-month,4,bank_transfer,yes,1
C101692,47,75.24,month-to-month,0,electronic_check,no,1
C101693,29,103.59,month-to-month,1,bank_transfer,no,1
C101694,12,47.98,month-to-month,3,electronic_check,no,1
C101695,49,71.91,month-to-month,1,credit_card,yes,0
C101696,34,31.75,one-year,2,bank_transfer,no,0
C101697,11,108.46,month-to-month,1,electronic_check,no,1
C101698,26,37.5,month-to-month,4,bank_transfer,no,1
C101699,69,30.24,month-to-month,0,bank_transfer,no,0
C101700,19,40.51,month-to-month,2,electronic_check,no,1
C101701,13,100.62,two-year,2,bank_transfer,no,1
C101702,49,30.58,month-to-month,3,bank_transfer,no,0
C101703,15,81.44,month-to-month,3,bank_transfer,no,1
C101704,66,94.62,month-to-month,1,electronic_check,no,0
C101705,61,95.11,two-year,2,credit_card,yes,0
C101706,70,39.01,one-year,0,electronic_check,yes,0
C101707,65,26.16,month-to-month,2,credit_card,no,0
C101708,18,,month-to-month,0,credit_card,no,1
C101709,16,40.25,one-year,1,credit_card,no,0
C101710,25,89.93,two-year,2,credit_card,no,0
C101711,34,55.67,month-to-month,3,electronic_check,no,1
C101712,63,64.94,month-to-month,1,credit_card,no,0
C101713,53,31.35,month-to-month,1,electronic_check,no,0
C101714,46,76.76,month-to-month,1,credit_card,no,0
C101715,63,38.55,one-year,1,bank_transfer,no,0
C101716,46,87.9,two-year,2,bank_transfer,no,0
C101717,27,27.12,two-year,2,bank_transfer,no,0
C101718,30,117.59,one-year,6,electronic_check,yes,1
C101719,37,88.45,month-to-month,2,bank_transfer,no,0
C101720,7,38.17,two-year,3,electronic_check,no,1
C101721,53,21.41,month-to-month,2,credit_card,no,1
C101722,47,53.45,month-to-month,2,credit_card,no,0
C101723,52,35.28,one-year,1,credit_card,no,0
C101724,38,41.84,month-to-month,3,credit_card,no,1
C101725,56,107.28,two-year,1,bank_transfer,no,0
C101726,68,,two-year,2,credit_card,yes,0
C101727,41,,one-year,1,credit_card,no,0
C101728,32,75.67,one-year,1,bank_transfer,no,1
C101729,8,45.58,month-to-month,1,electronic_check,no,1
C101730,56,117.62,month-to-month,0,electronic_check,no,0
C101731,65,23.28,one-year,2,credit_card,no,0
C101732,50,93.23,one-year,0,credit_card,no,0
C101733,62,97.3,two-year,2,bank_transfer,no,0
C101734,62,26.72,month-to-month,1,electronic_check,no,0
C101735,57,37.19,month-to-month,0,bank_transfer,no,0
C101736,36,58.43,month-to-month,3,electronic_check,no,1
C101737,8,,one-year,0,electronic_check,yes,1
C101738,1,73.7,one-year,2,electronic_check,no,1
C101739,15,85.53,two-year,1,electronic_check,yes,1
C101740,31,98.3,month-to-month,3,credit_card,no,1
C101741,53,102.81,month-to-month,2,bank_transfer,yes,0
C101742,33,67.63,month-to-month,1,credit_card,no,1
C101743,2,70.88,month-to-month,1,credit_card,no,1
C101744,15,91.8,month-to-month,0,bank_transfer,no,1
C101745,70,46.33,one-year,0,bank_transfer,no,0
C101746,71,105.45,month-to-month,1,electronic_check,yes,1
C101747,27,22.08,month-to-month,1,credit_card,yes,0
C101748,58,39.58,one-year,2,credit_card,no,0
C101749,52,100.02,two-year,1,credit_card,yes,0
C101750,67,54.03,month-to-month,1,electronic_check,yes,0
C101751,64,34.98,month-to-month,0,bank_transfer,no,0
C101752,45,38.68,one-year,0,bank_transfer,no,0
C101753,29,73.08,one-year,5,credit_card,yes,1
C101754,45,104.62,two-year,0,bank_transfer,no,0
C101755,23,27.07,month-to-month,2,credit_card,no,1
C101756,25,23.05,month-to-month,0,credit_card,no,0
C101757,44,66.52,two-year,2,bank_transfer,yes,0
C101758,41,115.62,month-to-month,2,bank_transfer,no,1
C101759,42,47.9,month-to-month,3,bank_transfer,no,1
C101760,28,115.92,two-year,1,electronic_check,no,1
C101761,30,108.77,month-to-month,0,electronic_check,yes,1
C101762,1,48.31,one-year,0,credit_card,no,0
C101763,43,101.69,two-year,0,credit_card,no,0
C101764,41,88.59,month-to-month,6,bank_transfer,no,1
C101765,67,71.18,one-year,0,bank_transfer,no,0
C101766,36,62.29,month-to-month,0,bank_transfer,no,1
C101767,34,101.55,two-year,1,electronic_check,no,1
C101768,5,99.31,two-year,1,credit_card,no,0
C101769,14,95.69,two-year,3,electronic_check,no,0
C101770,25,119.83,month-to-month,1,credit_card,no,1
C101771,27,67.85,one-year,2,bank_transfer,no,0
C101772,26,100.69,two-year,5,credit_card,no,1
C101773,28,106.25,one-year,0,bank_transfer,no,1
C101774,55,41.16,one-year,5,electronic_check,no,0
C101775,10,24.21,month-to-month,0,bank_transfer,no,0
C101776,24,60.47,two-year,2,bank_transfer,no,0
C101777,12,105.67,month-to-month,2,credit_card,no,1
C101778,22,48.91,month-to-month,3,electronic_check,no,1
C101779,49,90.0,two-year,1,credit_card,no,0
C101780,4,20.73,two-year,4,credit_card,no,1
C101781,25,55.54,two-year,1,electronic_check,no,0
C101782,2,81.55,month-to-month,0,electronic_check,yes,1
C101783,68,32.98,month-to-month,4,credit_card,no,0
C101784,52,109.66,month-to-month,0,bank_transfer,yes,0
C101785,18,35.63,month-to-month,0,credit_card,yes,1
C101786,15,110.98,two-year,2,electronic_check,no,1
C101787,8,41.64,one-year,2,bank_transfer,no,0
C101788,34,119.43,month-to-month,1,credit_card,no,0
C101789,54,80.47,month-to-month,2,credit_card,no,0
C101790,42,28.43,month-to-month,0,credit_card,no,0
C101791,63,26.53,two-year,2,credit_card,no,0
C101792,25,27.49,one-year,2,credit_card,no,0
C101793,20,78.99,month-to-month,0,bank_transfer,no,1
C101794,34,100.96,month-to-month,2,electronic_check,no,1
C101795,15,60.3,month-to-month,3,electronic_check,no,1
C101796,70,64.48,month-to-month,0,bank_transfer,no,0
C101797,14,78.93,two-year,0,electronic_check,no,1
C101798,34,73.3,one-year,3,bank_transfer,no,0
C101799,38,88.81,month-to-month,3,credit_card,no,1
C101800,5,67.18,one-year,1,bank_transfer,no,0
C101801,34,91.39,month-to-month,0,credit_card,no,0
C101802,33,119.73,month-to-month,1,credit_card,no,1
C101803,19,55.03,one-year,0,electronic_check,no,0
C101804,10,21.22,month-to-month,2,electronic_check,no,1
C101805,4,32.56,month-to-month,2,bank_transfer,no,1
C101806,1,,two-year,2,bank_transfer,no,1
C101807,35,54.43,two-year,2,electronic_check,no,0
C101808,7,114.0,month-to-month,0,electronic_check,no,1
C101809,69,82.74,one-year,3,credit_card,no,0
C101810,18,72.04,month-to-month,0,bank_transfer,no,0
C101811,47,99.8,one-year,2,credit_card,yes,0
C101812,48,45.86,month-to-month,2,bank_transfer,no,1
C101813,36,101.97,one-year,1,credit_card,yes,1
C101814,63,20.31,month-to-month,1,credit_card,no,0
C101815,8,81.97,two-year,1,electronic_check,yes,1
C101816,17,113.48,two-year,3,credit_card,no,0
C101817,18,98.79,month-to-month,1,electronic_check,no,1
C101818,10,105.36,one-year,3,bank_transfer,no,1
C101819,21,59.7,month-to-month,1,credit_card,no,1
C101820,23,102.42,one-year,0,credit_card,no,0
C101821,55,75.08,month-to-month,0,electronic_check,no,1
C101822,22,81.85,month-to-month,2,electronic_check,no,1
C101823,63,25.89,one-year,1,electronic_check,no,0
C101824,55,40.16,month-to-month,1,credit_card,no,0
C101825,65,75.1,month-to-month,2,electronic_check,no,0
C101826,8,25.88,month-to-month,2,credit_card,no,1
C101827,70,94.14,month-to-month,3,bank_transfer,no,1
C101828,44,104.01,month-to-month,1,credit_card,no,1
C101829,70,112.04,one-year,1,credit_card,no,0
C101830,26,30.18,one-year,2,credit_card,no,0
C101831,68,113.97,month-to-month,2,electronic_check,no,1
C101832,42,26.76,month-to-month,3,credit_card,no,1
C101833,6,67.41,one-year,3,credit_card,no,1
C101834,30,104.03,one-year,2,credit_card,no,1
C101835,10,27.03,two-year,2,credit_card,no,0
C101836,67,21.82,month-to-month,1,bank_transfer,no,1
C101837,22,22.49,month-to-month,1,credit_card,no,0
C101838,16,71.13,one-year,2,credit_card,no,0
C101839,40,101.16,month-to-month,3,bank_transfer,no,1
C101840,31,32.74,month-to-month,2,electronic_check,no,1
C101841,7,32.46,month-to-month,2,credit_card,no,1
C101842,58,76.85,two-year,1,bank_transfer,no,0
C101843,61,43.43,month-to-month,1,bank_transfer,no,0
C101844,53,93.02,one-year,1,electronic_check,no,0
C101845,44,114.96,one-year,2,electronic_check,no,0
C101846,29,96.6,month-to-month,0,electronic_check,no,1
C101847,39,107.72,two-year,1,bank_transfer,yes,0
C101848,37,71.96,one-year,1,credit_card,no,0
C101849,12,103.23,month-to-month,1,electronic_check,no,1
C101850,6,38.29,one-year,3,bank_transfer,no,0
C101851,18,26.83,month-to-month,1,electronic_check,no,0
C101852,33,85.6,month-to-month,1,electronic_check,no,0
C101853,12,25.2,one-year,3,electronic_check,no,1
C101854,8,109.25,one-year,5,bank_transfer,no,1
C101855,61,89.16,month-to-month,1,bank_transfer,no,0
C101856,27,115.22,two-year,2,electronic_check,yes,1
C101857,42,51.39,one-year,1,electronic_check,no,0
C101858,38,68.62,one-year,0,credit_card,no,0
C101859,53,94.17,month-to-month,2,bank_transfer,no,0
C101860,53,44.28,month-to-month,1,bank_transfer,no,0
C101861,22,74.18,month-to-month,1,credit_card,no,1
C101862,61,85.95,one-year,2,bank_transfer,no,0
C101863,27,117.88,month-to-month,2,electronic_check,no,1
C101864,60,94.47,one-year,0,credit_card,no,0
C101865,29,31.81,month-to-month,2,bank_transfer,no,0
C101866,8,67.53,one-year,1,bank_transfer,no,1
C101867,54,78.88,two-year,0,electronic_check,no,0
C101868,3,34.66,one-year,2,credit_card,no,1
C101869,55,63.2,one-year,1,bank_transfer,no,0
C101870,4,48.4,two-year,2,credit_card,no,0
C101871,15,31.88,month-to-month,3,bank_transfer,yes,1
C101872,43,71.2,one-year,1,electronic_check,no,0
C101873,67,36.56,two-year,0,electronic_check,no,0
C101874,30,79.05,one-year,2,bank_transfer,no,0
C101875,9,36.97,month-to-month,4,bank_transfer,no,1
C101876,17,92.36,two-year,1,electronic_check,no,0
C101877,64,39.52,month-to-month,1,bank_transfer,no,0
C101878,52,109.63,month-to-month,1,credit_card,no,0
C101879,8,22.62,month-to-month,2,electronic_check,no,1
C101880,28,72.2,month-to-month,1,electronic_check,no,1
C101881,19,52.01,month-to-month,1,bank_transfer,no,0
C101882,13,42.51,month-to-month,1,credit_card,no,1
C101883,61,67.16,two-year,2,credit_card,no,0
C101884,44,104.2,month-to-month,4,credit_card,no,1
C101885,13,111.53,month-to-month,2,electronic_check,no,1
C101886,47,50.32,two-year,0,credit_card,no,0
C101887,30,35.42,two-year,1,credit_card,no,0
C101888,5,92.01,month-to-month,0,electronic_check,no,1
C101889,32,78.2,month-to-month,2,bank_transfer,no,0
C101890,14,40.1,one-year,0,bank_transfer,no,0
C101891,18,96.03,two-year,0,credit_card,no,0
C101892,63,71.89,one-year,2,credit_card,no,0
C101893,51,85.34,month-to-month,2,credit_card,no,0
C101894,10,55.93,one-year,2,bank_transfer,no,0
C101895,61,63.91,one-year,1,electronic_check,no,0
C101896,41,38.03,one-year,2,electronic_check,no,1
C101897,63,95.65,two-year,0,credit_card,no,0
C101898,54,35.7,one-year,3,electronic_check,no,0
C101899,25,97.83,one-year,1,electronic_check,yes,1
C101900,38,99.8,one-year,1,credit_card,no,0
C101901,38,94.66,one-year,1,bank_transfer,no,0
C101902,52,21.94,month-to-month,1,bank_transfer,no,0
C101903,18,47.31,month-to-month,2,credit_card,no,0
C101904,24,66.83,one-year,1,electronic_check,no,0
C101905,18,79.55,one-year,0,electronic_check,no,1
C101906,22,111.92,month-to-month,2,bank_transfer,no,1
C101907,12,57.56,month-to-month,1,credit_card,no,1
C101908,3,107.5,one-year,2,bank_transfer,no,1
C101909,67,36.34,one-year,2,bank_transfer,yes,0
C101910,6,57.13,month-to-month,1,electronic_check,no,1
C101911,64,25.23,month-to-month,0,electronic_check,no,0
C101912,1,94.25,month-to-month,2,electronic_check,no,1
C101913,56,35.07,two-year,1,electronic_check,no,0
C101914,24,45.7,two-year,1,electronic_check,no,0
C101915,37,97.52,one-year,2,credit_card,no,1
C101916,21,73.47,month-to-month,4,credit_card,no,1
C101917,35,21.4,one-year,1,electronic_check,no,0
C101918,33,20.22,month-to-month,0,bank_transfer,yes,0
C101919,38,71.07,two-year,4,electronic_check,no,1
C101920,28,50.5,month-to-month,2,electronic_check,no,1
C101921,39,38.03,month-to-month,2,bank_transfer,no,0
C101922,59,81.36,one-year,1,bank_transfer,no,0
C101923,31,42.84,month-to-month,2,bank_transfer,yes,0
C101924,26,79.22,one-year,0,electronic_check,no,0
C101925,10,57.93,one-year,1,bank_transfer,no,1
C101926,26,38.67,month-to-month,0,bank_transfer,no,0
C101927,9,33.81,month-to-month,1,bank_transfer,no,1
C101928,13,43.69,one-year,4,credit_card,no,1
C101929,68,22.98,two-year,1,bank_transfer,no,0
C101930,7,50.81,month-to-month,1,bank_transfer,no,1
C101931,35,110.2,month-to-month,0,credit_card,no,0
C101932,60,103.14,one-year,1,electronic_check,no,0
C101933,68,57.2,month-to-month,1,electronic_check,no,0
C101934,11,77.58,one-year,0,credit_card,no,1
C101935,12,76.74,one-year,1,credit_card,yes,1
C101936,27,102.87,month-to-month,1,bank_transfer,no,1
C101937,40,43.63,one-year,3,credit_card,yes,1
C101938,69,49.64,month-to-month,3,credit_card,no,0
C101939,15,50.18,month-to-month,0,bank_transfer,no,0
C101940,12,24.09,one-year,0,electronic_check,no,0
C101941,18,51.47,two-year,1,credit_card,no,0
C101942,63,107.79,one-year,1,bank_transfer,yes,0
C101943,3,111.2,month-to-month,1,bank_transfer,no,1
C101944,27,30.96,one-year,1,credit_card,yes,0
C101945,9,65.81,month-to-month,2,bank_transfer,no,1
C101946,12,58.13,month-to-month,4,bank_transfer,no,1
C101947,66,68.94,month-to-month,4,credit_card,no,0
C101948,1,75.47,month-to-month,0,electronic_check,no,1
C101949,23,22.03,month-to-month,4,credit_card,no,1
C101950,65,104.22,two-year,1,bank_transfer,no,0
C101951,44,117.37,month-to-month,0,credit_card,no,1
C101952,6,85.34,two-year,2,bank_transfer,no,0
C101953,34,86.05,one-year,2,bank_transfer,no,1
C101954,69,72.8,month-to-month,3,credit_card,no,0
C101955,29,53.43,month-to-month,1,credit_card,no,0
C101956,38,34.9,month-to-month,1,electronic_check,no,0
C101957,38,78.41,month-to-month,4,electronic_check,no,1
C101958,47,24.49,one-year,1,credit_card,no,0
C101959,14,102.45,two-year,1,bank_transfer,no,0
C101960,60,62.09,two-year,1,electronic_check,yes,0
C101961,71,61.48,month-to-month,2,bank_transfer,no,0
C101962,11,52.72,month-to-month,1,credit_card,no,0
C101963,59,116.94,month-to-month,3,credit_card,yes,1
C101964,59,37.49,two-year,1,electronic_check,yes,0
C101965,53,35.13,month-to-month,0,credit_card,no,0
C101966,27,36.55,month-to-month,0,electronic_check,no,1
C101967,34,85.85,one-year,0,credit_card,no,0
C101968,60,119.19,one-year,1,electronic_check,no,1
C101969,11,43.55,month-to-month,2,credit_card,no,1
C101970,59,110.56,one-year,0,bank_transfer,no,0
C101971,66,47.86,month-to-month,1,electronic_check,no,0
C101972,49,84.79,month-to-month,1,electronic_check,no,1
C101973,25,24.05,month-to-month,3,credit_card,no,1
C101974,40,69.57,month-to-month,1,bank_transfer,no,1
C101975,4,85.46,two-year,1,credit_card,no,0
C101976,67,73.63,month-to-month,0,credit_card,no,0
C101977,25,43.78,one-year,1,electronic_check,yes,1
C101978,5,102.85,month-to-month,2,electronic_check,no,1
C101979,57,117.01,one-year,2,electronic_check,no,1
C101980,47,65.92,two-year,1,electronic_check,no,0
C101981,45,83.59,month-to-month,1,bank_transfer,no,0
C101982,4,99.04,two-year,2,bank_transfer,no,1
C101983,54,44.15,one-year,2,bank_transfer,yes,0
C101984,46,106.45,one-year,2,electronic_check,no,1
C101985,57,48.02,month-to-month,2,credit_card,no,0
C101986,59,97.58,one-year,3,electronic_check,no,1
C101987,16,31.21,month-to-month,1,electronic_check,no,1
C101988,15,48.84,two-year,0,electronic_check,no,0
C101989,66,73.36,two-year,2,bank_transfer,no,0
C101990,38,72.49,month-to-month,1,bank_transfer,no,0
C101991,32,105.04,two-year,4,bank_transfer,no,1
C101992,21,119.61,two-year,0,bank_transfer,no,0
C101993,46,30.72,one-year,1,credit_card,no,0
C101994,54,47.14,month-to-month,2,electronic_check,yes,0
C101995,1,55.76,month-to-month,1,bank_transfer,no,1
C101996,40,67.89,month-to-month,1,credit_card,no,0
C101997,71,69.39,month-to-month,1,electronic_check,yes,0
C101998,20,105.62,two-year,2,bank_transfer,yes,0
C101999,20,97.06,month-to-month,1,credit_card,no,1
C102000,63,21.89,one-year,1,bank_transfer,no,0
C102001,5,65.5,one-year,1,bank_transfer,no,1
C102002,29,81.81,one-year,1,credit_card,no,0
C102003,33,66.04,month-to-month,1,credit_card,no,1
C102004,57,33.06,one-year,2,bank_transfer,no,0
C102005,10,59.75,one-year,2,electronic_check,no,1
C102006,31,61.17,one-year,4,electronic_check,no,1
C102007,11,38.77,month-to-month,2,credit_card,no,0
C102008,56,95.63,one-year,0,bank_transfer,no,0
C102009,45,,month-to-month,1,electronic_check,no,0
C102010,36,78.9,one-year,2,bank_transfer,yes,0
C102011,28,71.57,month-to-month,3,bank_transfer,no,1
C102012,11,107.74,month-to-month,1,electronic_check,no,1
C102013,66,32.2,two-year,1,bank_transfer,no,0
C102014,46,31.43,month-to-month,0,electronic_check,no,0
C102015,23,50.03,two-year,2,bank_transfer,no,0
C102016,30,63.12,two-year,1,bank_transfer,no,0
C102017,52,49.85,month-to-month,1,bank_transfer,no,0
C102018,52,96.32,month-to-month,0,electronic_check,no,0
C102019,33,44.53,month-to-month,0,bank_transfer,no,0
C102020,22,28.48,two-year,2,credit_card,no,0
C102021,47,61.38,one-year,1,bank_transfer,no,0
C102022,47,97.34,month-to-month,4,credit_card,no,1
C102023,43,105.06,month-to-month,1,credit_card,no,1
C102024,6,93.33,month-to-month,0,electronic_check,yes,1
C102025,34,75.79,one-year,2,bank_transfer,no,1
C102026,44,92.42,month-to-month,3,credit_card,no,1
C102027,68,88.14,month-to-month,1,electronic_check,no,0
C102028,38,43.44,two-year,2,electronic_check,no,0
C102029,25,75.08,month-to-month,2,credit_card,no,1
C102030,40,97.06,month-to-month,0,credit_card,no,1
C102031,13,51.71,one-year,2,electronic_check,no,1
C102032,7,85.4,two-year,1,credit_card,no,0
C102033,49,68.15,month-to-month,2,electronic_check,no,1
C102034,71,70.32,two-year,2,bank_transfer,no,0
C102035,61,29.01,month-to-month,0,bank_transfer,no,0
C102036,42,86.62,two-year,1,bank_transfer,no,0
C102037,3,106.57,month-to-month,2,credit_card,no,1
C102038,71,34.14,one-year,0,electronic_check,no,0
C102039,32,56.61,month-to-month,0,bank_transfer,no,0
C102040,21,24.87,two-year,0,credit_card,no,0
C102041,64,22.96,two-year,2,electronic_check,no,0
C102042,53,118.97,month-to-month,2,credit_card,no,1
C102043,54,69.35,month-to-month,1,bank_transfer,no,0
C102044,20,55.55,one-year,1,bank_transfer,no,0
C102045,71,47.49,month-to-month,2,credit_card,no,0
C102046,33,118.0,one-year,1,credit_card,no,0
C102047,38,45.23,one-year,0,credit_card,no,0
C102048,54,92.57,month-to-month,0,electronic_check,no,1
C102049,47,48.38,month-to-month,4,bank_transfer,no,1
C102050,13,27.05,two-year,5,electronic_check,no,1
C102051,22,88.33,month-to-month,3,credit_card,no,1
C102052,26,20.16,one-year,0,credit_card,no,0
C102053,68,87.57,month-to-month,6,credit_card,yes,1
C102054,51,45.04,month-to-month,0,credit_card,no,0
C102055,27,94.61,month-to-month,1,bank_transfer,no,1
C102056,53,96.98,month-to-month,2,credit_card,no,1
C102057,53,92.41,one-year,1,bank_transfer,no,0
C102058,28,22.45,month-to-month,1,electronic_check,no,1
C102059,29,90.37,one-year,2,credit_card,no,1
C102060,64,119.01,one-year,1,credit_card,no,0
C102061,40,44.26,month-to-month,1,electronic_check,no,0
C102062,11,47.42,month-to-month,0,bank_transfer,yes,1
C102063,52,101.35,one-year,1,credit_card,no,0
C102064,42,36.04,one-year,1,electronic_check,no,0
C102065,37,86.06,one-year,2,credit_card,no,0
C102066,52,95.5,month-to-month,2,bank_transfer,no,1
C102067,65,23.72,two-year,1,credit_card,yes,0
C102068,24,75.38,month-to-month,2,electronic_check,no,1
C102069,30,77.59,one-year,3,credit_card,no,0
C102070,14,50.34,month-to-month,3,bank_transfer,no,1
C102071,46,107.63,one-year,1,bank_transfer,yes,0
C102072,29,36.27,month-to-month,2,bank_transfer,no,1
C102073,25,56.42,one-year,0,credit_card,yes,0
C102074,50,104.87,month-to-month,4,credit_card,no,1
C102075,29,39.06,one-year,3,electronic_check,no,1
C102076,33,102.14,month-to-month,1,bank_transfer,no,1
C102077,32,27.91,one-year,0,electronic_check,no,0
C102078,19,68.92,month-to-month,2,bank_transfer,no,1
C102079,9,27.53,month-to-month,0,credit_card,no,1
C102080,59,87.79,one-year,5,bank_transfer,no,0
C102081,7,99.06,month-to-month,2,electronic_check,no,1
C102082,24,104.99,month-to-month,1,credit_card,no,1
C102083,48,118.13,two-year,2,bank_transfer,no,0
C102084,10,87.2,two-year,1,electronic_check,no,0
C102085,47,96.91,two-year,1,electronic_check,no,0
C102086,53,70.58,month-to-month,0,bank_transfer,no,0
C102087,48,111.27,month-to-month,3,credit_card,no,1
C102088,22,84.38,one-year,0,bank_transfer,no,0
C102089,2,108.36,month-to-month,1,bank_transfer,no,1
C102090,64,43.55,one-year,2,electronic_check,no,0
C102091,24,69.67,month-to-month,2,credit_card,no,1
C102092,58,92.98,two-year,0,bank_transfer,no,0
C102093,15,40.27,one-year,1,credit_card,no,0
C102094,12,41.13,month-to-month,4,electronic_check,yes,1
C102095,56,117.8,month-to-month,1,electronic_check,no,1
C102096,67,63.46,month-to-month,1,electronic_check,no,1
C102097,62,38.18,month-to-month,2,credit_card,no,0
C102098,54,53.15,one-year,3,electronic_check,no,0
C102099,18,59.74,month-to-month,0,bank_transfer,no,0
C102100,65,82.31,month-to-month,3,bank_transfer,no,0
C102101,48,112.3,month-to-month,0,credit_card,no,0
C102102,13,118.66,one-year,1,bank_transfer,no,0
C102103,10,85.17,month-to-month,1,electronic_check,no,1
C102104,62,89.99,month-to-month,2,credit_card,no,0
C102105,20,52.18,two-year,1,bank_transfer,no,0
C102106,55,105.72,month-to-month,1,credit_card,yes,1
C102107,10,41.78,month-to-month,1,credit_card,no,1
C102108,20,30.64,two-year,0,bank_transfer,yes,0
C102109,21,117.33,month-to-month,1,bank_transfer,no,1
C102110,20,106.41,two-year,3,credit_card,no,1
C102111,48,50.36,one-year,0,credit_card,no,0
C102112,65,87.52,one-year,1,electronic_check,no,0
C102113,65,66.7,month-to-month,1,credit_card,no,0
C102114,53,52.31,month-to-month,1,bank_transfer,no,0
C102115,15,48.68,month-to-month,1,electronic_check,no,1
C102116,69,33.6,month-to-month,3,electronic_check,no,0
C102117,39,74.93,month-to-month,0,electronic_check,no,1
C102118,39,64.66,one-year,3,credit_card,no,1
C102119,50,71.22,one-year,1,electronic_check,no,0
C102120,55,41.54,month-to-month,1,electronic_check,no,0
C102121,68,113.86,one-year,1,credit_card,no,0
C102122,42,83.86,two-year,4,electronic_check,no,0
C102123,44,,one-year,3,credit_card,no,0
C102124,53,30.93,one-year,1,bank_transfer,no,0
C102125,19,82.29,one-year,1,electronic_check,no,0
C102126,22,104.95,month-to-month,2,bank_transfer,no,1
C102127,45,53.09,month-to-month,1,credit_card,no,0
C102128,5,39.51,two-year,1,credit_card,no,0
C102129,23,46.5,one-year,2,electronic_check,no,1
C102130,51,47.29,one-year,1,credit_card,no,0
C102131,70,64.72,two-year,2,bank_transfer,yes,0
C102132,37,52.6,month-to-month,2,electronic_check,yes,1
C102133,29,47.13,month-to-month,0,electronic_check,no,0
C102134,32,84.85,one-year,2,electronic_check,no,0
C102135,49,25.3,month-to-month,3,bank_transfer,no,1
C102136,39,54.04,one-year,0,credit_card,yes,0
C102137,2,88.98,two-year,2,electronic_check,no,1
C102138,39,37.58,one-year,1,bank_transfer,yes,0
C102139,29,42.09,month-to-month,1,bank_transfer,yes,1
C102140,50,40.07,one-year,2,electronic_check,yes,0
C102141,63,20.09,month-to-month,3,electronic_check,no,0
C102142,69,67.38,two-year,3,bank_transfer,yes,0
C102143,44,23.9,month-to-month,0,credit_card,no,0
C102144,26,47.29,two-year,4,credit_card,no,0
C102145,32,119.48,month-to-month,1,bank_transfer,no,1
C102146,13,111.84,month-to-month,0,credit_card,no,0
C102147,67,41.51,month-to-month,0,credit_card,no,0
C102148,61,51.0,month-to-month,1,electronic_check,no,0
C102149,61,66.37,month-to-month,1,credit_card,no,0
C102150,24,104.44,two-year,1,electronic_check,no,1
C102151,23,100.26,two-year,0,bank_transfer,no,0
C102152,61,32.62,month-to-month,1,electronic_check,no,0
C102153,39,32.44,one-year,3,credit_card,no,0
C102154,51,61.67,two-year,0,bank_transfer,no,0
C102155,35,107.01,two-year,2,electronic_check,no,1
C102156,32,108.21,month-to-month,0,bank_transfer,no,0
C102157,45,30.74,month-to-month,2,electronic_check,no,0
C102158,58,77.43,two-year,2,electronic_check,no,0
C102159,24,35.57,month-to-month,2,electronic_check,no,1
C102160,58,88.61,month-to-month,1,bank_transfer,no,1
C102161,18,111.64,one-year,4,bank_transfer,no,1
C102162,29,65.48,month-to-month,1,credit_card,yes,1
C102163,65,28.31,two-year,2,credit_card,no,0
C102164,68,77.93,month-to-month,1,credit_card,no,0
C102165,66,60.85,one-year,1,credit_card,no,0
C102166,23,101.09,two-year,1,electronic_check,no,1
C102167,60,54.03,two-year,3,credit_card,no,0
C102168,67,107.49,two-year,3,bank_transfer,yes,0
C102169,70,47.37,two-year,1,bank_transfer,no,0
C102170,2,35.75,month-to-month,0,credit_card,no,0
C102171,53,50.65,two-year,1,electronic_check,no,0
C102172,71,,two-year,1,electronic_check,yes,0
C102173,55,48.12,month-to-month,2,credit_card,no,0
C102174,17,86.01,month-to-month,1,credit_card,no,1
C102175,55,34.23,month-to-month,0,credit_card,no,0
C102176,8,31.14,one-year,0,credit_card,no,0
C102177,35,33.24,one-year,2,credit_card,no,0
C102178,45,27.76,month-to-month,1,credit_card,no,0
C102179,33,107.46,month-to-month,3,bank_transfer,no,1
C102180,50,114.41,one-year,2,bank_transfer,yes,0
C102181,18,24.66,month-to-month,4,credit_card,no,1
C102182,44,96.01,two-year,3,bank_transfer,no,1
C102183,46,93.72,month-to-month,3,bank_transfer,yes,1
C102184,45,119.69,month-to-month,0,credit_card,no,0
C102185,21,54.79,month-to-month,2,credit_card,no,1
C102186,22,48.55,two-year,6,electronic_check,no,0
C102187,19,65.31,two-year,5,credit_card,no,0
C102188,33,105.66,month-to-month,0,credit_card,no,0
C102189,42,92.86,month-to-month,1,electronic_check,no,1
C102190,26,67.16,month-to-month,1,bank_transfer,no,1
C102191,30,44.46,month-to-month,0,electronic_check,no,0
C102192,21,92.7,one-year,1,credit_card,no,1
C102193,16,105.45,month-to-month,0,credit_card,yes,0
C102194,47,60.0,month-to-month,0,bank_transfer,no,0
C102195,58,86.86,month-to-month,3,credit_card,no,1
C102196,21,60.02,month-to-month,0,bank_transfer,no,1
C102197,62,67.85,month-to-month,4,credit_card,yes,1
C102198,41,72.49,month-to-month,2,electronic_check,no,1
C102199,12,97.57,month-to-month,0,electronic_check,no,1
C102200,26,117.75,month-to-month,3,electronic_check,no,1
C102201,1,64.44,month-to-month,0,bank_transfer,no,1
C102202,3,54.23,two-year,2,bank_transfer,no,1
C102203,24,57.36,month-to-month,4,bank_transfer,yes,1
C102204,33,33.39,month-to-month,4,credit_card,no,0
C102205,57,49.69,month-to-month,2,bank_transfer,no,0
C102206,10,28.64,one-year,2,credit_card,yes,0
C102207,60,62.79,two-year,1,electronic_check,yes,0
C102208,17,36.74,one-year,3,credit_card,no,1
C102209,10,54.64,one-year,0,credit_card,yes,1
C102210,50,99.36,two-year,2,electronic_check,no,0
C102211,55,44.59,month-to-month,1,credit_card,no,0
C102212,43,81.19,two-year,0,bank_transfer,no,0
C102213,9,110.12,one-year,2,bank_transfer,no,1
C102214,9,76.69,month-to-month,3,credit_card,yes,1
C102215,28,39.38,month-to-month,0,bank_transfer,no,0
C102216,32,54.48,month-to-month,0,electronic_check,no,1
C102217,71,79.04,month-to-month,0,credit_card,yes,0
C102218,21,70.66,two-year,4,bank_transfer,no,1
C102219,14,34.86,month-to-month,3,electronic_check,no,1
C102220,68,64.68,one-year,0,credit_card,no,0
C102221,11,74.31,two-year,2,electronic_check,no,1
C102222,2,46.73,month-to-month,3,electronic_check,no,1
C102223,31,81.24,month-to-month,2,electronic_check,no,1
C102224,29,27.02,one-year,1,bank_transfer,no,0
C102225,44,53.66,two-year,6,electronic_check,yes,1
C102226,63,100.43,month-to-month,1,electronic_check,no,1
C102227,67,45.93,month-to-month,1,bank_transfer,no,0
C102228,21,80.52,one-year,2,credit_card,no,1
C102229,70,61.0,two-year,1,electronic_check,yes,0
C102230,45,51.65,month-to-month,0,credit_card,no,0
C102231,5,111.61,month-to-month,1,electronic_check,no,1
C102232,67,54.33,two-year,2,bank_transfer,no,0
C102233,10,43.67,month-to-month,1,bank_transfer,no,1
C102234,42,110.93,month-to-month,1,electronic_check,no,1
C102235,57,94.59,one-year,1,bank_transfer,no,0
C102236,18,88.18,month-to-month,2,electronic_check,no,1
C102237,20,24.95,month-to-month,3,electronic_check,no,1
C102238,34,33.12,one-year,1,credit_card,no,0
C102239,63,83.83,one-year,1,electronic_check,no,0
C102240,16,40.94,month-to-month,2,credit_card,no,1
C102241,48,42.56,month-to-month,1,electronic_check,no,0
C102242,33,97.91,one-year,0,credit_card,no,0
C102243,8,48.59,one-year,2,credit_card,no,1
C102244,51,27.16,two-year,2,credit_card,no,0
C102245,60,23.64,one-year,1,electronic_check,no,0
C102246,41,64.32,one-year,0,bank_transfer,no,0
C102247,13,81.71,two-year,2,bank_transfer,no,1
C102248,12,106.89,two-year,2,bank_transfer,no,1
C102249,31,31.08,month-to-month,1,bank_transfer,no,1
C102250,36,39.67,two-year,2,electronic_check,no,0
C102251,40,72.98,two-year,1,electronic_check,no,0
C102252,18,56.41,month-to-month,5,credit_card,no,1
C102253,36,68.25,month-to-month,0,bank_transfer,no,0
C102254,21,112.41,one-year,1,credit_card,no,1
C102255,49,74.49,month-to-month,2,credit_card,no,1
C102256,57,61.51,one-year,5,credit_card,no,1
C102257,47,118.94,month-to-month,1,electronic_check,no,1
C102258,1,26.52,month-to-month,7,electronic_check,no,1
C102259,71,113.21,month-to-month,1,credit_card,no,0
C102260,2,70.17,two-year,0,electronic_check,yes,1
C102261,71,70.38,month-to-month,3,credit_card,no,0
C102262,3,112.2,one-year,1,credit_card,no,1
C102263,37,70.73,month-to-month,2,credit_card,no,1
C102264,8,63.84,month-to-month,1,credit_card,no,1
C102265,7,47.25,month-to-month,3,bank_transfer,no,1
C102266,49,85.88,month-to-month,1,bank_transfer,yes,1
C102267,52,76.96,one-year,1,credit_card,no,0
C102268,9,41.43,one-year,0,bank_transfer,no,0
C102269,70,90.94,month-to-month,0,bank_transfer,no,0
C102270,23,84.41,month-to-month,1,bank_transfer,no,1
C102271,23,59.73,one-year,2,electronic_check,yes,1
C102272,22,20.44,one-year,0,bank_transfer,no,0
C102273,33,64.66,month-to-month,0,bank_transfer,no,0
C102274,13,20.61,one-year,3,electronic_check,no,1
C102275,31,27.5,month-to-month,0,electronic_check,no,1
C102276,15,63.06,month-to-month,0,electronic_check,yes,1
C102277,4,28.19,one-year,1,bank_transfer,no,0
C102278,27,47.57,one-year,1,credit_card,no,0
C102279,48,85.55,two-year,2,credit_card,no,0
C102280,55,50.86,month-to-month,1,credit_card,no,0
C102281,26,119.76,month-to-month,2,electronic_check,no,1
C102282,23,111.63,one-year,3,electronic_check,no,1
C102283,56,78.53,month-to-month,1,bank_transfer,no,0
C102284,49,116.69,month-to-month,1,electronic_check,no,1
C102285,60,106.8,one-year,2,electronic_check,no,0
C102286,65,51.89,month-to-month,3,bank_transfer,yes,0
C102287,59,94.96,month-to-month,1,credit_card,no,0
C102288,67,33.68,month-to-month,1,bank_transfer,no,0
C102289,30,88.46,two-year,1,electronic_check,no,0
C102290,29,69.11,month-to-month,0,bank_transfer,no,1
C102291,23,21.68,month-to-month,4,bank_transfer,no,0
C102292,17,47.42,month-to-month,1,bank_transfer,no,0
C102293,54,115.54,month-to-month,1,electronic_check,no,0
C102294,51,51.58,month-to-month,2,bank_transfer,yes,1
C102295,57,38.15,one-year,1,credit_card,no,0
C102296,12,38.75,month-to-month,4,bank_transfer,no,1
C102297,35,67.92,month-to-month,2,bank_transfer,no,0
C102298,16,104.26,month-to-month,1,electronic_check,no,1
C102299,64,95.8,month-to-month,1,credit_card,no,0
C102300,19,63.69,month-to-month,1,electronic_check,no,1
C102301,11,40.87,one-year,1,electronic_check,no,0
C102302,41,24.61,one-year,1,electronic_check,no,0
C102303,63,66.26,one-year,1,credit_card,no,0
C102304,66,101.48,month-to-month,1,credit_card,no,1
C102305,7,,two-year,2,bank_transfer,no,1
C102306,24,60.86,one-year,2,credit_card,yes,1
C102307,11,79.47,month-to-month,1,bank_transfer,no,0
C102308,22,63.62,month-to-month,2,electronic_check,no,0
C102309,38,77.9,one-year,4,bank_transfer,no,0
C102310,20,71.75,month-to-month,2,electronic_check,no,1
C102311,5,88.1,month-to-month,1,electronic_check,no,1
C102312,37,70.77,one-year,0,electronic_check,no,0
C102313,4,114.06,month-to-month,3,electronic_check,yes,1
C102314,17,62.8,two-year,1,credit_card,no,0
C102315,1,21.59,month-to-month,1,credit_card,no,1
C102316,7,43.64,month-to-month,1,electronic_check,no,1
C102317,31,70.06,month-to-month,0,electronic_check,no,0
C102318,61,74.06,month-to-month,0,electronic_check,no,0
C102319,55,75.24,two-year,1,bank_transfer,no,0
C102320,8,91.46,two-year,2,credit_card,no,0
C102321,3,47.46,two-year,3,bank_transfer,no,0
C102322,25,86.49,month-to-month,2,bank_transfer,no,1
C102323,47,90.4,month-to-month,1,credit_card,no,0
C102324,54,61.13,month-to-month,1,bank_transfer,no,0
C102325,59,60.22,month-to-month,3,bank_transfer,yes,0
C102326,25,37.89,two-year,1,credit_card,no,0
C102327,12,61.4,month-to-month,3,electronic_check,yes,1
C102328,2,98.68,month-to-month,1,bank_transfer,no,1
C102329,11,110.9,month-to-month,2,electronic_check,no,1
C102330,5,79.36,one-year,2,credit_card,no,1
C102331,62,49.94,month-to-month,1,electronic_check,no,0
C102332,20,88.23,one-year,2,bank_transfer,yes,1
C102333,59,94.01,one-year,1,electronic_check,no,1
C102334,40,53.22,two-year,0,credit_card,no,0
C102335,39,102.65,month-to-month,1,credit_card,no,1
C102336,33,27.37,month-to-month,0,credit_card,no,1
C102337,59,21.08,month-to-month,2,bank_transfer,no,0
C102338,4,32.3,two-year,1,bank_transfer,no,0
C102339,7,35.6,two-year,2,credit_card,no,0
C102340,31,107.89,one-year,0,credit_card,no,0
C102341,29,62.5,month-to-month,2,electronic_check,no,1
C102342,39,47.49,month-to-month,2,electronic_check,no,1
C102343,53,62.91,one-year,2,credit_card,no,0
C102344,42,59.48,month-to-month,2,electronic_check,no,1
C102345,19,50.15,one-year,0,electronic_check,no,1
C102346,24,33.79,two-year,1,electronic_check,no,0
C102347,54,85.59,month-to-month,1,credit_card,no,1
C102348,15,33.66,month-to-month,3,bank_transfer,no,1
C102349,36,97.54,month-to-month,0,credit_card,no,1
C102350,39,40.17,month-to-month,1,credit_card,no,0
C102351,54,93.14,one-year,3,electronic_check,yes,1
C102352,51,100.56,month-to-month,2,electronic_check,no,1
C102353,33,32.53,month-to-month,2,credit_card,no,1
C102354,22,28.67,month-to-month,0,bank_transfer,yes,1
C102355,27,114.96,month-to-month,0,credit_card,no,0
C102356,30,66.3,one-year,2,electronic_check,no,1
C102357,16,83.02,one-year,0,bank_transfer,no,0
C102358,45,,month-to-month,4,credit_card,no,0
C102359,15,47.87,month-to-month,0,electronic_check,no,1
C102360,47,70.54,month-to-month,1,credit_card,no,0
C102361,54,108.62,month-to-month,2,credit_card,no,0
C102362,69,47.14,month-to-month,1,electronic_check,no,0
C102363,9,97.52,two-year,2,bank_transfer,no,1
C102364,54,86.22,month-to-month,0,electronic_check,no,0
C102365,7,31.53,month-to-month,4,credit_card,no,1
C102366,24,49.34,month-to-month,2,bank_transfer,yes,1
C102367,13,43.79,one-year,2,bank_transfer,no,1
C102368,12,64.25,month-to-month,1,credit_card,no,0
C102369,13,83.53,two-year,0,credit_card,no,0
C102370,4,63.34,month-to-month,1,credit_card,no,1
C102371,59,44.45,two-year,0,bank_transfer,no,0
C102372,5,89.59,one-year,2,bank_transfer,yes,1
C102373,29,78.45,month-to-month,1,bank_transfer,no,0
C102374,50,71.93,month-to-month,1,credit_card,no,1
C102375,71,75.44,month-to-month,0,electronic_check,no,0
C102376,61,42.19,two-year,6,electronic_check,no,0
C102377,10,88.04,two-year,2,electronic_check,yes,1
C102378,71,58.75,month-to-month,1,credit_card,no,0
C102379,47,56.35,month-to-month,2,electronic_check,no,0
C102380,13,34.97,month-to-month,1,credit_card,yes,1
C102381,32,79.68,month-to-month,2,bank_transfer,no,0
C102382,66,,one-year,3,credit_card,no,0
C102383,28,54.03,month-to-month,2,credit_card,no,0
C102384,14,105.99,month-to-month,1,bank_transfer,no,1
C102385,63,104.55,two-year,2,credit_card,no,0
C102386,68,30.91,one-year,2,electronic_check,yes,0
C102387,70,89.5,one-year,1,bank_transfer,no,0
C102388,68,59.38,month-to-month,1,electronic_check,no,0
C102389,62,119.97,two-year,2,credit_card,no,0
C102390,33,42.5,one-year,2,electronic_check,no,1
C102391,14,48.05,month-to-month,0,credit_card,no,0
C102392,44,64.21,month-to-month,3,bank_transfer,no,0
C102393,16,46.87,two-year,2,bank_transfer,yes,1
C102394,34,89.2,month-to-month,3,electronic_check,yes,1
C102395,47,68.09,two-year,2,credit_card,no,0
C102396,68,42.09,one-year,2,credit_card,no,0
C102397,21,70.64,one-year,2,credit_card,yes,1
C102398,18,108.88,one-year,2,electronic_check,yes,1
C102399,53,99.24,two-year,1,bank_transfer,no,0
C102400,1,69.88,month-to-month,1,credit_card,no,1
C102401,41,48.85,month-to-month,1,electronic_check,no,0
C102402,53,37.99,one-year,0,credit_card,no,0
C102403,40,107.84,month-to-month,1,credit_card,no,1
C102404,28,91.02,one-year,0,bank_transfer,yes,0
C102405,59,77.22,one-year,2,electronic_check,no,0
C102406,27,107.94,month-to-month,2,electronic_check,no,1
C102407,51,32.17,one-year,2,credit_card,no,0
C102408,33,88.25,month-to-month,1,electronic_check,no,1
C102409,2,41.67,two-year,4,electronic_check,yes,1
C102410,38,32.06,month-to-month,0,credit_card,no,0
C102411,4,66.56,one-year,2,bank_transfer,no,1
C102412,67,58.74,two-year,2,bank_transfer,no,0
C102413,43,114.12,month-to-month,4,bank_transfer,no,1
C102414,27,52.4,month-to-month,2,bank_transfer,no,0
C102415,35,101.49,month-to-month,2,bank_transfer,no,0
C102416,44,94.88,one-year,3,bank_transfer,no,0
C102417,19,86.79,month-to-month,3,bank_transfer,no,1
C102418,21,112.04,month-to-month,2,bank_transfer,no,1
C102419,30,60.79,two-year,2,bank_transfer,no,0
C102420,19,58.97,month-to-month,2,credit_card,yes,1
C102421,54,36.09,month-to-month,1,bank_transfer,yes,1
C102422,8,47.58,one-year,2,electronic_check,no,1
C102423,59,107.98,month-to-month,0,electronic_check,no,0
C102424,25,,month-to-month,0,electronic_check,yes,1
C102425,40,54.14,two-year,0,electronic_check,yes,0
C102426,12,41.61,one-year,0,electronic_check,no,0
C102427,28,68.5,month-to-month,1,bank_transfer,no,0
C102428,54,91.67,one-year,1,electronic_check,no,0
C102429,20,48.67,month-to-month,0,electronic_check,no,1
C102430,10,95.77,month-to-month,0,credit_card,no,1
C102431,38,82.98,one-year,0,credit_card,yes,0
C102432,12,98.76,month-to-month,1,credit_card,no,1
C102433,23,,month-to-month,2,bank_transfer,no,1
C102434,32,83.1,two-year,0,electronic_check,no,0
C102435,41,35.37,month-to-month,2,bank_transfer,no,1
C102436,46,56.38,month-to-month,5,electronic_check,no,1
C102437,49,92.44,month-to-month,2,credit_card,no,1
C102438,60,83.17,one-year,1,bank_transfer,no,0
C102439,5,38.79,one-year,3,electronic_check,no,1
C102440,26,105.83,two-year,1,credit_card,no,0
C102441,1,25.34,month-to-month,2,electronic_check,no,1
C102442,1,79.52,one-year,1,credit_card,no,1
C102443,16,118.38,one-year,0,electronic_check,no,1
C102444,43,73.15,month-to-month,1,credit_card,no,0
C102445,64,100.07,month-to-month,2,bank_transfer,no,0
C102446,55,79.52,two-year,6,electronic_check,no,1
C102447,46,98.31,month-to-month,0,bank_transfer,no,1
C102448,56,85.56,one-year,1,bank_transfer,no,1
C102449,13,89.11,month-to-month,2,electronic_check,yes,1
C102450,60,42.78,month-to-month,1,electronic_check,yes,1
C102451,64,,two-year,0,credit_card,no,0
C102452,7,43.79,two-year,3,bank_transfer,no,1
C102453,34,118.06,month-to-month,3,electronic_check,no,1
C102454,59,42.78,one-year,1,bank_transfer,no,0
C102455,34,43.67,month-to-month,1,credit_card,no,1
C102456,60,105.87,one-year,2,credit_card,no,0
C102457,67,44.3,month-to-month,1,electronic_check,no,0
C102458,34,56.09,month-to-month,4,bank_transfer,no,1
C102459,5,91.46,month-to-month,1,electronic_check,yes,1
C102460,25,35.87,month-to-month,1,electronic_check,no,0
C102461,16,35.91,month-to-month,1,credit_card,no,1
C102462,34,68.64,month-to-month,4,bank_transfer,no,1
C102463,42,44.37,two-year,2,credit_card,yes,0
C102464,33,43.57,month-to-month,0,electronic_check,no,0
C102465,14,20.92,month-to-month,2,bank_transfer,no,0
C102466,22,57.04,month-to-month,1,electronic_check,no,1
C102467,49,51.83,one-year,2,credit_card,no,0
C102468,2,23.12,month-to-month,2,credit_card,no,1
C102469,16,82.12,month-to-month,1,electronic_check,no,1
C102470,64,82.67,one-year,3,bank_transfer,yes,0
C102471,8,27.08,month-to-month,0,credit_card,no,1
C102472,30,51.7,two-year,2,electronic_check,no,0
C102473,15,107.28,month-to-month,3,bank_transfer,no,1
C102474,8,78.22,one-year,0,credit_card,no,1
C102475,31,61.2,month-to-month,3,credit_card,no,1
C102476,38,66.51,one-year,0,electronic_check,no,1
C102477,13,40.83,two-year,0,credit_card,no,0
C102478,6,101.19,month-to-month,0,bank_transfer,no,1
C102479,10,111.4,month-to-month,4,credit_card,no,1
C102480,47,111.07,month-to-month,2,electronic_check,yes,1
C102481,62,42.39,month-to-month,3,electronic_check,no,1
C102482,13,51.07,two-year,3,electronic_check,yes,1
C102483,23,36.06,one-year,0,electronic_check,no,0
C102484,25,50.72,one-year,1,credit_card,no,0
C102485,26,,two-year,0,electronic_check,no,0
C102486,18,83.31,two-year,1,credit_card,no,0
C102487,4,38.96,two-year,2,bank_transfer,no,0
C102488,38,111.94,month-to-month,2,electronic_check,yes,1
C102489,26,30.31,month-to-month,0,credit_card,no,0
C102490,25,20.69,month-to-month,1,credit_card,yes,1
C102491,19,105.49,month-to-month,2,credit_card,no,1
C102492,66,90.38,month-to-month,0,bank_transfer,yes,0
C102493,44,55.54,month-to-month,2,bank_transfer,no,1
C102494,30,79.55,month-to-month,1,bank_transfer,yes,1
C102495,15,42.35,month-to-month,1,credit_card,no,1
C102496,57,36.84,month-to-month,1,credit_card,no,0
C102497,64,67.11,month-to-month,2,credit_card,no,0
C102498,3,55.32,month-to-month,4,credit_card,no,1
C102499,67,81.52,month-to-month,1,bank_transfer,no,0
C102500,50,41.81,one-year,2,credit_card,no,0
C102501,8,86.29,one-year,1,credit_card,no,1
C102502,54,96.69,month-to-month,1,bank_transfer,no,0
C102503,8,36.66,month-to-month,1,bank_transfer,no,1
C102504,4,24.39,month-to-month,0,electronic_check,no,1
C102505,9,63.96,month-to-month,1,bank_transfer,no,1
C102506,33,97.4,month-to-month,1,electronic_check,no,1
C102507,44,85.08,two-year,6,electronic_check,no,1
C102508,29,90.19,month-to-month,1,bank_transfer,no,1
C102509,9,60.28,month-to-month,2,bank_transfer,no,1
C102510,15,43.49,one-year,0,credit_card,no,0
C102511,61,73.18,month-to-month,0,electronic_check,yes,0
C102512,69,40.44,month-to-month,0,electronic_check,no,0
C102513,54,92.62,month-to-month,1,bank_transfer,no,0
C102514,8,39.7,two-year,2,bank_transfer,no,0
C102515,59,49.13,month-to-month,5,credit_card,no,1
C102516,50,70.65,one-year,3,bank_transfer,yes,1
C102517,38,68.67,one-year,2,credit_card,yes,1
C102518,11,80.08,month-to-month,3,credit_card,yes,1
C102519,71,63.74,one-year,2,credit_card,yes,0
C102520,32,111.95,month-to-month,3,bank_transfer,no,1
C102521,4,103.99,month-to-month,2,bank_transfer,no,1
C102522,15,107.91,month-to-month,1,bank_transfer,yes,1
C102523,29,82.95,two-year,1,electronic_check,no,0
C102524,5,83.5,month-to-month,2,bank_transfer,no,1
C102525,23,80.92,month-to-month,1,electronic_check,no,1
C102526,34,63.49,two-year,1,credit_card,no,0
C102527,68,52.21,month-to-month,3,credit_card,no,0
C102528,7,79.2,two-year,1,bank_transfer,no,0
C102529,41,22.55,one-year,3,credit_card,no,0
C102530,66,20.75,one-year,2,electronic_check,no,0
C102531,58,105.16,one-year,2,credit_card,yes,1
C102532,66,24.64,one-year,3,electronic_check,no,0
C102533,13,72.48,month-to-month,0,electronic_check,no,1
C102534,57,81.5,two-year,1,bank_transfer,yes,0
C102535,70,39.82,two-year,0,credit_card,no,0
C102536,24,109.57,two-year,1,bank_transfer,no,0
C102537,36,39.01,one-year,2,bank_transfer,no,0
C102538,38,108.45,month-to-month,1,bank_transfer,yes,1
C102539,36,96.3,month-to-month,0,credit_card,no,0
C102540,21,44.07,month-to-month,2,credit_card,no,1
C102541,69,35.07,month-to-month,2,electronic_check,no,1
C102542,68,51.62,one-year,2,credit_card,no,0
C102543,28,59.8,one-year,0,bank_transfer,no,0
C102544,58,44.58,month-to-month,2,electronic_check,yes,0
C102545,29,119.89,month-to-month,2,credit_card,no,1
C102546,57,42.97,one-year,5,electronic_check,no,0
C102547,42,103.06,month-to-month,1,bank_transfer,no,0
C102548,34,35.91,two-year,2,bank_transfer,no,0
C102549,10,118.02,one-year,1,electronic_check,no,1
C102550,47,42.55,month-to-month,0,electronic_check,no,0
C102551,23,62.17,month-to-month,0,bank_transfer,no,0
C102552,16,75.86,one-year,1,credit_card,no,1
C102553,14,32.03,month-to-month,3,electronic_check,no,1
C102554,70,101.68,two-year,0,credit_card,no,0
C102555,8,47.47,month-to-month,2,electronic_check,no,1
C102556,57,74.93,month-to-month,2,bank_transfer,no,1
C102557,62,74.96,month-to-month,1,bank_transfer,no,0
C102558,3,80.26,one-year,0,electronic_check,yes,1
C102559,42,25.55,two-year,0,electronic_check,no,0
C102560,41,36.86,two-year,3,credit_card,no,0
C102561,26,,month-to-month,4,electronic_check,yes,1
C102562,48,50.21,two-year,1,bank_transfer,no,0
C102563,30,34.49,month-to-month,3,bank_transfer,no,1
C102564,32,112.19,one-year,0,bank_transfer,yes,0
C102565,31,71.3,two-year,1,electronic_check,no,0
C102566,57,82.36,month-to-month,2,credit_card,no,0
C102567,45,55.75,two-year,0,bank_transfer,no,0
C102568,27,47.62,month-to-month,3,electronic_check,no,1
C102569,66,70.32,month-to-month,1,bank_transfer,no,0
C102570,57,,month-to-month,3,bank_transfer,no,0
C102571,67,54.36,two-year,2,bank_transfer,no,0
C102572,52,65.28,month-to-month,0,bank_transfer,no,0
C102573,28,70.57,two-year,1,electronic_check,no,1
C102574,55,118.43,month-to-month,3,electronic_check,no,0
C102575,24,42.33,one-year,1,electronic_check,no,1
C102576,20,68.8,one-year,1,credit_card,no,0
C102577,33,34.95,month-to-month,0,credit_card,no,0
C102578,69,55.0,one-year,0,electronic_check,no,0
C102579,41,91.73,one-year,1,bank_transfer,no,0
C102580,28,37.45,month-to-month,0,bank_transfer,no,1
C102581,33,78.14,month-to-month,1,bank_transfer,no,0
C102582,21,61.67,month-to-month,2,bank_transfer,no,1
C102583,47,25.16,two-year,0,electronic_check,no,0
C102584,25,113.31,one-year,0,bank_transfer,no,0
C102585,40,61.36,two-year,2,bank_transfer,no,1
C102586,27,98.39,one-year,1,bank_transfer,no,1
C102587,23,61.63,two-year,0,credit_card,no,0
C102588,69,113.74,month-to-month,2,electronic_check,no,1
C102589,25,49.05,month-to-month,3,credit_card,no,1
C102590,6,61.22,one-year,2,credit_card,no,1
C102591,27,95.89,month-to-month,0,credit_card,no,0
C102592,38,54.37,month-to-month,3,credit_card,no,1
C102593,7,56.44,one-year,3,credit_card,no,1
C102594,22,119.48,two-year,1,credit_card,no,0
C102595,12,75.56,one-year,3,credit_card,no,1
C102596,36,88.94,month-to-month,2,electronic_check,no,1
C102597,52,84.35,two-year,0,credit_card,no,0
C102598,69,102.79,month-to-month,0,electronic_check,yes,0
C102599,28,106.18,month-to-month,3,electronic_check,no,1
C102600,62,76.33,two-year,2,electronic_check,yes,0
C102601,16,49.46,one-year,0,bank_transfer,no,1
C102602,56,22.28,two-year,0,credit_card,yes,0
C102603,40,81.44,two-year,6,bank_transfer,yes,0
C102604,54,102.55,one-year,1,bank_transfer,no,0
C102605,54,65.05,month-to-month,3,electronic_check,no,1
C102606,38,36.47,month-to-month,2,credit_card,no,0
C102607,19,48.81,two-year,2,credit_card,no,0
C102608,38,71.0,two-year,1,bank_transfer,yes,0
C102609,59,103.67,month-to-month,1,electronic_check,no,0
C102610,69,,month-to-month,2,credit_card,yes,0
C102611,66,81.21,month-to-month,2,electronic_check,no,1
C102612,13,95.34,month-to-month,1,electronic_check,yes,1
C102613,43,113.6,two-year,2,bank_transfer,yes,0
C102614,8,31.67,month-to-month,3,bank_transfer,no,1
C102615,48,112.64,month-to-month,3,bank_transfer,no,1
C102616,71,80.15,two-year,3,electronic_check,no,0
C102617,4,96.67,month-to-month,0,credit_card,no,1
C102618,47,25.38,month-to-month,2,credit_card,no,1
C102619,68,70.61,month-to-month,1,bank_transfer,no,0
C102620,61,82.26,month-to-month,0,credit_card,no,0
C102621,28,50.68,month-to-month,1,bank_transfer,no,1
C102622,8,63.17,month-to-month,2,electronic_check,no,1
C102623,66,75.43,month-to-month,1,bank_transfer,no,0
C102624,66,75.25,month-to-month,2,electronic_check,yes,0
C102625,42,24.19,month-to-month,0,bank_transfer,no,0
C102626,70,63.95,month-to-month,1,credit_card,no,0
C102627,1,41.38,two-year,2,bank_transfer,no,1
C102628,44,111.67,month-to-month,0,bank_transfer,no,1
C102629,3,117.66,month-to-month,1,credit_card,no,1
C102630,67,49.96,two-year,2,bank_transfer,no,0
C102631,49,37.52,month-to-month,0,credit_card,no,0
C102632,65,41.95,month-to-month,0,electronic_check,yes,0
C102633,40,67.78,two-year,3,bank_transfer,no,0
C102634,6,107.45,one-year,0,credit_card,no,1
C102635,2,70.0,month-to-month,2,credit_card,no,1
C102636,24,25.54,one-year,0,bank_transfer,no,0
C102637,53,23.99,one-year,0,electronic_check,yes,0
C102638,11,42.74,month-to-month,1,bank_transfer,no,1
C102639,61,104.28,month-to-month,1,electronic_check,no,1
C102640,18,82.15,month-to-month,1,credit_card,no,1
C102641,36,76.3,two-year,1,electronic_check,no,0
C102642,15,51.9,month-to-month,0,bank_transfer,no,0
C102643,34,112.94,month-to-month,1,credit_card,no,1
C102644,33,53.12,month-to-month,1,credit_card,no,1
C102645,1,103.49,two-year,3,bank_transfer,no,1
C102646,41,109.59,month-to-month,1,credit_card,no,0
C102647,56,68.33,month-to-month,3,bank_transfer,no,0
C102648,67,109.43,month-to-month,3,bank_transfer,no,1
C102649,24,47.68,one-year,5,electronic_check,no,0
C102650,63,85.84,month-to-month,0,bank_transfer,no,0
C102651,63,28.8,two-year,2,electronic_check,no,0
C102652,71,67.39,month-to-month,5,credit_card,no,0
C102653,27,41.73,month-to-month,2,bank_transfer,no,1
C102654,61,26.28,month-to-month,1,bank_transfer,no,0
C102655,41,20.37,month-to-month,3,credit_card,no,0
C102656,5,52.48,month-to-month,4,electronic_check,no,1
C102657,20,78.95,one-year,2,bank_transfer,no,1
C102658,48,65.52,month-to-month,1,electronic_check,no,0
C102659,12,50.18,one-year,1,electronic_check,no,1
C102660,31,119.12,month-to-month,2,electronic_check,no,1
C102661,56,113.95,one-year,5,bank_transfer,no,1
C102662,11,32.57,month-to-month,3,electronic_check,no,1
C102663,36,61.51,month-to-month,3,electronic_check,yes,1
C102664,16,84.88,month-to-month,2,electronic_check,no,1
C102665,39,93.35,two-year,2,electronic_check,no,0
C102666,18,56.64,two-year,2,electronic_check,no,1
C102667,69,94.63,two-year,0,electronic_check,no,0
C102668,6,32.42,two-year,3,credit_card,no,1
C102669,69,53.18,month-to-month,2,bank_transfer,no,0
C102670,57,91.64,month-to-month,5,bank_transfer,no,1
C102671,61,82.57,month-to-month,1,electronic_check,no,0
C102672,61,103.72,two-year,1,electronic_check,no,0
C102673,14,24.69,month-to-month,1,electronic_check,no,1
C102674,67,37.44,month-to-month,0,bank_transfer,no,0
C102675,43,24.85,one-year,2,electronic_check,no,0
C102676,69,39.21,month-to-month,5,credit_card,no,0
C102677,63,20.43,one-year,1,electronic_check,no,0
C102678,42,70.42,month-to-month,2,credit_card,yes,1
C102679,27,72.83,one-year,4,bank_transfer,no,0
C102680,9,85.79,two-year,0,electronic_check,no,0
C102681,8,58.49,one-year,2,electronic_check,yes,1
C102682,28,20.32,month-to-month,1,credit_card,no,0
C102683,58,87.39,month-to-month,1,bank_transfer,no,0
C102684,36,25.43,month-to-month,0,bank_transfer,no,0
C102685,35,106.62,month-to-month,0,electronic_check,no,1
C102686,18,22.27,one-year,1,credit_card,yes,1
C102687,41,73.05,month-to-month,1,electronic_check,yes,0
C102688,46,109.49,month-to-month,2,bank_transfer,no,1
C102689,70,77.25,month-to-month,1,electronic_check,no,0
C102690,52,80.84,two-year,4,electronic_check,no,1
C102691,44,88.16,month-to-month,0,bank_transfer,no,0
C102692,65,32.24,month-to-month,0,bank_transfer,no,0
C102693,31,87.49,month-to-month,1,electronic_check,no,1
C102694,67,108.04,month-to-month,0,electronic_check,no,0
C102695,27,117.42,two-year,0,electronic_check,no,0
C102696,10,64.31,month-to-month,0,bank_transfer,no,1
C102697,30,54.45,one-year,1,bank_transfer,no,0
C102698,10,95.33,one-year,2,credit_card,yes,1
C102699,9,74.29,two-year,1,bank_transfer,no,1
C102700,63,45.73,one-year,1,credit_card,yes,0
C102701,57,37.22,one-year,2,electronic_check,no,0
C102702,16,37.02,month-to-month,0,credit_card,no,0
C102703,60,65.92,month-to-month,0,electronic_check,yes,0
C102704,5,37.01,one-year,2,electronic_check,no,1
C102705,21,21.97,one-year,0,bank_transfer,no,0
C102706,51,25.21,month-to-month,1,electronic_check,no,0
C102707,22,112.99,month-to-month,1,bank_transfer,no,1
C102708,52,27.3,month-to-month,6,electronic_check,no,1
C102709,63,27.32,month-to-month,0,electronic_check,no,0
C102710,5,65.12,month-to-month,0,credit_card,no,1
C102711,2,44.51,month-to-month,2,electronic_check,yes,1
C102712,67,116.27,month-to-month,3,electronic_check,no,0
C102713,37,111.1,one-year,0,credit_card,no,1
C102714,36,60.47,one-year,1,credit_card,no,0
C102715,33,64.87,one-year,1,credit_card,no,1
C102716,31,57.51,one-year,1,electronic_check,yes,1
C102717,49,23.79,month-to-month,1,electronic_check,no,0
C102718,42,49.28,month-to-month,1,bank_transfer,no,1
C102719,12,32.27,one-year,1,electronic_check,no,0
C102720,45,30.24,two-year,0,electronic_check,no,0
C102721,48,76.09,one-year,4,bank_transfer,no,0
C102722,9,29.88,one-year,1,electronic_check,no,0
C102723,27,30.29,one-year,5,electronic_check,no,1
C102724,57,68.05,one-year,2,electronic_check,no,1
C102725,44,64.23,one-year,2,bank_transfer,no,0
C102726,10,33.76,one-year,2,credit_card,no,0
C102727,3,20.44,month-to-month,0,credit_card,no,1
C102728,42,39.3,month-to-month,1,electronic_check,no,0
C102729,33,43.59,month-to-month,1,electronic_check,yes,1
C102730,69,100.02,month-to-month,1,electronic_check,yes,1
C102731,38,111.54,one-year,5,credit_card,no,1
C102732,67,60.59,month-to-month,0,electronic_check,yes,0
C102733,16,60.5,month-to-month,1,credit_card,no,1
C102734,32,91.25,one-year,5,bank_transfer,no,1
C102735,10,82.69,month-to-month,2,electronic_check,yes,1
C102736,41,38.41,two-year,3,credit_card,no,0
C102737,14,30.77,month-to-month,0,bank_transfer,no,0
C102738,35,63.76,month-to-month,3,electronic_check,no,0
C102739,25,76.48,month-to-month,3,credit_card,no,1
C102740,14,33.87,month-to-month,1,credit_card,no,1
C102741,7,49.33,month-to-month,0,bank_transfer,no,0
C102742,37,50.59,month-to-month,1,electronic_check,no,0
C102743,68,46.13,month-to-month,2,bank_transfer,no,0
C102744,15,66.08,month-to-month,0,bank_transfer,no,1
C102745,29,85.31,one-year,3,bank_transfer,no,1
C102746,16,70.94,month-to-month,3,credit_card,no,1
C102747,58,40.15,month-to-month,1,bank_transfer,no,0
C102748,30,30.29,month-to-month,3,electronic_check,no,1
C102749,70,102.19,two-year,2,bank_transfer,no,0
C102750,18,67.93,one-year,2,electronic_check,no,1
C102751,6,26.21,two-year,3,bank_transfer,yes,1
C102752,42,45.81,two-year,3,electronic_check,no,0
C102753,47,100.4,month-to-month,2,bank_transfer,no,1
C102754,71,95.17,one-year,3,bank_transfer,yes,0
C102755,62,107.58,month-to-month,0,electronic_check,yes,0
C102756,63,80.21,two-year,4,credit_card,no,0
C102757,46,62.29,month-to-month,0,bank_transfer,no,0
C102758,26,62.66,month-to-month,0,electronic_check,no,1
C102759,31,39.4,two-year,0,electronic_check,no,0
C102760,10,85.08,two-year,1,credit_card,yes,1
C102761,31,78.51,two-year,0,electronic_check,no,0
C102762,26,35.49,month-to-month,1,bank_transfer,no,1
C102763,3,108.57,month-to-month,3,bank_transfer,no,1
C102764,15,56.85,month-to-month,0,credit_card,no,1
C102765,38,24.97,month-to-month,1,credit_card,no,0
C102766,27,52.79,month-to-month,2,bank_transfer,no,0
C102767,71,106.99,month-to-month,2,bank_transfer,no,0
C102768,34,111.7,one-year,0,credit_card,yes,0
C102769,69,69.04,month-to-month,2,electronic_check,yes,0
C102770,47,115.63,one-year,0,bank_transfer,no,0
C102771,3,107.52,two-year,3,credit_card,no,1
C102772,15,102.52,one-year,1,electronic_check,no,1
C102773,51,105.97,month-to-month,2,credit_card,no,1
C102774,39,58.19,month-to-month,1,electronic_check,no,1
C102775,22,95.65,month-to-month,2,electronic_check,no,1
C102776,38,77.73,one-year,2,electronic_check,no,0
C102777,65,91.97,month-to-month,4,electronic_check,yes,1
C102778,28,37.78,month-to-month,1,electronic_check,no,1
C102779,4,93.14,two-year,3,credit_card,no,1
C102780,23,115.76,one-year,2,bank_transfer,no,1
C102781,67,50.27,two-year,0,bank_transfer,no,0
C102782,55,118.62,month-to-month,1,bank_transfer,no,0
C102783,60,57.84,two-year,2,credit_card,no,0
C102784,65,39.97,month-to-month,4,credit_card,no,0
C102785,9,31.23,month-to-month,1,electronic_check,no,1
C102786,21,98.5,two-year,1,electronic_check,no,0
C102787,5,75.48,two-year,1,electronic_check,no,0
C102788,1,50.71,month-to-month,1,bank_transfer,no,1
C102789,60,80.85,month-to-month,1,bank_transfer,no,0
C102790,67,53.21,month-to-month,0,electronic_check,no,0
C102791,12,64.84,one-year,2,electronic_check,no,1
C102792,52,106.27,two-year,1,bank_transfer,no,0
C102793,38,86.82,month-to-month,3,bank_transfer,no,1
C102794,5,96.24,month-to-month,3,electronic_check,no,1
C102795,66,78.35,one-year,5,electronic_check,no,1
C102796,62,119.14,one-year,1,credit_card,no,0
C102797,41,44.14,month-to-month,1,credit_card,no,0
C102798,51,46.23,one-year,3,credit_card,no,0
C102799,29,29.26,two-year,3,credit_card,no,0
C102800,57,75.4,month-to-month,0,electronic_check,no,0
C102801,32,81.34,one-year,1,bank_transfer,no,1
C102802,71,92.6,one-year,1,credit_card,no,0
C102803,5,53.54,month-to-month,0,credit_card,yes,1
C102804,13,21.23,two-year,1,bank_transfer,no,0
C102805,69,83.22,one-year,2,electronic_check,no,0
C102806,21,119.87,month-to-month,0,bank_transfer,no,1
C102807,23,49.45,month-to-month,1,bank_transfer,yes,1
C102808,57,38.39,one-year,1,credit_card,no,0
C102809,14,48.18,month-to-month,2,credit_card,no,1
C102810,37,62.54,month-to-month,7,electronic_check,no,1
C102811,21,45.09,month-to-month,2,electronic_check,no,1
C102812,15,54.7,one-year,1,electronic_check,no,1
C102813,69,83.82,two-year,1,bank_transfer,no,0
C102814,15,54.5,one-year,1,credit_card,no,1
C102815,7,59.61,two-year,1,bank_transfer,no,0
C102816,48,24.0,month-to-month,1,electronic_check,no,0
C102817,62,111.79,month-to-month,1,credit_card,yes,0
C102818,10,60.69,two-year,2,electronic_check,no,1
C102819,51,52.81,month-to-month,2,electronic_check,no,1
C102820,39,28.65,two-year,1,electronic_check,no,0
C102821,59,83.42,month-to-month,1,bank_transfer,no,0
C102822,10,106.38,month-to-month,3,bank_transfer,no,1
C102823,70,24.12,one-year,3,electronic_check,no,0
C102824,44,34.53,month-to-month,0,credit_card,yes,0
C102825,60,34.64,month-to-month,0,electronic_check,no,0
C102826,26,80.23,month-to-month,2,bank_transfer,no,1
C102827,67,112.12,month-to-month,1,bank_transfer,no,0
C102828,45,63.78,month-to-month,2,bank_transfer,no,1
C102829,10,54.38,two-year,4,credit_card,no,1
C102830,66,96.58,month-to-month,0,electronic_check,no,0
C102831,57,94.26,two-year,0,electronic_check,no,0
C102832,22,44.68,one-year,2,bank_transfer,no,0
C102833,39,36.08,month-to-month,4,credit_card,no,1
C102834,28,55.78,month-to-month,4,electronic_check,no,1
C102835,39,97.56,two-year,1,electronic_check,yes,0
C102836,69,89.51,one-year,1,electronic_check,no,0
C102837,64,86.59,two-year,0,credit_card,no,0
C102838,16,102.94,month-to-month,0,credit_card,yes,1
C102839,69,47.71,one-year,2,bank_transfer,no,0
C102840,32,53.97,one-year,1,credit_card,no,0
C102841,51,24.23,two-year,1,bank_transfer,yes,0
C102842,55,106.87,month-to-month,3,bank_transfer,no,1
C102843,35,78.24,two-year,1,bank_transfer,yes,0
C102844,33,49.81,month-to-month,1,electronic_check,no,1
C102845,33,26.94,two-year,2,bank_transfer,no,0
C102846,62,92.34,month-to-month,1,bank_transfer,no,0
C102847,28,94.87,one-year,2,electronic_check,no,1
C102848,20,86.62,month-to-month,1,bank_transfer,no,0
C102849,26,40.38,two-year,0,electronic_check,no,0
C102850,14,111.32,month-to-month,2,electronic_check,no,1
C102851,28,95.32,month-to-month,1,electronic_check,yes,1
C102852,9,85.78,one-year,3,bank_transfer,yes,1
C102853,7,85.09,one-year,0,bank_transfer,no,1
C102854,52,110.44,month-to-month,2,bank_transfer,no,1
C102855,6,112.83,one-year,1,bank_transfer,no,1
C102856,41,79.56,month-to-month,1,electronic_check,no,1
C102857,56,61.67,one-year,0,electronic_check,no,0
C102858,52,56.37,one-year,3,bank_transfer,yes,0
C102859,32,101.91,one-year,2,credit_card,no,1
C102860,14,84.46,two-year,1,bank_transfer,no,0
C102861,67,27.73,month-to-month,0,credit_card,no,0
C102862,60,34.22,month-to-month,1,credit_card,no,1
C102863,44,,one-year,2,credit_card,yes,0
C102864,7,108.45,month-to-month,2,electronic_check,yes,1
C102865,3,115.18,month-to-month,3,electronic_check,no,1
C102866,23,62.79,one-year,0,credit_card,no,0
C102867,12,,month-to-month,1,electronic_check,no,1
C102868,62,102.82,month-to-month,0,credit_card,no,0
C102869,15,,two-year,1,credit_card,no,0
C102870,21,34.53,month-to-month,3,credit_card,yes,1
C102871,70,119.7,month-to-month,2,credit_card,no,0
C102872,59,23.02,month-to-month,1,electronic_check,no,0
C102873,16,79.73,month-to-month,1,credit_card,no,1
C102874,28,85.02,one-year,0,bank_transfer,no,0
C102875,37,88.18,one-year,2,bank_transfer,no,0
C102876,48,45.56,one-year,2,bank_transfer,no,0
C102877,67,92.16,month-to-month,3,credit_card,no,1
C102878,62,41.64,month-to-month,1,bank_transfer,no,0
C102879,70,102.9,month-to-month,1,electronic_check,no,1
C102880,3,41.91,one-year,0,bank_transfer,no,0
C102881,17,89.67,one-year,1,electronic_check,no,1
C102882,40,98.34,month-to-month,2,bank_transfer,no,1
C102883,4,38.89,two-year,1,electronic_check,no,0
C102884,26,43.8,one-year,1,credit_card,no,0
C102885,11,97.91,month-to-month,3,electronic_check,no,1
C102886,67,28.6,one-year,1,bank_transfer,no,0
C102887,5,39.08,one-year,3,electronic_check,no,1
C102888,11,65.55,month-to-month,3,electronic_check,yes,1
C102889,14,113.02,month-to-month,2,electronic_check,no,1
C102890,11,76.19,one-year,0,credit_card,no,1
C102891,41,58.77,two-year,0,bank_transfer,no,0
C102892,26,117.84,one-year,2,electronic_check,no,1
C102893,65,66.37,one-year,0,electronic_check,no,0
C102894,19,63.37,one-year,1,bank_transfer,no,0
C102895,39,61.16,month-to-month,0,bank_transfer,no,0
C102896,47,51.22,month-to-month,0,credit_card,no,0
C102897,45,52.57,month-to-month,2,bank_transfer,no,0
C102898,57,88.78,two-year,1,bank_transfer,no,0
C102899,15,24.08,two-year,1,credit_card,no,0
C102900,37,88.18,two-year,3,electronic_check,no,0
C102901,57,40.12,month-to-month,2,bank_transfer,no,1
C102902,62,58.42,month-to-month,1,credit_card,no,0
C102903,44,34.65,one-year,1,electronic_check,no,0
C102904,47,75.28,month-to-month,1,electronic_check,yes,1
C102905,62,92.94,month-to-month,2,electronic_check,no,1
C102906,45,55.47,one-year,1,electronic_check,no,0
C102907,68,36.34,one-year,1,bank_transfer,no,0
C102908,10,42.65,one-year,1,bank_transfer,yes,1
C102909,25,101.81,month-to-month,1,bank_transfer,no,1
C102910,8,46.76,month-to-month,2,electronic_check,no,1
C102911,7,97.47,month-to-month,1,electronic_check,no,1
C102912,34,53.12,month-to-month,1,electronic_check,no,0
C102913,17,38.87,month-to-month,3,electronic_check,no,1
C102914,29,92.73,month-to-month,0,credit_card,no,0
C102915,32,66.85,two-year,2,bank_transfer,yes,0
C102916,45,23.13,month-to-month,1,bank_transfer,no,0
C102917,68,115.99,month-to-month,2,bank_transfer,no,1
C102918,61,34.78,month-to-month,2,electronic_check,no,0
C102919,27,55.34,one-year,4,bank_transfer,no,1
C102920,24,58.48,month-to-month,1,electronic_check,no,1
C102921,55,68.94,month-to-month,4,electronic_check,no,1
C102922,9,,month-to-month,4,bank_transfer,no,1
C102923,39,20.61,month-to-month,3,credit_card,yes,1
C102924,31,113.25,one-year,0,electronic_check,no,1
C102925,13,84.6,month-to-month,3,electronic_check,no,1
C102926,44,115.06,month-to-month,0,bank_transfer,no,1
C102927,23,101.74,one-year,4,credit_card,no,1
C102928,14,112.78,month-to-month,1,bank_transfer,no,1
C102929,47,80.1,one-year,2,electronic_check,no,0
C102930,13,55.73,month-to-month,2,bank_transfer,no,1
C102931,48,64.29,one-year,0,bank_transfer,no,0
C102932,12,85.8,month-to-month,3,bank_transfer,no,1
C102933,31,62.69,month-to-month,1,electronic_check,no,1
C102934,58,93.17,month-to-month,1,bank_transfer,no,0
C102935,17,29.18,two-year,1,electronic_check,no,0
C102936,55,103.0,month-to-month,0,electronic_check,no,0
C102937,52,40.42,two-year,1,electronic_check,no,0
C102938,65,114.39,two-year,1,electronic_check,no,0
C102939,12,35.55,month-to-month,3,electronic_check,no,1
C102940,51,32.92,month-to-month,3,electronic_check,no,0
C102941,67,101.19,month-to-month,0,credit_card,no,0
C102942,55,101.87,two-year,1,bank_transfer,no,0
C102943,14,93.88,one-year,2,credit_card,no,1
C102944,59,116.05,month-to-month,3,electronic_check,no,1
C102945,8,47.05,month-to-month,2,credit_card,no,1
C102946,42,102.66,two-year,1,electronic_check,no,0
C102947,36,55.2,month-to-month,1,electronic_check,no,1
C102948,38,73.74,month-to-month,1,credit_card,no,1
C102949,37,64.56,month-to-month,1,electronic_check,no,1
C102950,3,20.59,month-to-month,1,bank_transfer,no,1
C102951,37,77.45,two-year,3,credit_card,yes,1
C102952,67,94.75,one-year,2,electronic_check,no,0
C102953,32,37.46,month-to-month,4,electronic_check,no,1
C102954,20,113.17,month-to-month,0,electronic_check,no,1
C102955,71,73.04,one-year,3,credit_card,no,0
C102956,8,37.82,month-to-month,1,bank_transfer,no,1
C102957,35,84.59,month-to-month,2,bank_transfer,no,1
C102958,37,39.19,month-to-month,1,bank_transfer,no,0
C102959,34,26.35,one-year,2,bank_transfer,no,0
C102960,66,88.53,two-year,3,bank_transfer,no,0
C102961,30,31.07,one-year,4,electronic_check,no,0
C102962,70,30.62,month-to-month,0,credit_card,no,0
C102963,5,93.99,one-year,0,credit_card,no,1
C102964,53,25.52,month-to-month,2,credit_card,no,0
C102965,43,100.98,two-year,2,electronic_check,no,0
C102966,18,99.61,month-to-month,2,electronic_check,no,1
C102967,17,34.14,month-to-month,1,electronic_check,no,1
C102968,52,71.84,month-to-month,4,credit_card,no,1
C102969,46,29.66,month-to-month,2,bank_transfer,no,0
C102970,44,83.26,month-to-month,2,bank_transfer,yes,1
C102971,4,26.29,one-year,2,credit_card,no,0
C102972,43,114.45,one-year,2,bank_transfer,no,0
C102973,70,40.77,two-year,2,electronic_check,no,0
C102974,2,88.29,month-to-month,1,electronic_check,no,1
C102975,34,32.83,month-to-month,1,electronic_check,no,0
C102976,36,40.96,month-to-month,4,credit_card,no,1
C102977,64,,month-to-month,0,bank_transfer,no,0
C102978,21,77.31,month-to-month,2,bank_transfer,no,1
C102979,34,119.89,two-year,1,credit_card,no,0
C102980,51,,two-year,2,bank_transfer,no,0
C102981,5,20.03,month-to-month,1,bank_transfer,yes,1
C102982,57,55.04,one-year,2,credit_card,no,0
C102983,59,56.62,one-year,1,bank_transfer,yes,0
C102984,52,108.38,month-to-month,1,bank_transfer,no,0
C102985,47,111.26,one-year,2,credit_card,no,0
C102986,54,108.05,month-to-month,2,bank_transfer,no,1
C102987,56,34.32,month-to-month,0,electronic_check,no,0
C102988,65,61.21,two-year,2,credit_card,no,0
C102989,31,94.59,one-year,0,bank_transfer,no,0
C102990,33,51.26,month-to-month,1,credit_card,no,0
C102991,46,86.32,month-to-month,0,electronic_check,no,0
C102992,14,43.71,two-year,2,electronic_check,no,0
C102993,61,52.34,month-to-month,2,bank_transfer,no,0
C102994,55,106.04,two-year,1,electronic_check,no,0
C102995,45,45.05,two-year,2,bank_transfer,no,0
C102996,22,116.43,month-to-month,1,electronic_check,no,1
C102997,25,50.63,one-year,1,electronic_check,no,1
C102998,31,22.35,one-year,1,bank_transfer,no,0
C102999,48,45.49,one-year,0,bank_transfer,no,0
C103000,56,37.12,month-to-month,1,electronic_check,no,0
C103001,48,70.68,month-to-month,2,credit_card,no,0
C103002,67,31.27,month-to-month,1,credit_card,yes,0
C103003,69,82.6,one-year,5,bank_transfer,no,1
C103004,51,107.49,one-year,0,credit_card,no,0
C103005,27,56.25,one-year,0,bank_transfer,no,0
C103006,43,36.85,one-year,2,electronic_check,no,0
C103007,31,60.0,month-to-month,2,electronic_check,no,1
C103008,45,98.6,month-to-month,2,electronic_check,no,0
C103009,58,79.15,one-year,1,electronic_check,no,0
C103010,27,30.11,month-to-month,2,credit_card,no,1
C103011,36,73.72,one-year,0,electronic_check,no,0
C103012,4,66.81,month-to-month,0,bank_transfer,no,1
C103013,53,52.71,month-to-month,3,electronic_check,no,1
C103014,35,31.02,two-year,3,credit_card,no,0
C103015,33,118.11,month-to-month,1,credit_card,no,1
C103016,38,37.6,month-to-month,3,electronic_check,no,1
C103017,16,39.27,one-year,0,credit_card,no,0
C103018,43,34.56,one-year,0,bank_transfer,yes,0
C103019,53,77.02,two-year,2,credit_card,no,0
C103020,25,64.37,two-year,1,credit_card,no,0
C103021,10,44.96,one-year,3,electronic_check,no,1
C103022,28,62.94,month-to-month,2,electronic_check,no,1
C103023,15,87.35,month-to-month,1,credit_card,no,1
C103024,27,48.17,two-year,2,electronic_check,no,0
C103025,45,111.52,month-to-month,2,credit_card,no,1
C103026,9,50.63,two-year,1,credit_card,no,0
C103027,54,39.82,one-year,1,electronic_check,no,0
C103028,16,115.46,month-to-month,3,credit_card,no,1
C103029,64,101.06,month-to-month,2,credit_card,no,0
C103030,53,54.31,one-year,1,credit_card,no,0
C103031,20,104.14,month-to-month,0,credit_card,no,0
C103032,40,71.88,month-to-month,2,credit_card,no,0
C103033,8,54.68,one-year,1,bank_transfer,no,1
C103034,8,103.96,month-to-month,1,credit_card,no,1
C103035,68,,month-to-month,0,credit_card,no,0
C103036,57,49.79,one-year,2,electronic_check,no,0
C103037,11,80.67,one-year,0,credit_card,no,0
C103038,21,56.94,month-to-month,2,bank_transfer,no,1
C103039,15,20.11,two-year,3,credit_card,yes,0
C103040,29,116.18,two-year,2,bank_transfer,no,0
C103041,21,74.96,month-to-month,4,bank_transfer,yes,1
C103042,24,79.84,month-to-month,2,bank_transfer,no,1
C103043,38,79.99,one-year,1,electronic_check,no,0
C103044,14,75.06,month-to-month,2,credit_card,no,1
C103045,63,49.0,two-year,1,bank_transfer,no,0
C103046,52,117.16,one-year,0,bank_transfer,yes,0
C103047,54,82.17,month-to-month,1,electronic_check,no,1
C103048,13,87.09,one-year,3,bank_transfer,no,1
C103049,51,65.48,month-to-month,4,electronic_check,no,1
C103050,60,48.79,two-year,1,electronic_check,no,0
C103051,13,26.43,month-to-month,3,electronic_check,no,1
C103052,54,55.02,two-year,1,bank_transfer,no,0
C103053,26,37.61,month-to-month,2,electronic_check,no,1
C103054,56,86.21,one-year,2,credit_card,no,0
C103055,34,,two-year,2,bank_transfer,yes,1
C103056,57,50.28,month-to-month,1,electronic_check,no,0
C103057,11,53.29,month-to-month,2,credit_card,no,1
C103058,28,87.04,two-year,0,electronic_check,no,0
C103059,20,34.93,two-year,5,credit_card,no,1
C103060,18,,month-to-month,1,electronic_check,no,1
C103061,22,56.38,month-to-month,2,credit_card,yes,1
C103062,28,30.12,two-year,4,electronic_check,no,0
C103063,10,37.47,month-to-month,2,electronic_check,no,1
C103064,51,113.27,one-year,4,electronic_check,no,1
C103065,40,44.71,month-to-month,2,bank_transfer,no,0
C103066,59,86.23,month-to-month,1,electronic_check,yes,1
C103067,51,35.62,two-year,3,credit_card,no,0
C103068,11,39.41,month-to-month,4,credit_card,no,1
C103069,5,107.92,two-year,1,credit_card,no,0
C103070,31,34.8,one-year,0,electronic_check,no,0
C103071,35,21.88,month-to-month,2,electronic_check,no,0
C103072,18,70.12,month-to-month,0,electronic_check,yes,1
C103073,56,106.27,month-to-month,1,bank_transfer,no,0
C103074,42,52.6,two-year,1,credit_card,no,0
C103075,54,32.82,one-year,2,credit_card,no,0
C103076,8,118.22,one-year,0,bank_transfer,no,1
C103077,58,87.67,month-to-month,0,electronic_check,no,0
C103078,15,,month-to-month,2,electronic_check,no,1
C103079,32,95.21,month-to-month,2,electronic_check,no,1
C103080,32,89.82,one-year,2,electronic_check,no,1
C103081,59,58.46,month-to-month,1,bank_transfer,no,0
C103082,20,52.43,month-to-month,1,credit_card,no,1
C103083,18,91.7,month-to-month,2,bank_transfer,yes,1
C103084,25,91.67,month-to-month,0,credit_card,no,1
C103085,26,,one-year,0,electronic_check,no,0
C103086,13,76.87,one-year,1,credit_card,no,0
C103087,13,49.46,two-year,1,bank_transfer,yes,0
C103088,17,68.95,month-to-month,0,credit_card,no,0
C103089,34,81.37,one-year,1,electronic_check,no,0
C103090,25,62.67,month-to-month,2,bank_transfer,yes,1
C103091,28,99.11,two-year,1,electronic_check,no,0
C103092,52,78.46,one-year,3,bank_transfer,no,0
C103093,18,20.94,month-to-month,2,bank_transfer,no,0
C103094,65,76.98,two-year,0,bank_transfer,no,0
C103095,54,83.36,month-to-month,0,electronic_check,no,0
C103096,13,111.53,month-to-month,1,credit_card,no,1
C103097,23,61.37,month-to-month,2,electronic_check,no,1
C103098,14,77.45,month-to-month,5,bank_transfer,no,1
C103099,20,,two-year,0,credit_card,no,0
C103100,26,73.17,one-year,1,electronic_check,no,1
C103101,10,26.73,one-year,0,credit_card,no,0
C103102,2,109.73,two-year,0,bank_transfer,no,0
C103103,32,111.04,one-year,1,electronic_check,yes,1
C103104,50,74.81,month-to-month,2,bank_transfer,no,1
C103105,22,75.66,month-to-month,3,credit_card,yes,1
C103106,62,,month-to-month,2,credit_card,no,0
C103107,27,79.8,two-year,3,electronic_check,no,1
C103108,64,62.92,two-year,3,bank_transfer,no,0
C103109,17,90.9,one-year,1,bank_transfer,no,1
C103110,39,24.71,month-to-month,1,bank_transfer,no,0
C103111,55,91.09,month-to-month,2,credit_card,no,0
C103112,5,48.69,two-year,1,electronic_check,no,0
C103113,67,85.17,month-to-month,3,credit_card,yes,0
C103114,26,82.71,one-year,4,electronic_check,yes,1
C103115,36,42.68,month-to-month,0,electronic_check,no,1
C103116,45,64.05,month-to-month,2,credit_card,no,1
C103117,46,103.56,one-year,0,credit_card,no,0
C103118,2,80.56,two-year,0,bank_transfer,no,0
C103119,62,26.87,one-year,0,credit_card,yes,0
C103120,45,64.29,month-to-month,0,electronic_check,no,0
C103121,71,51.18,month-to-month,2,bank_transfer,no,0
C103122,34,84.16,two-year,0,electronic_check,no,1
C103123,44,81.46,one-year,2,credit_card,no,0
C103124,32,21.04,month-to-month,2,credit_card,no,0
C103125,64,80.77,one-year,0,bank_transfer,no,0
C103126,60,93.48,month-to-month,3,electronic_check,yes,0
C103127,65,,month-to-month,0,electronic_check,no,0
C103128,36,25.9,two-year,2,electronic_check,no,0
C103129,57,50.37,one-year,3,electronic_check,no,1
C103130,26,62.13,month-to-month,2,credit_card,no,1
C103131,33,37.98,month-to-month,4,bank_transfer,no,1
C103132,54,62.07,two-year,1,electronic_check,yes,0
C103133,6,27.11,one-year,2,bank_transfer,no,0
C103134,51,31.32,one-year,3,electronic_check,no,0
C103135,2,86.87,month-to-month,1,electronic_check,no,1
C103136,42,46.26,two-year,1,electronic_check,no,0
C103137,34,91.14,two-year,1,electronic_check,no,0
C103138,34,24.81,month-to-month,1,bank_transfer,yes,0
C103139,36,76.27,month-to-month,4,electronic_check,no,1
C103140,35,59.14,one-year,0,credit_card,no,0
C103141,29,99.7,two-year,0,credit_card,no,0
C103142,33,98.4,one-year,2,bank_transfer,no,0
C103143,41,57.56,two-year,3,credit_card,no,0
C103144,55,82.27,one-year,4,electronic_check,no,1
C103145,40,42.75,month-to-month,4,credit_card,no,0
C103146,46,78.04,month-to-month,0,bank_transfer,no,1
C103147,60,28.13,two-year,2,credit_card,no,0
C103148,71,63.46,month-to-month,2,bank_transfer,yes,0
C103149,8,38.27,month-to-month,3,credit_card,no,1
C103150,51,108.34,one-year,3,electronic_check,yes,1
C103151,16,64.49,month-to-month,0,electronic_check,no,1
C103152,14,79.08,two-year,1,electronic_check,no,0
C103153,57,56.04,month-to-month,0,credit_card,no,0
C103154,5,48.87,month-to-month,3,credit_card,no,1
C103155,61,40.29,month-to-month,0,credit_card,no,0
C103156,55,111.19,one-year,1,bank_transfer,yes,0
C103157,71,99.95,one-year,6,electronic_check,no,1
C103158,48,33.33,month-to-month,2,electronic_check,no,0
C103159,62,94.67,month-to-month,2,electronic_check,no,1
C103160,9,61.85,month-to-month,1,electronic_check,yes,1
C103161,64,21.54,one-year,2,credit_card,yes,0
C103162,12,72.84,two-year,5,bank_transfer,no,1
C103163,23,33.0,one-year,2,credit_card,no,1
C103164,10,40.99,month-to-month,0,credit_card,yes,1
C103165,29,89.6,one-year,4,electronic_check,no,1
C103166,54,45.71,month-to-month,2,bank_transfer,no,0
C103167,20,109.19,month-to-month,1,electronic_check,yes,1
C103168,59,85.72,month-to-month,2,electronic_check,no,1
C103169,44,103.23,month-to-month,2,bank_transfer,no,1
C103170,45,81.52,month-to-month,2,credit_card,no,1
C103171,67,106.88,one-year,0,bank_transfer,no,0
C103172,31,56.17,month-to-month,3,bank_transfer,no,1
C103173,25,74.91,one-year,2,electronic_check,no,1
C103174,71,71.59,two-year,0,bank_transfer,no,0
C103175,40,110.38,one-year,0,electronic_check,no,0
C103176,44,36.49,month-to-month,1,credit_card,no,0
C103177,22,77.81,one-year,2,credit_card,no,1
C103178,16,95.44,month-to-month,4,electronic_check,yes,1
C103179,13,57.0,month-to-month,1,bank_transfer,no,0
C103180,16,106.76,month-to-month,3,electronic_check,yes,1
C103181,14,57.3,two-year,3,electronic_check,no,0
C103182,54,37.33,two-year,1,credit_card,no,0
C103183,5,78.4,two-year,1,electronic_check,no,0
C103184,45,62.06,one-year,2,credit_card,yes,0
C103185,68,21.52,month-to-month,0,credit_card,no,0
C103186,55,26.98,two-year,0,credit_card,no,0
C103187,29,39.53,two-year,3,electronic_check,yes,0
C103188,5,96.93,month-to-month,2,credit_card,no,1
C103189,60,109.2,two-year,2,electronic_check,yes,0
C103190,1,74.56,two-year,2,bank_transfer,no,1
C103191,49,30.56,month-to-month,0,credit_card,no,0
C103192,48,73.44,month-to-month,1,credit_card,no,0
C103193,14,105.56,month-to-month,2,bank_transfer,no,1
C103194,53,94.95,one-year,5,bank_transfer,no,0
C103195,13,49.11,month-to-month,3,credit_card,no,1
C103196,17,32.39,month-to-month,1,bank_transfer,no,0
C103197,58,110.07,one-year,2,electronic_check,no,0
C103198,70,105.41,two-year,0,bank_transfer,no,0
C103199,19,25.37,two-year,1,credit_card,no,0
C103200,66,102.37,one-year,0,bank_transfer,yes,0
C103201,65,29.72,month-to-month,1,electronic_check,yes,0
C103202,55,26.33,month-to-month,1,bank_transfer,yes,0
C103203,10,95.86,one-year,0,bank_transfer,no,1
C103204,22,73.63,month-to-month,1,electronic_check,no,1
C103205,49,61.45,one-year,0,electronic_check,no,0
C103206,71,110.39,two-year,1,credit_card,no,0
C103207,58,103.93,one-year,0,electronic_check,no,0
C103208,30,25.76,one-year,1,electronic_check,no,0
C103209,17,81.61,one-year,3,electronic_check,yes,1
C103210,69,97.23,two-year,3,bank_transfer,no,0
C103211,20,75.05,month-to-month,2,electronic_check,no,1
C103212,25,118.3,month-to-month,3,credit_card,no,1
C103213,69,88.6,month-to-month,1,bank_transfer,no,0
C103214,40,30.41,one-year,3,electronic_check,yes,1
C103215,19,39.83,month-to-month,1,credit_card,no,0
C103216,1,102.62,month-to-month,1,electronic_check,no,1
C103217,31,119.68,one-year,3,credit_card,no,1
C103218,71,,month-to-month,3,bank_transfer,yes,0
C103219,31,30.03,one-year,0,bank_transfer,no,0
C103220,50,96.34,month-to-month,0,electronic_check,no,1
C103221,18,26.44,month-to-month,4,bank_transfer,no,1
C103222,56,26.86,month-to-month,2,electronic_check,no,0
C103223,56,108.88,month-to-month,1,bank_transfer,no,1
C103224,44,100.04,two-year,0,bank_transfer,no,0
C103225,55,108.16,two-year,0,credit_card,yes,0
C103226,42,85.05,one-year,4,credit_card,no,1
C103227,27,52.25,one-year,1,electronic_check,no,0
C103228,53,110.63,one-year,3,credit_card,no,0
C103229,60,49.87,two-year,0,credit_card,no,0
C103230,60,47.55,month-to-month,2,credit_card,no,0
C103231,16,108.64,month-to-month,2,bank_transfer,no,1
C103232,49,88.08,one-year,1,credit_card,no,0
C103233,1,109.57,two-year,1,bank_transfer,no,0
C103234,41,35.59,month-to-month,1,electronic_check,no,1
C103235,41,115.23,month-to-month,2,bank_transfer,no,1
C103236,26,81.27,month-to-month,3,bank_transfer,no,1
C103237,71,86.8,month-to-month,1,electronic_check,no,0
C103238,63,111.41,one-year,1,electronic_check,no,0
C103239,3,58.08,month-to-month,3,bank_transfer,yes,1
C103240,15,91.96,two-year,1,credit_card,no,0
C103241,15,84.03,one-year,3,electronic_check,no,1
C103242,64,98.78,month-to-month,0,electronic_check,no,0
C103243,37,109.69,two-year,2,credit_card,no,0
C103244,52,88.01,one-year,3,credit_card,no,1
C103245,58,26.76,month-to-month,2,credit_card,no,0
C103246,55,38.31,month-to-month,1,credit_card,no,0
C103247,7,115.4,two-year,5,electronic_check,no,1
C103248,10,116.87,month-to-month,3,electronic_check,yes,1
C103249,29,116.74,month-to-month,0,credit_card,no,1
C103250,25,23.68,month-to-month,4,bank_transfer,no,1
C103251,54,58.24,month-to-month,2,electronic_check,no,1
C103252,12,95.97,one-year,3,credit_card,no,1
C103253,27,95.29,month-to-month,1,electronic_check,no,1
C103254,17,28.59,one-year,0,credit_card,no,0
C103255,14,80.95,month-to-month,0,credit_card,no,0
C103256,13,34.29,two-year,2,credit_card,no,0
C103257,14,69.32,month-to-month,2,electronic_check,no,1
C103258,41,43.97,two-year,2,bank_transfer,no,0
C103259,30,25.32,two-year,1,bank_transfer,no,0
C103260,31,28.0,month-to-month,2,bank_transfer,no,1
C103261,35,111.09,one-year,2,credit_card,no,0
C103262,53,94.46,month-to-month,1,electronic_check,no,0
C103263,62,113.18,two-year,0,bank_transfer,no,0
C103264,38,67.0,one-year,0,electronic_check,no,0
C103265,46,61.33,month-to-month,1,bank_transfer,no,0
C103266,53,55.84,month-to-month,0,electronic_check,no,0
C103267,50,81.63,month-to-month,4,electronic_check,no,1
C103268,10,55.16,two-year,2,bank_transfer,no,1
C103269,70,94.63,one-year,2,credit_card,no,0
C103270,12,100.13,month-to-month,0,electronic_check,yes,1
C103271,30,107.58,month-to-month,0,electronic_check,no,1
C103272,47,44.28,month-to-month,2,bank_transfer,no,0
C103273,29,72.7,one-year,0,bank_transfer,no,0
C103274,18,42.34,month-to-month,2,electronic_check,yes,1
C103275,66,23.76,month-to-month,0,credit_card,no,0
C103276,6,90.78,two-year,1,credit_card,no,0
C103277,18,74.9,month-to-month,1,bank_transfer,yes,1
C103278,71,92.39,one-year,5,credit_card,no,1
C103279,52,28.76,month-to-month,4,electronic_check,no,0
C103280,7,119.55,month-to-month,2,electronic_check,no,1
C103281,54,119.43,one-year,2,electronic_check,no,0
C103282,69,66.5,month-to-month,4,credit_card,no,1
C103283,7,106.61,month-to-month,2,electronic_check,yes,1
C103284,30,44.36,two-year,1,credit_card,no,0
C103285,34,93.76,two-year,0,credit_card,no,0
C103286,10,107.92,one-year,3,credit_card,no,1
C103287,15,101.47,month-to-month,3,bank_transfer,yes,1
C103288,13,101.18,month-to-month,0,electronic_check,no,0
C103289,14,66.3,month-to-month,2,credit_card,no,1
C103290,29,102.0,two-year,1,electronic_check,no,1
C103291,33,89.07,two-year,5,electronic_check,yes,1
C103292,17,33.25,month-to-month,0,credit_card,yes,0
C103293,21,31.42,two-year,2,credit_card,no,0
C103294,14,97.19,month-to-month,1,electronic_check,no,1
C103295,57,82.55,one-year,3,credit_card,no,0
C103296,16,71.94,month-to-month,0,credit_card,no,0
C103297,65,110.73,month-to-month,0,electronic_check,no,1
C103298,39,85.96,two-year,1,credit_card,no,0
C103299,57,59.61,two-year,5,bank_transfer,no,0
C103300,46,61.39,month-to-month,0,electronic_check,yes,0
C103301,19,80.52,month-to-month,1,electronic_check,no,1
C103302,43,96.03,one-year,2,bank_transfer,no,0
C103303,20,76.44,month-to-month,1,electronic_check,no,1
C103304,9,70.88,one-year,1,electronic_check,no,0
C103305,19,92.69,one-year,4,bank_transfer,no,1
C103306,20,90.53,month-to-month,0,bank_transfer,yes,1
C103307,10,103.03,month-to-month,0,bank_transfer,no,1
C103308,2,26.26,month-to-month,0,bank_transfer,no,1
C103309,68,95.5,two-year,0,electronic_check,no,0
C103310,37,71.38,month-to-month,2,bank_transfer,no,0
C103311,29,27.47,one-year,0,electronic_check,no,0
C103312,67,87.9,month-to-month,0,bank_transfer,no,0
C103313,16,91.65,one-year,1,credit_card,no,0
C103314,29,72.36,month-to-month,0,credit_card,no,1
C103315,61,99.38,month-to-month,2,electronic_check,no,1
C103316,45,50.02,one-year,0,bank_transfer,no,0
C103317,29,40.19,one-year,1,bank_transfer,no,0
C103318,19,55.07,month-to-month,2,credit_card,no,1
C103319,3,61.01,month-to-month,2,electronic_check,no,1
C103320,7,89.59,two-year,1,credit_card,no,0
C103321,12,104.55,month-to-month,1,bank_transfer,no,1
C103322,56,92.09,month-to-month,1,bank_transfer,no,0
C103323,46,37.4,month-to-month,1,credit_card,no,0
C103324,31,56.62,month-to-month,2,credit_card,no,1
C103325,56,35.84,one-year,1,electronic_check,no,0
C103326,12,88.67,one-year,3,credit_card,no,1
C103327,15,44.82,month-to-month,2,credit_card,no,0
C103328,28,72.54,one-year,2,credit_card,yes,1
C103329,66,99.18,month-to-month,1,electronic_check,no,0
C103330,44,87.09,one-year,0,electronic_check,no,0
C103331,61,49.84,month-to-month,2,electronic_check,no,0
C103332,18,53.29,month-to-month,1,credit_card,no,0
C103333,61,85.34,one-year,3,electronic_check,yes,1
C103334,6,74.95,month-to-month,2,credit_card,no,1
C103335,17,29.64,month-to-month,0,credit_card,no,0
C103336,38,107.4,month-to-month,2,bank_transfer,no,0
C103337,4,71.26,one-year,1,bank_transfer,no,1
C103338,61,67.34,month-to-month,3,credit_card,no,0
C103339,62,39.84,one-year,1,credit_card,yes,0
C103340,39,57.7,one-year,5,credit_card,no,1
C103341,22,53.28,one-year,0,bank_transfer,no,0
C103342,8,47.07,month-to-month,2,bank_transfer,no,1
C103343,44,76.74,two-year,5,bank_transfer,no,0
C103344,39,66.23,month-to-month,2,credit_card,no,0
C103345,54,108.92,two-year,0,bank_transfer,no,0
C103346,43,114.13,one-year,3,bank_transfer,no,0
C103347,10,41.95,month-to-month,2,bank_transfer,no,1
C103348,9,30.01,one-year,1,credit_card,no,1
C103349,56,98.53,month-to-month,2,electronic_check,no,0
C103350,12,119.49,month-to-month,1,bank_transfer,no,1
C103351,67,106.36,month-to-month,3,credit_card,yes,0
C103352,8,22.37,one-year,1,electronic_check,no,1
C103353,52,45.13,one-year,2,bank_transfer,no,0
C103354,70,24.33,two-year,3,credit_card,no,0
C103355,32,102.08,month-to-month,4,electronic_check,no,1
C103356,5,78.14,one-year,2,credit_card,no,1
C103357,63,71.37,one-year,2,credit_card,no,0
C103358,14,75.44,one-year,1,bank_transfer,no,0
C103359,38,45.25,month-to-month,0,electronic_check,yes,0
C103360,70,80.16,month-to-month,1,electronic_check,no,0
C103361,53,23.07,one-year,2,electronic_check,no,0
C103362,4,84.6,month-to-month,3,credit_card,no,1
C103363,59,93.44,month-to-month,2,electronic_check,no,0
C103364,12,87.3,month-to-month,2,electronic_check,no,1
C103365,54,53.21,month-to-month,2,electronic_check,no,1
C103366,45,102.63,month-to-month,4,electronic_check,no,1
C103367,21,91.55,month-to-month,2,electronic_check,yes,1
C103368,31,32.83,one-year,2,bank_transfer,no,1
C103369,9,39.51,two-year,2,electronic_check,no,1
C103370,71,83.71,month-to-month,2,bank_transfer,no,0
C103371,17,48.94,month-to-month,5,credit_card,no,1
C103372,22,31.94,two-year,0,credit_card,no,0
C103373,36,35.5,month-to-month,2,bank_transfer,no,1
C103374,48,36.56,two-year,2,bank_transfer,no,0
C103375,36,67.78,one-year,2,electronic_check,no,0
C103376,36,80.74,month-to-month,1,electronic_check,no,1
C103377,42,37.64,month-to-month,3,credit_card,no,1
C103378,61,91.25,month-to-month,0,bank_transfer,no,0
C103379,29,48.1,one-year,0,bank_transfer,no,0
C103380,60,51.16,month-to-month,1,electronic_check,no,0
C103381,56,42.35,two-year,2,bank_transfer,no,0
C103382,69,98.52,one-year,2,credit_card,no,0
C103383,65,115.98,two-year,1,credit_card,no,0
C103384,57,69.25,two-year,2,credit_card,no,0
C103385,18,,month-to-month,1,bank_transfer,yes,0
C103386,55,46.06,month-to-month,1,credit_card,no,0
C103387,53,35.81,two-year,0,electronic_check,no,0
C103388,21,104.28,month-to-month,0,credit_card,no,0
C103389,49,28.49,month-to-month,2,credit_card,no,1
C103390,18,116.65,month-to-month,2,credit_card,no,1
C103391,38,78.85,month-to-month,0,credit_card,yes,0
C103392,57,71.77,two-year,1,bank_transfer,no,0
C103393,14,104.74,month-to-month,2,electronic_check,no,1
C103394,24,22.75,one-year,1,electronic_check,no,0
C103395,57,97.72,two-year,2,electronic_check,no,0
C103396,33,31.66,month-to-month,1,electronic_check,no,0
C103397,69,104.08,one-year,4,bank_transfer,no,1
C103398,1,72.92,month-to-month,2,credit_card,no,1
C103399,52,26.11,month-to-month,4,bank_transfer,no,0
C103400,58,103.32,month-to-month,1,electronic_check,no,1
C103401,66,22.73,month-to-month,0,credit_card,no,0
C103402,12,33.84,month-to-month,1,electronic_check,no,1
C103403,70,99.78,month-to-month,2,electronic_check,no,0
C103404,28,66.49,month-to-month,1,credit_card,no,1
C103405,25,108.14,month-to-month,1,credit_card,no,1
C103406,26,83.54,one-year,2,credit_card,yes,1
C103407,46,82.35,month-to-month,1,electronic_check,no,0
C103408,47,49.22,two-year,1,bank_transfer,no,0
C103409,34,33.37,two-year,0,electronic_check,no,0
C103410,6,116.12,one-year,1,bank_transfer,no,1
C103411,71,30.48,one-year,4,credit_card,no,0
C103412,16,72.9,one-year,1,electronic_check,no,1
C103413,7,47.26,one-year,2,bank_transfer,yes,0
C103414,43,46.41,two-year,3,electronic_check,no,0
C103415,30,79.46,two-year,1,electronic_check,no,0
C103416,44,99.79,month-to-month,4,bank_transfer,no,1
C103417,63,97.72,one-year,1,electronic_check,no,0
C103418,7,106.88,two-year,0,credit_card,no,1
C103419,21,49.29,month-to-month,1,bank_transfer,no,1
C103420,37,66.58,month-to-month,0,bank_transfer,no,1
C103421,56,20.93,one-year,3,credit_card,no,0
C103422,43,94.69,one-year,1,bank_transfer,no,0
C103423,28,50.23,month-to-month,3,electronic_check,yes,1
C103424,44,76.15,month-to-month,0,bank_transfer,no,0
C103425,70,36.93,month-to-month,1,bank_transfer,no,0
C103426,35,101.94,one-year,0,electronic_check,yes,0
C103427,63,101.73,two-year,0,bank_transfer,no,0
C103428,56,107.75,two-year,1,bank_transfer,no,0
C103429,22,24.59,month-to-month,3,credit_card,yes,1
C103430,18,119.25,month-to-month,1,bank_transfer,no,1
C103431,55,44.78,one-year,1,electronic_check,yes,0
C103432,15,50.94,one-year,1,bank_transfer,no,1
C103433,24,44.93,month-to-month,1,bank_transfer,no,0
C103434,17,46.75,month-to-month,2,electronic_check,no,0
C103435,44,75.27,month-to-month,1,credit_card,no,1
C103436,21,43.98,one-year,1,electronic_check,no,1
C103437,47,59.38,one-year,4,credit_card,no,1
C103438,67,85.56,month-to-month,1,credit_card,no,1
C103439,59,103.6,two-year,1,credit_card,no,0
C103440,68,89.27,one-year,1,credit_card,no,0
C103441,2,79.43,two-year,3,bank_transfer,no,1
C103442,33,34.77,month-to-month,0,bank_transfer,no,1
C103443,16,101.61,month-to-month,3,credit_card,no,1
C103444,66,23.73,two-year,0,electronic_check,no,0
C103445,51,46.42,two-year,2,bank_transfer,no,0
C103446,23,25.71,two-year,1,credit_card,no,0
C103447,41,86.74,two-year,1,credit_card,no,0
C103448,43,56.84,month-to-month,2,electronic_check,no,1
C103449,36,,month-to-month,3,credit_card,no,0
C103450,34,54.7,month-to-month,1,bank_transfer,no,0
C103451,4,65.57,two-year,2,credit_card,no,1
C103452,33,65.8,month-to-month,1,electronic_check,no,1
C103453,25,24.56,one-year,0,bank_transfer,no,0
C103454,59,63.02,two-year,1,electronic_check,no,0
C103455,62,84.11,two-year,0,bank_transfer,no,0
C103456,54,74.61,two-year,1,electronic_check,no,0
C103457,3,27.53,one-year,2,bank_transfer,no,0
C103458,60,86.81,month-to-month,1,electronic_check,yes,1
C103459,29,50.89,two-year,1,electronic_check,no,0
C103460,30,21.44,month-to-month,1,bank_transfer,no,1
C103461,68,35.56,month-to-month,1,bank_transfer,yes,0
C103462,62,69.76,two-year,3,bank_transfer,no,0
C103463,4,51.04,one-year,1,electronic_check,no,1
C103464,26,89.44,month-to-month,2,electronic_check,no,1
C103465,54,44.07,month-to-month,1,credit_card,no,0
C103466,39,97.28,month-to-month,0,credit_card,no,0
C103467,19,48.65,two-year,1,bank_transfer,no,0
C103468,38,82.09,one-year,1,bank_transfer,no,0
C103469,62,99.92,month-to-month,1,credit_card,no,0
C103470,16,58.56,one-year,0,credit_card,no,1
C103471,53,24.68,two-year,1,bank_transfer,no,0
C103472,53,73.54,two-year,3,bank_transfer,no,0
C103473,63,119.54,month-to-month,3,bank_transfer,no,1
C103474,22,116.9,one-year,2,credit_card,yes,1
C103475,16,42.1,month-to-month,1,electronic_check,no,1
C103476,39,95.57,month-to-month,3,credit_card,no,1
C103477,38,54.5,month-to-month,0,bank_transfer,no,0
C103478,30,36.03,month-to-month,1,electronic_check,no,1
C103479,56,86.59,one-year,2,bank_transfer,no,0
C103480,57,70.09,month-to-month,3,credit_card,no,0
C103481,18,73.92,month-to-month,0,credit_card,no,1
C103482,57,102.74,month-to-month,2,bank_transfer,yes,1
C103483,17,53.65,month-to-month,1,electronic_check,no,1
C103484,29,86.71,one-year,1,bank_transfer,no,1
C103485,2,56.62,month-to-month,1,credit_card,yes,1
C103486,25,24.27,month-to-month,2,electronic_check,no,1
C103487,69,57.8,two-year,3,credit_card,no,0
C103488,32,115.0,month-to-month,3,bank_transfer,yes,1
C103489,51,68.33,two-year,2,credit_card,no,0
C103490,8,30.82,one-year,4,credit_card,no,1
C103491,46,88.78,one-year,1,electronic_check,no,0
C103492,27,116.34,one-year,2,credit_card,yes,1
C103493,53,110.79,month-to-month,2,electronic_check,no,1
C103494,66,77.2,two-year,1,bank_transfer,no,0
C103495,38,57.63,two-year,5,credit_card,no,1
C103496,8,78.07,month-to-month,2,electronic_check,yes,1
C103497,34,101.59,one-year,0,credit_card,no,0
C103498,9,106.12,month-to-month,3,electronic_check,no,1
C103499,32,101.88,two-year,3,electronic_check,no,1
C103500,5,65.55,two-year,0,bank_transfer,no,0
C103501,46,31.89,month-to-month,3,credit_card,no,0
C103502,23,76.92,two-year,0,credit_card,no,0
C103503,15,35.64,two-year,2,credit_card,no,0
C103504,2,26.1,one-year,0,credit_card,no,1
C103505,64,69.87,month-to-month,0,bank_transfer,no,0
C103506,60,85.54,two-year,4,bank_transfer,no,0
C103507,58,105.41,one-year,1,bank_transfer,no,0
C103508,5,98.28,month-to-month,3,electronic_check,no,1
C103509,25,105.72,two-year,1,bank_transfer,yes,0
C103510,69,96.01,one-year,3,electronic_check,no,0
C103511,42,90.32,two-year,3,bank_transfer,no,0
C103512,10,21.01,one-year,1,electronic_check,no,0
C103513,11,82.61,month-to-month,1,electronic_check,no,1
C103514,19,32.05,two-year,3,credit_card,no,0
C103515,70,25.87,one-year,2,bank_transfer,no,0
C103516,13,,month-to-month,0,bank_transfer,no,1
C103517,65,102.33,month-to-month,1,credit_card,no,0
C103518,49,94.38,month-to-month,0,credit_card,yes,0
C103519,66,114.88,one-year,2,credit_card,no,0
C103520,59,117.9,month-to-month,2,credit_card,no,1
C103521,24,109.33,two-year,1,electronic_check,no,0
C103522,59,33.29,two-year,0,credit_card,no,0
C103523,13,107.84,one-year,2,credit_card,no,1
C103524,21,103.86,month-to-month,4,bank_transfer,no,1
C103525,16,107.11,one-year,4,bank_transfer,no,1
C103526,10,35.17,month-to-month,3,electronic_check,no,1
C103527,7,31.68,two-year,2,credit_card,no,0
C103528,14,112.38,month-to-month,0,electronic_check,no,1
C103529,9,37.38,two-year,2,credit_card,yes,0
C103530,28,56.86,month-to-month,2,credit_card,no,0
C103531,6,65.6,month-to-month,1,bank_transfer,no,1
C103532,5,32.44,two-year,2,electronic_check,no,0
C103533,71,22.06,month-to-month,1,credit_card,no,0
C103534,7,119.41,two-year,0,bank_transfer,no,1
C103535,6,107.67,two-year,1,bank_transfer,no,1
C103536,3,111.23,month-to-month,3,electronic_check,no,1
C103537,10,48.46,month-to-month,3,bank_transfer,no,1
C103538,38,42.01,one-year,0,credit_card,no,0
C103539,59,62.59,two-year,4,electronic_check,no,0
C103540,53,65.33,two-year,2,electronic_check,no,0
C103541,42,20.56,month-to-month,0,bank_transfer,no,0
C103542,7,97.93,one-year,3,electronic_check,no,1
C103543,55,119.67,month-to-month,0,credit_card,no,0
C103544,3,72.87,one-year,3,electronic_check,no,1
C103545,45,58.83,two-year,3,electronic_check,no,0
C103546,30,59.28,two-year,1,electronic_check,no,0
C103547,63,29.61,month-to-month,1,electronic_check,no,0
C103548,22,46.62,month-to-month,1,bank_transfer,no,0
C103549,46,70.21,month-to-month,2,credit_card,no,0
C103550,32,63.18,month-to-month,1,electronic_check,no,1
C103551,38,74.5,month-to-month,3,electronic_check,no,1
C103552,67,104.91,two-year,1,bank_transfer,no,0
C103553,51,42.52,month-to-month,3,bank_transfer,yes,1
C103554,30,22.77,month-to-month,1,credit_card,no,0
C103555,32,23.82,one-year,2,electronic_check,yes,0
C103556,51,33.42,month-to-month,1,bank_transfer,no,0
C103557,25,,month-to-month,2,credit_card,yes,1
C103558,12,100.82,two-year,0,electronic_check,no,1
C103559,34,108.68,month-to-month,1,credit_card,no,1
C103560,5,83.51,month-to-month,5,credit_card,no,1
C103561,13,60.31,one-year,3,credit_card,no,1
C103562,30,35.45,month-to-month,3,electronic_check,no,1
C103563,57,60.14,month-to-month,4,credit_card,yes,1
C103564,56,53.24,month-to-month,4,bank_transfer,no,1
C103565,19,107.0,month-to-month,1,bank_transfer,no,1
C103566,30,68.67,two-year,1,bank_transfer,yes,1
C103567,11,42.62,month-to-month,1,electronic_check,no,1
C103568,54,48.88,month-to-month,0,credit_card,yes,0
C103569,18,33.65,month-to-month,0,bank_transfer,no,1
C103570,57,111.86,two-year,2,bank_transfer,no,0
C103571,60,25.03,month-to-month,0,bank_transfer,no,0
C103572,49,21.28,two-year,0,electronic_check,no,0
C103573,24,38.3,month-to-month,0,credit_card,no,1
C103574,68,101.09,two-year,2,credit_card,no,0
C103575,49,72.35,month-to-month,1,bank_transfer,no,1
C103576,46,82.58,month-to-month,2,credit_card,yes,1
C103577,61,55.77,month-to-month,0,electronic_check,yes,1
C103578,63,26.87,month-to-month,1,electronic_check,no,0
C103579,6,,one-year,0,electronic_check,no,0
C103580,63,39.19,one-year,2,electronic_check,no,0
C103581,55,23.31,one-year,1,bank_transfer,no,0
C103582,15,77.27,month-to-month,2,electronic_check,yes,1
C103583,22,28.33,one-year,4,bank_transfer,no,0
C103584,54,29.58,month-to-month,2,electronic_check,no,0
C103585,16,100.04,two-year,1,credit_card,no,1
C103586,33,69.16,one-year,2,credit_card,yes,0
C103587,49,44.15,one-year,0,electronic_check,yes,0
C103588,47,54.86,two-year,3,bank_transfer,no,0
C103589,65,92.92,one-year,0,credit_card,yes,0
C103590,8,26.64,one-year,1,electronic_check,no,0
C103591,21,31.65,month-to-month,0,bank_transfer,no,0
C103592,70,81.63,one-year,2,electronic_check,no,0
C103593,41,80.7,month-to-month,1,bank_transfer,yes,1
C103594,18,117.25,month-to-month,2,electronic_check,no,1
C103595,21,57.45,two-year,2,credit_card,no,1
C103596,25,26.51,month-to-month,2,electronic_check,no,0
C103597,40,73.75,one-year,2,credit_card,yes,0
C103598,21,83.83,month-to-month,3,bank_transfer,yes,1
C103599,45,33.96,month-to-month,1,electronic_check,yes,0
C103600,32,75.29,two-year,0,bank_transfer,no,0
C103601,44,39.78,month-to-month,1,credit_card,yes,0
C103602,12,104.47,one-year,1,bank_transfer,no,1
C103603,45,103.52,one-year,0,credit_card,no,0
C103604,66,62.96,two-year,2,bank_transfer,no,0
C103605,10,116.67,month-to-month,1,credit_card,no,1
C103606,24,117.98,one-year,0,bank_transfer,no,1
C103607,50,32.93,month-to-month,3,credit_card,no,1
C103608,44,56.77,month-to-month,2,bank_transfer,no,0
C103609,48,,month-to-month,0,electronic_check,yes,0
C103610,40,28.48,month-to-month,0,bank_transfer,yes,0
C103611,49,58.27,month-to-month,2,electronic_check,no,1
C103612,44,46.12,month-to-month,0,electronic_check,no,0
C103613,6,115.21,month-to-month,0,electronic_check,no,1
C103614,54,61.16,one-year,4,electronic_check,no,0
C103615,32,96.27,month-to-month,2,electronic_check,no,1
C103616,4,58.67,month-to-month,2,bank_transfer,no,1
C103617,30,33.18,month-to-month,3,bank_transfer,yes,1
C103618,31,106.32,month-to-month,0,electronic_check,no,1
C103619,7,20.04,one-year,1,bank_transfer,no,0
C103620,71,,two-year,1,credit_card,no,0
C103621,16,56.44,one-year,3,bank_transfer,no,0
C103622,24,88.69,one-year,3,credit_card,no,1
C103623,32,54.17,month-to-month,0,electronic_check,no,1
C103624,60,26.63,two-year,2,electronic_check,no,0
C103625,53,51.78,month-to-month,1,electronic_check,yes,1
C103626,55,44.5,month-to-month,1,bank_transfer,no,0
C103627,17,20.54,month-to-month,0,bank_transfer,no,0
C103628,61,73.48,month-to-month,3,bank_transfer,no,1
C103629,59,31.66,one-year,0,bank_transfer,no,0
C103630,33,48.75,month-to-month,1,credit_card,no,1
C103631,39,84.12,month-to-month,3,electronic_check,no,1
C103632,3,92.51,month-to-month,5,bank_transfer,yes,1
C103633,54,46.35,two-year,3,credit_card,no,0
C103634,69,52.92,one-year,1,electronic_check,no,0
C103635,34,44.69,two-year,1,bank_transfer,no,0
C103636,39,115.69,two-year,1,bank_transfer,no,0
C103637,36,39.05,two-year,2,bank_transfer,no,0
C103638,6,38.32,month-to-month,0,credit_card,no,1
C103639,45,64.5,month-to-month,1,bank_transfer,no,1
C103640,52,38.93,month-to-month,1,bank_transfer,no,1
C103641,66,35.67,month-to-month,4,bank_transfer,no,0
C103642,67,29.59,one-year,2,credit_card,no,0
C103643,35,84.02,month-to-month,1,electronic_check,no,1
C103644,69,81.21,month-to-month,2,bank_transfer,no,0
C103645,38,85.02,one-year,2,electronic_check,no,1
C103646,46,97.33,month-to-month,0,bank_transfer,no,0
C103647,43,52.64,month-to-month,4,credit_card,yes,1
C103648,71,111.84,month-to-month,2,electronic_check,no,1
C103649,53,93.32,one-year,2,bank_transfer,no,1
C103650,9,100.47,month-to-month,0,bank_transfer,no,1
C103651,6,92.1,month-to-month,0,credit_card,yes,1
C103652,30,55.85,month-to-month,3,credit_card,yes,1
C103653,37,48.3,one-year,3,credit_card,yes,0
C103654,48,62.25,month-to-month,4,bank_transfer,yes,1
C103655,35,29.7,month-to-month,1,credit_card,yes,0
C103656,37,65.13,two-year,4,credit_card,no,1
C103657,66,24.31,two-year,3,electronic_check,no,0
C103658,24,20.39,month-to-month,0,electronic_check,no,1
C103659,36,113.15,month-to-month,2,electronic_check,no,1
C103660,40,88.93,month-to-month,2,electronic_check,no,1
C103661,34,76.18,one-year,2,credit_card,no,1
C103662,69,54.11,month-to-month,0,bank_transfer,no,0
C103663,69,77.05,two-year,1,electronic_check,no,0
C103664,37,109.16,two-year,0,credit_card,no,0
C103665,32,85.24,one-year,2,bank_transfer,no,0
C103666,42,80.25,month-to-month,2,bank_transfer,no,1
C103667,13,66.02,two-year,3,electronic_check,no,0
C103668,31,54.57,one-year,3,credit_card,no,0
C103669,16,89.85,one-year,3,bank_transfer,no,1
C103670,11,118.1,month-to-month,0,credit_card,no,1
C103671,7,62.48,one-year,2,electronic_check,no,1
C103672,42,59.22,two-year,1,credit_card,no,0
C103673,1,62.81,two-year,2,bank_transfer,yes,0
C103674,46,62.55,one-year,0,bank_transfer,yes,0
C103675,31,119.06,month-to-month,1,credit_card,no,1
C103676,27,90.68,month-to-month,2,electronic_check,no,1
C103677,55,55.92,one-year,1,credit_card,no,0
C103678,39,57.15,two-year,3,bank_transfer,no,0
C103679,53,63.08,one-year,0,electronic_check,no,0
C103680,51,23.67,month-to-month,1,electronic_check,no,0
C103681,3,72.78,month-to-month,1,electronic_check,no,1
C103682,16,101.14,one-year,1,credit_card,no,1
C103683,41,86.06,two-year,1,bank_transfer,no,0
C103684,70,39.84,month-to-month,0,credit_card,no,0
C103685,11,92.8,month-to-month,0,electronic_check,no,1
C103686,8,91.95,two-year,0,bank_transfer,no,0
C103687,67,46.25,month-to-month,2,credit_card,no,0
C103688,69,82.29,month-to-month,2,electronic_check,yes,0
C103689,12,81.09,month-to-month,1,electronic_check,no,1
C103690,29,,month-to-month,4,credit_card,no,1
C103691,45,33.61,month-to-month,4,electronic_check,no,1
C103692,14,39.48,one-year,0,bank_transfer,no,0
C103693,24,,one-year,0,bank_transfer,no,0
C103694,29,24.41,one-year,1,credit_card,no,0
C103695,46,61.56,one-year,2,bank_transfer,no,0
C103696,22,98.82,month-to-month,1,electronic_check,no,1
C103697,30,34.87,month-to-month,2,credit_card,no,1
C103698,21,65.99,month-to-month,4,bank_transfer,no,1
C103699,54,118.98,month-to-month,0,credit_card,no,0
C103700,11,70.59,one-year,1,credit_card,no,0
C103701,17,69.83,month-to-month,2,credit_card,no,1
C103702,18,75.88,one-year,3,credit_card,no,1
C103703,65,38.6,month-to-month,1,electronic_check,no,0
C103704,68,34.72,month-to-month,2,electronic_check,no,0
C103705,36,87.74,month-to-month,3,electronic_check,no,1
C103706,12,59.58,month-to-month,2,credit_card,no,1
C103707,54,,one-year,0,credit_card,no,0
C103708,35,23.14,two-year,4,electronic_check,no,0
C103709,61,104.61,month-to-month,2,electronic_check,no,1
C103710,26,23.23,one-year,2,electronic_check,no,0
C103711,71,95.0,one-year,3,electronic_check,no,1
C103712,58,58.2,month-to-month,0,electronic_check,no,0
C103713,16,79.87,month-to-month,2,bank_transfer,no,1
C103714,52,44.77,month-to-month,1,bank_transfer,no,1
C103715,21,35.54,month-to-month,2,electronic_check,no,1
C103716,25,73.34,two-year,2,electronic_check,no,0
C103717,18,89.56,month-to-month,1,electronic_check,no,1
C103718,49,39.55,month-to-month,0,credit_card,no,0
C103719,19,63.64,one-year,2,credit_card,no,1
C103720,46,64.47,month-to-month,2,bank_transfer,no,0
C103721,42,41.6,one-year,3,electronic_check,no,1
C103722,54,76.5,month-to-month,1,bank_transfer,no,0
C103723,71,34.59,month-to-month,2,bank_transfer,no,0
C103724,1,70.97,month-to-month,2,credit_card,no,1
C103725,71,31.34,month-to-month,0,credit_card,yes,0
C103726,8,68.55,month-to-month,1,credit_card,no,1
C103727,38,51.16,one-year,0,credit_card,no,0
C103728,25,65.22,one-year,0,electronic_check,no,0
C103729,46,63.37,one-year,2,electronic_check,no,0
C103730,52,110.79,month-to-month,1,bank_transfer,no,1
C103731,62,68.99,two-year,0,electronic_check,no,0
C103732,29,101.85,month-to-month,3,bank_transfer,no,1
C103733,67,42.57,two-year,1,bank_transfer,no,0
C103734,23,55.21,one-year,2,bank_transfer,no,0
C103735,15,27.51,one-year,0,bank_transfer,no,0
C103736,27,62.07,month-to-month,2,credit_card,no,1
C103737,38,86.87,one-year,0,credit_card,no,0
C103738,48,103.82,one-year,1,electronic_check,no,0
C103739,60,76.59,month-to-month,1,electronic_check,no,0
C103740,16,84.01,one-year,0,bank_transfer,no,0
C103741,22,,month-to-month,1,credit_card,yes,1
C103742,67,23.72,month-to-month,1,electronic_check,yes,0
C103743,32,99.17,one-year,1,bank_transfer,no,0
C103744,18,36.7,two-year,1,bank_transfer,no,0
C103745,70,29.12,month-to-month,1,bank_transfer,no,0
C103746,32,113.76,month-to-month,2,electronic_check,yes,1
C103747,70,116.35,month-to-month,0,credit_card,no,0
C103748,66,81.63,month-to-month,0,bank_transfer,no,0
C103749,65,57.86,month-to-month,1,electronic_check,no,0
C103750,42,103.32,month-to-month,3,credit_card,no,1
C103751,57,40.47,one-year,0,electronic_check,no,0
C103752,69,62.94,month-to-month,0,credit_card,no,0
C103753,20,55.7,month-to-month,0,bank_transfer,yes,1
C103754,3,111.27,month-to-month,1,credit_card,no,1
C103755,23,111.98,month-to-month,0,electronic_check,no,1
C103756,46,85.09,month-to-month,0,credit_card,no,0
C103757,39,31.07,month-to-month,1,electronic_check,no,0
C103758,6,68.22,month-to-month,2,credit_card,no,1
C103759,40,44.53,month-to-month,2,credit_card,no,1
C103760,13,108.49,one-year,1,bank_transfer,no,1
C103761,36,33.84,two-year,1,credit_card,no,0
C103762,41,25.43,month-to-month,4,credit_card,no,0
C103763,46,90.44,month-to-month,2,electronic_check,no,1
C103764,30,65.33,month-to-month,1,bank_transfer,no,0
C103765,29,103.84,month-to-month,0,bank_transfer,yes,0
C103766,49,27.46,one-year,1,credit_card,no,0
C103767,54,100.11,one-year,1,electronic_check,no,0
C103768,58,23.73,month-to-month,1,credit_card,no,0
C103769,24,22.81,month-to-month,0,bank_transfer,no,0
C103770,31,66.13,month-to-month,3,electronic_check,no,1
C103771,24,42.13,month-to-month,1,electronic_check,no,1
C103772,38,79.37,two-year,3,bank_transfer,no,0
C103773,10,22.58,month-to-month,2,credit_card,no,1
C103774,31,23.54,month-to-month,3,electronic_check,no,1
C103775,14,92.71,month-to-month,2,credit_card,no,1
C103776,38,41.02,month-to-month,1,bank_transfer,no,0
C103777,61,85.64,month-to-month,1,credit_card,no,0
C103778,70,94.99,month-to-month,1,credit_card,no,0
C103779,32,25.93,month-to-month,3,bank_transfer,no,1
C103780,4,96.98,month-to-month,1,bank_transfer,no,1
C103781,17,46.84,one-year,1,electronic_check,no,0
C103782,8,58.95,month-to-month,4,electronic_check,no,1
C103783,54,28.66,month-to-month,1,electronic_check,yes,1
C103784,70,103.86,two-year,0,electronic_check,no,0
C103785,40,76.07,month-to-month,4,bank_transfer,no,1
C103786,13,70.47,two-year,0,bank_transfer,no,0
C103787,2,116.86,two-year,1,bank_transfer,no,1
C103788,70,53.45,month-to-month,3,bank_transfer,no,0
C103789,23,109.08,month-to-month,5,credit_card,no,1
C103790,8,91.97,two-year,2,credit_card,yes,1
C103791,13,112.85,month-to-month,1,bank_transfer,yes,1
C103792,19,110.78,month-to-month,0,bank_transfer,no,1
C103793,47,119.1,one-year,0,electronic_check,no,0
C103794,64,33.17,month-to-month,4,electronic_check,no,0
C103795,20,99.6,two-year,2,credit_card,yes,1
C103796,49,100.45,one-year,2,credit_card,no,1
C103797,5,84.44,two-year,1,electronic_check,no,1
C103798,1,47.89,one-year,2,bank_transfer,no,1
C103799,4,116.51,one-year,2,credit_card,no,1
C103800,66,40.44,month-to-month,3,electronic_check,no,0
C103801,42,69.96,two-year,0,bank_transfer,no,0
C103802,58,72.15,two-year,1,credit_card,no,0
C103803,2,36.18,two-year,1,bank_transfer,no,0
C103804,2,92.25,one-year,4,electronic_check,no,1
C103805,61,28.89,one-year,1,electronic_check,yes,0
C103806,8,89.31,month-to-month,1,credit_card,yes,1
C103807,12,104.86,two-year,0,bank_transfer,no,1
C103808,37,54.94,month-to-month,1,bank_transfer,yes,0
C103809,44,90.94,month-to-month,3,electronic_check,no,1
C103810,17,35.68,month-to-month,0,credit_card,no,0
C103811,32,104.59,one-year,0,electronic_check,no,0
C103812,48,115.2,one-year,0,bank_transfer,no,0
C103813,32,35.27,month-to-month,1,bank_transfer,yes,0
C103814,28,89.19,month-to-month,2,bank_transfer,no,1
C103815,6,70.58,month-to-month,2,bank_transfer,no,1
C103816,33,73.15,month-to-month,2,credit_card,no,1
C103817,57,90.65,month-to-month,0,bank_transfer,no,0
C103818,45,68.87,one-year,4,bank_transfer,no,0
C103819,64,80.03,month-to-month,2,bank_transfer,no,0
C103820,9,43.09,month-to-month,0,bank_transfer,no,1
C103821,1,57.85,month-to-month,1,bank_transfer,no,1
C103822,39,106.52,month-to-month,1,credit_card,no,0
C103823,13,30.99,two-year,1,bank_transfer,no,0
C103824,43,79.76,month-to-month,1,credit_card,no,1
C103825,65,38.43,month-to-month,1,bank_transfer,no,0
C103826,24,104.65,one-year,4,bank_transfer,yes,1
C103827,40,77.9,month-to-month,1,credit_card,no,0
C103828,49,60.3,two-year,0,electronic_check,no,0
C103829,11,44.98,two-year,0,credit_card,no,0
C103830,64,63.68,one-year,1,bank_transfer,no,0
C103831,15,115.76,two-year,0,bank_transfer,no,0
C103832,58,70.92,month-to-month,4,electronic_check,no,1
C103833,47,66.95,month-to-month,1,electronic_check,no,0
C103834,11,94.63,month-to-month,1,bank_transfer,no,1
C103835,52,57.9,month-to-month,1,electronic_check,no,0
C103836,14,62.74,month-to-month,1,credit_card,no,1
C103837,43,53.69,month-to-month,0,electronic_check,no,1
C103838,69,35.09,month-to-month,0,credit_card,no,0
C103839,68,91.38,month-to-month,0,electronic_check,no,1
C103840,62,107.3,one-year,2,credit_card,no,0
C103841,36,110.56,month-to-month,0,credit_card,no,0
C103842,40,108.08,month-to-month,3,electronic_check,no,1
C103843,22,65.18,month-to-month,1,electronic_check,yes,1
C103844,66,48.41,one-year,3,bank_transfer,no,0
C103845,34,83.79,month-to-month,1,electronic_check,no,1
C103846,55,115.47,one-year,1,credit_card,no,0
C103847,26,92.71,month-to-month,1,bank_transfer,yes,1
C103848,53,69.48,month-to-month,2,credit_card,no,0
C103849,16,88.88,two-year,1,bank_transfer,no,0
C103850,53,97.25,month-to-month,1,bank_transfer,no,0
C103851,4,111.93,month-to-month,0,bank_transfer,yes,1
C103852,8,96.32,month-to-month,0,credit_card,no,1
C103853,26,63.32,month-to-month,1,credit_card,yes,0
C103854,35,47.36,month-to-month,0,credit_card,no,0
C103855,51,69.99,month-to-month,1,credit_card,no,0
C103856,26,52.82,month-to-month,4,bank_transfer,no,1
C103857,2,114.28,two-year,1,credit_card,no,1
C103858,24,70.8,month-to-month,1,electronic_check,no,1
C103859,32,67.21,month-to-month,1,bank_transfer,yes,0
C103860,39,54.82,two-year,2,credit_card,no,0
C103861,46,83.94,month-to-month,0,electronic_check,yes,0
C103862,18,72.01,two-year,1,credit_card,no,0
C103863,44,32.9,month-to-month,0,credit_card,no,0
C103864,45,106.92,one-year,2,bank_transfer,no,1
C103865,56,55.9,two-year,4,credit_card,no,1
C103866,38,63.26,month-to-month,2,electronic_check,no,0
C103867,58,40.57,two-year,0,electronic_check,no,0
C103868,16,75.34,one-year,0,bank_transfer,no,1
C103869,51,90.21,two-year,4,electronic_check,no,0
C103870,4,108.12,month-to-month,2,credit_card,no,1
C103871,8,25.16,month-to-month,1,bank_transfer,no,0
C103872,62,117.33,month-to-month,0,electronic_check,no,0
C103873,34,90.38,two-year,0,bank_transfer,no,0
C103874,45,48.43,month-to-month,1,electronic_check,no,0
C103875,43,40.45,month-to-month,0,bank_transfer,no,0
C103876,50,49.61,two-year,3,electronic_check,no,0
C103877,18,107.57,month-to-month,5,bank_transfer,no,1
C103878,13,49.14,one-year,2,credit_card,no,0
C103879,4,66.28,month-to-month,0,electronic_check,yes,1
C103880,62,90.57,one-year,1,credit_card,no,0
C103881,16,107.2,month-to-month,1,credit_card,no,1
C103882,41,85.86,month-to-month,1,electronic_check,no,1
C103883,33,95.31,month-to-month,3,electronic_check,no,1
C103884,12,,month-to-month,2,bank_transfer,no,1
C103885,30,107.74,month-to-month,0,bank_transfer,no,0
C103886,6,47.57,month-to-month,2,electronic_check,no,1
C103887,13,32.84,one-year,0,electronic_check,no,0
C103888,10,117.62,month-to-month,6,electronic_check,yes,1
C103889,59,40.16,month-to-month,1,credit_card,no,0
C103890,41,33.67,month-to-month,2,credit_card,yes,0
C103891,66,82.6,month-to-month,2,electronic_check,no,1
C103892,31,51.89,one-year,1,bank_transfer,no,0
C103893,15,33.33,month-to-month,5,bank_transfer,no,1
C103894,44,80.11,two-year,1,bank_transfer,no,0
C103895,66,95.9,one-year,2,bank_transfer,no,0
C103896,38,99.32,two-year,1,credit_card,no,0
C103897,2,35.55,one-year,1,bank_transfer,no,0
C103898,22,75.69,month-to-month,1,credit_card,no,1
C103899,66,101.37,two-year,1,credit_card,no,0
C103900,37,36.11,one-year,1,electronic_check,no,0
C103901,68,40.77,one-year,5,credit_card,no,0
C103902,37,20.24,month-to-month,1,electronic_check,no,1
C103903,1,72.46,month-to-month,3,credit_card,no,1
C103904,62,39.47,one-year,2,electronic_check,yes,0
C103905,55,92.42,month-to-month,2,credit_card,no,1
C103906,51,116.22,one-year,2,electronic_check,no,1
C103907,69,40.88,month-to-month,1,bank_transfer,yes,0
C103908,14,84.91,month-to-month,2,electronic_check,no,1
C103909,65,41.18,month-to-month,0,electronic_check,no,0
C103910,17,21.8,month-to-month,1,bank_transfer,no,1
C103911,69,95.86,month-to-month,1,electronic_check,no,0
C103912,14,63.4,two-year,2,electronic_check,no,0
C103913,40,114.68,one-year,2,bank_transfer,no,0
C103914,57,73.43,two-year,3,credit_card,no,0
C103915,6,35.75,one-year,2,credit_card,no,0
C103916,5,64.98,one-year,2,bank_transfer,yes,0
C103917,61,40.29,month-to-month,1,bank_transfer,no,0
C103918,5,107.8,two-year,1,bank_transfer,yes,1
C103919,44,89.09,two-year,3,electronic_check,no,1
C103920,67,54.12,one-year,2,credit_card,yes,0
C103921,44,72.78,month-to-month,2,electronic_check,no,1
C103922,35,86.95,one-year,2,electronic_check,no,1
C103923,30,98.29,month-to-month,1,credit_card,no,1
C103924,46,28.01,month-to-month,3,electronic_check,no,1
C103925,41,22.25,one-year,2,electronic_check,no,0
C103926,36,31.45,two-year,0,bank_transfer,no,0
C103927,11,59.5,month-to-month,0,electronic_check,no,1
C103928,48,66.67,month-to-month,2,electronic_check,no,1
C103929,53,33.65,two-year,5,electronic_check,no,0
C103930,51,61.12,month-to-month,4,bank_transfer,no,1
C103931,6,64.16,month-to-month,1,bank_transfer,no,1
C103932,50,30.91,one-year,1,bank_transfer,no,0
C103933,52,111.67,two-year,0,bank_transfer,no,0
C103934,14,79.91,month-to-month,1,bank_transfer,no,0
C103935,61,58.85,month-to-month,3,electronic_check,no,1
C103936,38,70.69,month-to-month,1,credit_card,no,1
C103937,34,51.42,month-to-month,1,electronic_check,no,1
C103938,52,,one-year,1,bank_transfer,no,0
C103939,37,77.5,two-year,1,electronic_check,no,0
C103940,39,69.49,month-to-month,1,credit_card,no,1
C103941,23,111.09,month-to-month,1,electronic_check,no,1
C103942,66,103.8,month-to-month,1,bank_transfer,no,0
C103943,69,101.28,month-to-month,3,electronic_check,no,1
C103944,10,42.56,month-to-month,1,bank_transfer,no,0
C103945,53,35.31,month-to-month,2,electronic_check,no,0
C103946,2,89.01,one-year,0,bank_transfer,no,1
C103947,27,66.86,month-to-month,1,credit_card,no,1
C103948,69,,one-year,1,credit_card,no,0
C103949,13,96.06,month-to-month,0,bank_transfer,no,0
C103950,27,49.53,two-year,2,bank_transfer,no,1
C103951,16,48.47,two-year,1,bank_transfer,no,0
C103952,52,69.08,month-to-month,2,electronic_check,no,1
C103953,33,47.35,month-to-month,3,electronic_check,no,1
C103954,43,86.73,one-year,0,credit_card,no,0
C103955,67,94.67,month-to-month,4,bank_transfer,no,0
C103956,37,,month-to-month,4,credit_card,no,1
C103957,53,92.38,month-to-month,2,bank_transfer,no,1
C103958,7,71.04,two-year,1,bank_transfer,no,1
C103959,16,91.29,month-to-month,0,electronic_check,no,1
C103960,68,42.5,month-to-month,2,bank_transfer,no,0
C103961,62,93.88,month-to-month,4,bank_transfer,no,1
C103962,47,91.51,one-year,3,bank_transfer,no,1
C103963,27,46.66,month-to-month,1,credit_card,no,0
C103964,15,,two-year,1,credit_card,no,1
C103965,61,105.53,one-year,1,electronic_check,no,0
C103966,56,44.95,month-to-month,2,credit_card,no,0
C103967,18,93.6,month-to-month,3,bank_transfer,no,1
C103968,42,115.4,two-year,0,electronic_check,no,1
C103969,44,106.62,one-year,0,credit_card,no,0
C103970,34,60.15,month-to-month,3,electronic_check,no,0
C103971,66,80.72,month-to-month,3,bank_transfer,no,1
C103972,9,119.18,month-to-month,2,credit_card,no,1
C103973,19,76.84,month-to-month,2,electronic_check,no,1
C103974,7,31.5,month-to-month,1,bank_transfer,no,1
C103975,50,24.54,month-to-month,1,credit_card,no,0
C103976,46,99.03,month-to-month,4,bank_transfer,no,1
C103977,71,62.36,two-year,1,bank_transfer,yes,0
C103978,39,44.68,one-year,1,electronic_check,no,0
C103979,11,54.77,two-year,4,bank_transfer,no,1
C103980,33,95.74,one-year,1,credit_card,yes,0
C103981,7,66.52,one-year,1,electronic_check,no,1
C103982,48,106.85,month-to-month,1,electronic_check,no,0
C103983,48,93.49,one-year,2,bank_transfer,no,0
C103984,61,117.4,month-to-month,1,electronic_check,no,0
C103985,25,108.85,month-to-month,2,bank_transfer,yes,1
C103986,23,45.45,two-year,2,credit_card,no,0
C103987,6,85.91,two-year,1,electronic_check,no,1
C103988,30,22.05,month-to-month,3,credit_card,no,1
C103989,34,119.11,one-year,3,electronic_check,no,1
C103990,54,46.1,month-to-month,1,electronic_check,yes,1
C103991,54,86.48,month-to-month,1,credit_card,no,1
C103992,10,104.92,month-to-month,2,credit_card,no,1
C103993,21,36.05,month-to-month,0,bank_transfer,no,0
C103994,37,104.79,one-year,4,bank_transfer,yes,0
C103995,24,21.22,month-to-month,2,electronic_check,no,1
C103996,2,64.2,month-to-month,1,credit_card,no,1
C103997,61,67.2,two-year,2,credit_card,no,0
C103998,52,57.41,month-to-month,1,bank_transfer,no,0
C103999,37,78.64,month-to-month,3,electronic_check,no,1
C104000,23,111.48,month-to-month,1,electronic_check,no,1
C104001,60,52.7,month-to-month,0,bank_transfer,no,0
C104002,3,77.93,month-to-month,2,credit_card,no,1
C104003,32,107.75,one-year,0,credit_card,no,0
C104004,57,97.3,two-year,0,bank_transfer,no,0
C104005,68,24.07,month-to-month,1,credit_card,yes,0
C104006,18,114.28,month-to-month,1,electronic_check,no,1
C104007,47,24.66,month-to-month,1,credit_card,no,0
C104008,14,78.88,two-year,2,bank_transfer,no,1
C104009,9,77.54,month-to-month,1,electronic_check,no,1
C104010,26,98.64,month-to-month,1,bank_transfer,no,1
C104011,63,34.84,two-year,1,electronic_check,no,0
C104012,49,37.94,one-year,3,bank_transfer,yes,0
C104013,35,95.21,month-to-month,4,electronic_check,no,1
C104014,21,34.95,month-to-month,1,bank_transfer,no,0
C104015,11,66.94,month-to-month,2,electronic_check,no,1
C104016,20,93.16,two-year,3,electronic_check,no,0
C104017,11,85.12,month-to-month,1,bank_transfer,yes,1
C104018,14,41.06,month-to-month,4,credit_card,no,1
C104019,49,50.4,one-year,0,electronic_check,no,0
C104020,10,116.9,month-to-month,3,electronic_check,yes,1
C104021,4,64.87,month-to-month,1,electronic_check,no,1
C104022,39,24.45,two-year,1,bank_transfer,no,0
C104023,21,41.96,month-to-month,1,bank_transfer,yes,1
C104024,33,54.24,two-year,1,credit_card,no,0
C104025,10,119.95,one-year,2,electronic_check,no,1
C104026,15,50.27,month-to-month,2,electronic_check,yes,1
C104027,32,22.64,one-year,0,electronic_check,no,0
C104028,49,71.29,one-year,2,credit_card,yes,0
C104029,30,28.36,one-year,1,bank_transfer,no,0
C104030,39,47.41,one-year,4,bank_transfer,no,1
C104031,38,119.24,month-to-month,2,credit_card,no,1
C104032,20,90.46,month-to-month,0,credit_card,no,0
C104033,20,25.07,one-year,0,bank_transfer,no,0
C104034,31,64.87,month-to-month,2,bank_transfer,no,1
C104035,3,37.16,month-to-month,0,electronic_check,no,1
C104036,49,32.29,month-to-month,4,electronic_check,no,1
C104037,44,78.71,month-to-month,0,electronic_check,no,1
C104038,22,70.57,one-year,1,electronic_check,yes,1
C104039,27,94.29,two-year,1,electronic_check,no,0
C104040,24,109.23,two-year,2,bank_transfer,no,0
C104041,47,44.67,month-to-month,2,electronic_check,no,1
C104042,54,112.3,month-to-month,1,electronic_check,no,1
C104043,8,71.8,two-year,1,credit_card,no,0
C104044,30,45.88,month-to-month,3,credit_card,yes,1
C104045,1,104.58,one-year,2,electronic_check,no,1
C104046,33,23.55,one-year,0,credit_card,no,0
C104047,18,75.95,month-to-month,1,bank_transfer,yes,1
C104048,24,92.16,month-to-month,2,bank_transfer,no,1
C104049,33,48.0,one-year,1,electronic_check,no,1
C104050,23,106.35,month-to-month,0,electronic_check,no,1
C104051,28,44.03,two-year,1,credit_card,no,0
C104052,55,103.99,one-year,4,credit_card,yes,1
C104053,58,27.85,month-to-month,2,credit_card,no,0
C104054,1,35.99,one-year,0,electronic_check,no,0
C104055,27,58.1,month-to-month,2,bank_transfer,no,1
C104056,61,105.41,month-to-month,1,bank_transfer,no,1
C104057,38,,two-year,1,bank_transfer,no,0
C104058,15,107.54,one-year,2,electronic_check,no,1
C104059,43,42.97,one-year,4,credit_card,no,1
C104060,11,65.25,two-year,4,bank_transfer,no,1
C104061,2,55.27,month-to-month,1,credit_card,no,1
C104062,45,,month-to-month,1,bank_transfer,yes,1
C104063,37,114.43,month-to-month,1,bank_transfer,no,0
C104064,54,63.82,month-to-month,2,electronic_check,no,1
C104065,25,89.03,month-to-month,1,electronic_check,no,1
C104066,61,77.53,month-to-month,0,electronic_check,yes,0
C104067,30,70.17,one-year,1,credit_card,yes,1
C104068,53,81.66,month-to-month,1,electronic_check,no,1
C104069,8,109.83,one-year,1,credit_card,no,1
C104070,7,89.93,two-year,3,bank_transfer,no,1
C104071,56,73.25,two-year,0,bank_transfer,no,0
C104072,60,84.52,month-to-month,1,credit_card,no,0
C104073,67,80.64,two-year,0,electronic_check,no,0
C104074,24,63.31,two-year,2,electronic_check,yes,0
C104075,2,82.48,month-to-month,1,bank_transfer,no,1
C104076,70,64.36,month-to-month,2,bank_transfer,no,0
C104077,43,95.76,month-to-month,0,electronic_check,yes,0
C104078,18,116.89,one-year,3,bank_transfer,yes,1
C104079,55,115.99,one-year,3,credit_card,no,1
C104080,65,102.07,month-to-month,3,bank_transfer,no,1
C104081,21,80.18,one-year,2,bank_transfer,no,1
C104082,55,94.93,month-to-month,1,credit_card,no,0
C104083,56,37.8,month-to-month,2,electronic_check,no,0
C104084,36,67.9,two-year,2,electronic_check,no,0
C104085,45,45.73,two-year,1,bank_transfer,no,0
C104086,20,20.35,one-year,2,electronic_check,yes,1
C104087,66,116.67,month-to-month,2,bank_transfer,no,1
C104088,70,106.38,month-to-month,1,bank_transfer,no,0
C104089,70,71.37,month-to-month,0,electronic_check,yes,0
C104090,53,45.42,month-to-month,1,bank_transfer,no,0
C104091,4,,month-to-month,4,bank_transfer,no,1
C104092,27,63.48,two-year,4,electronic_check,no,1
C104093,32,100.33,one-year,1,credit_card,no,0
C104094,69,119.95,month-to-month,1,credit_card,no,0
C104095,39,54.91,month-to-month,1,credit_card,no,1
C104096,39,44.44,month-to-month,2,credit_card,no,1
C104097,11,46.74,month-to-month,3,electronic_check,no,1
C104098,57,29.33,one-year,1,bank_transfer,no,0
C104099,24,59.4,month-to-month,5,electronic_check,yes,1
C104100,7,21.74,two-year,3,bank_transfer,no,1
C104101,71,31.44,month-to-month,0,credit_card,yes,0
C104102,14,47.17,month-to-month,0,credit_card,yes,0
C104103,2,35.99,two-year,2,bank_transfer,no,1
C104104,6,93.22,month-to-month,2,credit_card,yes,1
C104105,33,30.56,month-to-month,0,bank_transfer,yes,0
C104106,8,106.6,one-year,1,bank_transfer,yes,1
C104107,60,42.11,month-to-month,0,credit_card,no,0
C104108,37,30.86,month-to-month,2,bank_transfer,yes,0
C104109,23,21.01,month-to-month,0,electronic_check,no,0
C104110,1,91.52,month-to-month,2,electronic_check,no,1
C104111,35,45.66,month-to-month,1,bank_transfer,no,0
C104112,11,70.95,month-to-month,0,credit_card,no,1
C104113,70,31.16,one-year,0,electronic_check,no,0
C104114,21,118.53,two-year,1,bank_transfer,no,0
C104115,34,32.54,month-to-month,1,electronic_check,no,0
C104116,2,61.19,month-to-month,2,credit_card,no,1
C104117,10,105.16,month-to-month,2,credit_card,no,1
C104118,15,44.49,month-to-month,1,credit_card,no,1
C104119,4,46.7,month-to-month,1,electronic_check,no,1
C104120,52,100.85,one-year,2,electronic_check,no,0
C104121,68,47.33,month-to-month,1,electronic_check,no,0
C104122,70,,month-to-month,0,bank_transfer,yes,0
C104123,19,62.79,one-year,0,credit_card,no,0
C104124,57,21.25,two-year,1,credit_card,no,0
C104125,36,110.98,month-to-month,3,credit_card,no,1
C104126,4,84.18,month-to-month,0,credit_card,no,1
C104127,7,78.3,two-year,2,electronic_check,no,0
C104128,39,40.16,month-to-month,0,electronic_check,yes,0
C104129,31,89.99,one-year,3,electronic_check,no,1
C104130,1,87.73,one-year,1,electronic_check,no,1
C104131,67,26.05,month-to-month,0,electronic_check,no,0
C104132,52,108.08,month-to-month,1,credit_card,no,0
C104133,36,77.94,month-to-month,0,credit_card,no,0
C104134,71,99.25,month-to-month,0,credit_card,no,0
C104135,69,46.29,month-to-month,0,electronic_check,no,0
C104136,70,32.2,one-year,2,electronic_check,no,0
C104137,19,90.24,one-year,2,electronic_check,no,1
C104138,63,99.39,two-year,6,bank_transfer,no,1
C104139,36,58.6,two-year,1,credit_card,no,0
C104140,52,22.37,one-year,2,bank_transfer,no,0
C104141,62,101.83,month-to-month,0,credit_card,no,0
C104142,12,40.61,month-to-month,1,credit_card,no,1
C104143,32,53.9,one-year,1,bank_transfer,no,0
C104144,10,82.82,one-year,2,credit_card,no,0
C104145,20,30.0,month-to-month,1,electronic_check,no,1
C104146,30,27.2,one-year,2,electronic_check,no,0
C104147,61,22.57,month-to-month,2,credit_card,no,0
C104148,62,111.66,month-to-month,1,credit_card,no,0
C104149,28,51.14,two-year,0,electronic_check,yes,0
C104150,24,86.07,month-to-month,6,credit_card,no,1
C104151,38,118.92,month-to-month,0,credit_card,no,1
C104152,65,86.95,one-year,1,electronic_check,no,0
C104153,70,72.51,one-year,1,electronic_check,no,0
C104154,17,72.09,month-to-month,1,bank_transfer,yes,0
C104155,14,57.69,one-year,2,credit_card,no,1
C104156,51,79.98,month-to-month,4,electronic_check,no,1
C104157,22,115.88,one-year,1,electronic_check,no,1
C104158,15,98.8,month-to-month,0,bank_transfer,no,1
C104159,3,62.42,two-year,3,bank_transfer,no,1
C104160,29,53.24,one-year,1,bank_transfer,no,0
C104161,28,108.35,month-to-month,0,bank_transfer,yes,1
C104162,40,33.58,month-to-month,2,bank_transfer,no,0
C104163,15,104.96,month-to-month,1,electronic_check,no,1
C104164,51,45.51,one-year,2,credit_card,no,0
C104165,49,91.56,one-year,3,credit_card,no,0
C104166,33,100.62,one-year,1,credit_card,yes,0
C104167,13,67.7,two-year,0,credit_card,no,0
C104168,36,39.23,month-to-month,2,bank_transfer,no,1
C104169,48,104.48,one-year,2,credit_card,no,0
C104170,27,56.75,month-to-month,0,credit_card,no,0
C104171,19,52.07,one-year,1,bank_transfer,no,0
C104172,36,71.0,month-to-month,2,electronic_check,no,1
C104173,26,63.51,one-year,1,electronic_check,no,1
C104174,29,88.31,month-to-month,1,credit_card,yes,1
C104175,25,33.72,month-to-month,3,credit_card,no,1
C104176,22,63.57,month-to-month,2,electronic_check,no,0
C104177,51,109.17,two-year,4,electronic_check,no,0
C104178,33,23.61,month-to-month,2,electronic_check,yes,1
C104179,34,65.73,month-to-month,0,bank_transfer,no,0
C104180,47,86.05,month-to-month,2,credit_card,yes,1
C104181,26,108.77,month-to-month,2,electronic_check,no,1
C104182,8,79.38,two-year,2,credit_card,no,0
C104183,61,102.45,two-year,0,bank_transfer,no,0
C104184,4,42.27,two-year,3,bank_transfer,no,0
C104185,41,55.28,two-year,1,electronic_check,no,0
C104186,19,114.21,month-to-month,4,bank_transfer,no,1
C104187,16,,month-to-month,1,bank_transfer,no,1
C104188,3,75.8,one-year,1,bank_transfer,no,1
C104189,64,67.55,one-year,0,electronic_check,no,0
C104190,31,65.11,month-to-month,3,electronic_check,no,1
C104191,25,25.88,one-year,1,bank_transfer,no,0
C104192,53,109.24,month-to-month,1,credit_card,no,1
C104193,3,101.81,month-to-month,1,bank_transfer,no,1
C104194,41,65.63,month-to-month,2,bank_transfer,no,1
C104195,36,47.94,two-year,1,electronic_check,no,0
C104196,40,54.29,one-year,0,electronic_check,no,0
C104197,9,32.32,month-to-month,3,bank_transfer,no,1
C104198,68,92.18,two-year,1,electronic_check,no,0
C104199,17,75.67,two-year,0,credit_card,no,0
C104200,49,43.41,month-to-month,0,bank_transfer,no,0
C104201,54,82.3,one-year,0,bank_transfer,no,0
C104202,25,117.92,month-to-month,1,electronic_check,no,1
C104203,10,32.24,month-to-month,2,electronic_check,no,1
C104204,22,65.85,month-to-month,2,electronic_check,no,1
C104205,58,69.42,month-to-month,1,electronic_check,no,0
C104206,65,36.68,month-to-month,2,electronic_check,no,0
C104207,67,73.16,month-to-month,2,credit_card,yes,1
C104208,17,80.6,month-to-month,1,credit_card,no,1
C104209,44,35.73,one-year,1,electronic_check,no,0
C104210,11,35.47,one-year,4,bank_transfer,no,1
C104211,51,105.63,month-to-month,2,bank_transfer,no,0
C104212,30,51.14,month-to-month,0,bank_transfer,no,0
C104213,51,83.03,month-to-month,0,credit_card,no,0
C104214,49,82.68,two-year,2,credit_card,no,0
C104215,71,103.92,two-year,2,credit_card,no,0
C104216,35,93.99,month-to-month,2,bank_transfer,yes,1
C104217,25,104.06,one-year,1,credit_card,yes,1
C104218,38,82.52,one-year,5,credit_card,no,1
C104219,12,64.95,two-year,1,electronic_check,no,0
C104220,8,,month-to-month,1,electronic_check,no,1
C104221,37,57.9,month-to-month,1,credit_card,no,1
C104222,59,61.84,one-year,1,electronic_check,no,0
C104223,38,32.93,month-to-month,1,credit_card,no,1
C104224,56,62.4,month-to-month,1,bank_transfer,no,0
C104225,13,58.94,month-to-month,2,bank_transfer,no,1
C104226,32,23.46,month-to-month,4,bank_transfer,no,1
C104227,44,47.51,one-year,3,electronic_check,no,1
C104228,25,95.19,one-year,1,credit_card,no,0
C104229,2,77.79,month-to-month,2,bank_transfer,no,1
C104230,6,100.62,two-year,0,credit_card,no,1
C104231,66,74.27,month-to-month,3,bank_transfer,no,0
C104232,43,105.41,two-year,1,credit_card,no,0
C104233,19,99.61,month-to-month,1,electronic_check,no,1
C104234,19,29.83,two-year,0,credit_card,no,0
C104235,3,117.7,two-year,1,credit_card,yes,1
C104236,68,21.47,two-year,1,credit_card,no,0
C104237,8,79.68,two-year,2,electronic_check,no,1
C104238,54,99.25,month-to-month,3,credit_card,no,1
C104239,18,53.19,one-year,4,credit_card,no,1
C104240,24,79.86,one-year,1,bank_transfer,no,0
C104241,20,56.21,month-to-month,2,credit_card,no,1
C104242,59,26.06,two-year,3,bank_transfer,yes,0
C104243,3,20.85,month-to-month,1,bank_transfer,no,1
C104244,26,29.49,month-to-month,1,bank_transfer,no,1
C104245,20,29.84,two-year,1,credit_card,no,0
C104246,20,81.09,month-to-month,2,credit_card,no,1
C104247,14,72.59,month-to-month,0,credit_card,no,1
C104248,65,65.55,month-to-month,3,electronic_check,no,1
C104249,27,89.19,one-year,0,electronic_check,no,0
C104250,30,21.68,two-year,5,credit_card,no,0
C104251,28,47.1,month-to-month,2,bank_transfer,yes,1
C104252,70,97.74,one-year,4,electronic_check,no,0
C104253,25,111.0,one-year,2,credit_card,no,1
C104254,25,63.83,one-year,1,credit_card,no,1
C104255,24,28.15,one-year,3,bank_transfer,no,0
C104256,24,99.87,two-year,2,bank_transfer,no,0
C104257,7,108.52,month-to-month,1,electronic_check,no,1
C104258,43,61.37,month-to-month,0,bank_transfer,no,0
C104259,2,44.34,one-year,0,electronic_check,no,1
C104260,17,24.4,month-to-month,2,credit_card,no,1
C104261,15,79.11,month-to-month,1,credit_card,no,1
C104262,21,110.99,month-to-month,4,bank_transfer,yes,1
C104263,54,87.79,month-to-month,3,electronic_check,no,1
C104264,43,51.72,two-year,2,credit_card,no,0
C104265,71,84.29,month-to-month,1,electronic_check,no,0
C104266,25,103.21,one-year,0,electronic_check,no,0
C104267,66,,one-year,0,bank_transfer,yes,0
C104268,4,101.97,month-to-month,0,electronic_check,no,1
C104269,36,59.19,month-to-month,1,credit_card,no,1
C104270,57,54.85,month-to-month,2,electronic_check,no,1
C104271,38,78.3,month-to-month,1,bank_transfer,no,0
C104272,67,66.47,month-to-month,2,credit_card,yes,0
C104273,23,117.71,one-year,2,credit_card,yes,1
C104274,3,71.64,month-to-month,2,electronic_check,no,1
C104275,55,,month-to-month,0,electronic_check,no,0
C104276,5,59.49,month-to-month,4,electronic_check,no,1
C104277,55,74.79,month-to-month,0,electronic_check,no,1
C104278,53,55.49,month-to-month,1,credit_card,no,0
C104279,60,92.29,two-year,3,credit_card,no,0
C104280,35,58.07,month-to-month,1,bank_transfer,no,1
C104281,64,58.41,month-to-month,1,credit_card,no,0
C104282,13,81.7,one-year,1,bank_transfer,no,0
C104283,31,26.08,one-year,2,electronic_check,no,1
C104284,9,85.54,one-year,1,electronic_check,no,1
C104285,55,70.5,month-to-month,0,bank_transfer,no,0
C104286,51,65.3,one-year,1,electronic_check,no,0
C104287,58,91.93,month-to-month,3,bank_transfer,yes,1
C104288,55,95.83,one-year,2,bank_transfer,no,0
C104289,22,104.63,month-to-month,3,electronic_check,no,1
C104290,5,57.48,one-year,2,bank_transfer,no,0
C104291,66,52.7,one-year,1,credit_card,no,0
C104292,35,91.43,one-year,1,credit_card,no,0
C104293,7,78.18,month-to-month,1,bank_transfer,no,1
C104294,66,83.18,one-year,0,bank_transfer,no,0
C104295,71,75.55,one-year,0,electronic_check,no,0
C104296,32,97.27,month-to-month,0,credit_card,yes,0
C104297,55,39.0,month-to-month,1,credit_card,no,0
C104298,3,75.57,month-to-month,2,credit_card,no,1
C104299,7,35.81,month-to-month,1,credit_card,no,0
C104300,20,60.73,one-year,6,electronic_check,yes,1
C104301,47,86.4,month-to-month,1,electronic_check,yes,0
C104302,10,69.31,one-year,0,bank_transfer,yes,1
C104303,3,57.96,one-year,1,credit_card,no,0
C104304,48,,one-year,2,electronic_check,no,0
C104305,55,97.28,one-year,2,credit_card,no,0
C104306,53,72.63,one-year,3,credit_card,yes,0
C104307,57,115.01,month-to-month,0,bank_transfer,no,0
C104308,58,62.44,month-to-month,1,electronic_check,no,0
C104309,43,98.81,two-year,1,electronic_check,no,0
C104310,37,36.79,two-year,2,bank_transfer,yes,0
C104311,61,48.58,month-to-month,0,bank_transfer,no,0
C104312,25,53.81,two-year,1,credit_card,no,0
C104313,7,30.58,two-year,1,credit_card,no,0
C104314,54,70.18,month-to-month,2,electronic_check,no,1
C104315,20,39.23,one-year,1,bank_transfer,no,0
C104316,70,83.42,one-year,1,electronic_check,no,0
C104317,30,39.01,month-to-month,2,bank_transfer,no,0
C104318,61,32.35,month-to-month,2,electronic_check,no,0
C104319,4,116.91,month-to-month,4,electronic_check,yes,1
C104320,47,85.82,one-year,1,bank_transfer,yes,0
C104321,32,113.65,month-to-month,0,electronic_check,no,1
C104322,33,68.99,one-year,1,electronic_check,no,0
C104323,19,23.34,one-year,1,credit_card,no,0
C104324,69,77.44,one-year,0,credit_card,no,0
C104325,28,75.83,month-to-month,3,electronic_check,no,1
C104326,61,21.5,month-to-month,0,credit_card,no,0
C104327,31,106.12,month-to-month,0,electronic_check,no,1
C104328,4,82.0,month-to-month,1,bank_transfer,no,1
C104329,63,94.47,month-to-month,1,electronic_check,no,1
C104330,14,69.39,month-to-month,3,credit_card,no,1
C104331,20,81.84,month-to-month,0,bank_transfer,no,1
C104332,62,45.75,one-year,1,bank_transfer,no,0
C104333,64,117.38,month-to-month,1,credit_card,no,0
C104334,66,60.07,month-to-month,2,bank_transfer,no,0
C104335,31,36.23,two-year,0,bank_transfer,no,0
C104336,54,,month-to-month,1,bank_transfer,no,0
C104337,24,83.62,two-year,2,bank_transfer,no,1
C104338,53,118.34,one-year,1,credit_card,no,1
C104339,36,109.58,month-to-month,0,bank_transfer,no,0
C104340,4,90.21,two-year,1,credit_card,no,0
C104341,30,,two-year,1,credit_card,yes,0
C104342,34,92.28,one-year,1,credit_card,no,0
C104343,19,53.93,month-to-month,3,credit_card,no,1
C104344,27,80.12,month-to-month,3,credit_card,no,1
C104345,36,27.98,month-to-month,3,credit_card,no,1
C104346,4,42.17,one-year,3,electronic_check,no,1
C104347,11,61.75,month-to-month,0,credit_card,no,1
C104348,55,40.18,month-to-month,0,bank_transfer,no,0
C104349,25,115.35,month-to-month,0,credit_card,no,1
C104350,44,119.56,month-to-month,2,bank_transfer,no,1
C104351,41,57.09,month-to-month,3,credit_card,no,0
C104352,40,90.92,month-to-month,1,credit_card,yes,1
C104353,30,60.78,two-year,2,credit_card,no,0
C104354,35,33.95,month-to-month,2,bank_transfer,no,0
C104355,59,53.69,month-to-month,1,credit_card,no,0
C104356,69,43.34,month-to-month,0,bank_transfer,yes,0
C104357,19,52.81,month-to-month,1,electronic_check,no,1
C104358,48,41.5,one-year,2,bank_transfer,no,0
C104359,69,31.23,month-to-month,1,bank_transfer,no,0
C104360,1,41.74,two-year,3,electronic_check,no,1
C104361,56,110.58,two-year,1,bank_transfer,no,0
C104362,36,28.52,two-year,4,credit_card,no,1
C104363,69,52.48,two-year,0,electronic_check,no,0
C104364,42,72.84,month-to-month,0,bank_transfer,no,1
C104365,60,55.45,one-year,1,bank_transfer,no,0
C104366,12,71.76,month-to-month,2,bank_transfer,no,1
C104367,11,24.34,one-year,1,credit_card,no,0
C104368,66,84.86,month-to-month,3,bank_transfer,no,1
C104369,38,76.35,month-to-month,2,bank_transfer,no,1
C104370,40,88.1,month-to-month,3,bank_transfer,no,1
C104371,13,76.73,one-year,2,credit_card,no,1
C104372,17,63.79,one-year,0,credit_card,no,0
C104373,59,55.01,month-to-month,3,bank_transfer,no,0
C104374,22,42.64,month-to-month,4,bank_transfer,no,1
C104375,42,70.01,month-to-month,2,credit_card,no,1
C104376,23,22.61,one-year,0,credit_card,yes,1
C104377,19,52.82,month-to-month,1,bank_transfer,no,0
C104378,12,87.79,month-to-month,3,credit_card,yes,1
C104379,67,30.87,one-year,1,credit_card,no,0
C104380,67,26.29,one-year,1,bank_transfer,no,0
C104381,9,85.22,two-year,2,credit_card,no,0
C104382,26,59.78,one-year,1,bank_transfer,no,0
C104383,41,100.18,two-year,0,electronic_check,no,0
C104384,28,113.73,month-to-month,1,credit_card,no,1
C104385,52,115.7,month-to-month,0,credit_card,no,0
C104386,19,62.56,two-year,4,credit_card,no,0
C104387,5,46.43,month-to-month,2,bank_transfer,no,1
C104388,24,80.86,one-year,1,bank_transfer,yes,0
C104389,43,82.82,month-to-month,0,credit_card,yes,1
C104390,13,82.23,month-to-month,1,bank_transfer,no,1
C104391,58,52.18,month-to-month,1,electronic_check,no,1
C104392,1,26.38,one-year,1,electronic_check,no,1
C104393,5,41.0,one-year,1,bank_transfer,no,0
C104394,37,35.44,month-to-month,2,bank_transfer,no,1
C104395,37,32.39,month-to-month,0,electronic_check,no,1
C104396,21,112.63,month-to-month,2,electronic_check,no,1
C104397,19,21.38,month-to-month,2,bank_transfer,no,1
C104398,5,80.19,month-to-month,3,bank_transfer,yes,1
C104399,48,114.75,two-year,1,electronic_check,no,1
C104400,27,56.01,month-to-month,0,electronic_check,no,0
C104401,9,72.71,month-to-month,1,credit_card,yes,1
C104402,29,89.58,month-to-month,3,bank_transfer,no,1
C104403,67,51.72,month-to-month,4,electronic_check,no,1
C104404,19,67.77,month-to-month,3,bank_transfer,no,1
C104405,64,101.71,one-year,0,bank_transfer,no,0
C104406,19,94.54,one-year,1,bank_transfer,no,1
C104407,14,100.84,two-year,2,bank_transfer,no,1
C104408,19,118.73,month-to-month,0,electronic_check,no,1
C104409,23,57.03,one-year,1,electronic_check,no,1
C104410,9,94.71,two-year,3,electronic_check,no,1
C104411,42,80.28,two-year,1,electronic_check,no,0
C104412,24,86.66,two-year,1,electronic_check,no,0
C104413,51,93.99,month-to-month,2,electronic_check,no,1
C104414,35,94.97,two-year,2,electronic_check,no,1
C104415,32,108.57,two-year,1,credit_card,yes,0
C104416,34,54.93,one-year,2,electronic_check,no,0
C104417,12,85.35,one-year,1,bank_transfer,no,0
C104418,51,48.03,two-year,3,electronic_check,no,0
C104419,8,79.46,month-to-month,0,credit_card,no,1
C104420,52,95.12,one-year,2,credit_card,no,0
C104421,71,99.1,one-year,4,bank_transfer,no,0
C104422,55,62.01,one-year,0,bank_transfer,no,0
C104423,33,70.87,one-year,3,bank_transfer,no,1
C104424,23,53.38,month-to-month,1,credit_card,no,1
C104425,62,36.9,month-to-month,0,credit_card,no,0
C104426,19,46.05,month-to-month,4,electronic_check,no,1
C104427,35,111.21,one-year,0,credit_card,no,1
C104428,55,50.9,one-year,0,credit_card,no,0
C104429,66,117.48,two-year,0,electronic_check,no,0
C104430,66,44.15,one-year,1,electronic_check,no,0
C104431,7,92.31,one-year,1,credit_card,no,1
C104432,64,77.39,month-to-month,1,credit_card,yes,1
C104433,9,89.69,one-year,3,credit_card,no,1
C104434,42,84.4,two-year,2,bank_transfer,no,0
C104435,67,90.67,one-year,0,credit_card,no,0
C104436,47,110.55,two-year,3,electronic_check,no,0
C104437,68,76.35,two-year,2,bank_transfer,no,0
C104438,25,26.78,month-to-month,1,bank_transfer,no,0
C104439,23,47.08,one-year,1,credit_card,no,0
C104440,24,90.82,month-to-month,1,credit_card,no,1
C104441,26,69.41,month-to-month,0,electronic_check,no,1
C104442,49,74.86,month-to-month,3,bank_transfer,no,1
C104443,33,79.66,month-to-month,2,credit_card,no,1
C104444,53,58.26,month-to-month,0,bank_transfer,no,0
C104445,30,97.39,one-year,0,credit_card,no,0
C104446,22,92.35,month-to-month,2,bank_transfer,no,1
C104447,14,91.43,month-to-month,2,credit_card,no,1
C104448,40,91.53,month-to-month,2,electronic_check,no,0
C104449,64,109.04,month-to-month,1,credit_card,no,1
C104450,61,79.54,two-year,1,bank_transfer,no,0
C104451,18,116.71,month-to-month,1,bank_transfer,no,1
C104452,34,31.92,month-to-month,2,credit_card,no,0
C104453,51,83.2,two-year,2,credit_card,no,0
C104454,44,91.69,two-year,0,electronic_check,yes,0
C104455,5,67.72,one-year,0,electronic_check,no,1
C104456,42,48.82,one-year,3,credit_card,no,0
C104457,3,75.0,month-to-month,2,bank_transfer,no,1
C104458,9,56.47,one-year,0,electronic_check,no,1
C104459,47,110.91,month-to-month,1,credit_card,no,1
C104460,8,55.68,month-to-month,1,credit_card,no,0
C104461,25,37.57,month-to-month,4,credit_card,no,1
C104462,42,77.64,one-year,0,bank_transfer,no,0
C104463,47,59.6,month-to-month,1,bank_transfer,no,0
C104464,32,,month-to-month,1,bank_transfer,no,1
C104465,7,76.48,month-to-month,1,bank_transfer,no,1
C104466,57,73.78,one-year,1,credit_card,no,0
C104467,68,37.32,month-to-month,1,bank_transfer,no,0
C104468,64,79.76,month-to-month,2,electronic_check,no,0
C104469,54,76.74,month-to-month,0,electronic_check,no,0
C104470,29,97.36,one-year,1,electronic_check,no,0
C104471,63,56.16,month-to-month,0,credit_card,yes,0
C104472,35,44.88,two-year,0,bank_transfer,no,0
C104473,10,115.12,month-to-month,0,bank_transfer,no,1
C104474,61,76.12,month-to-month,1,electronic_check,no,0
C104475,23,22.71,month-to-month,2,bank_transfer,no,1
C104476,67,102.07,month-to-month,0,credit_card,yes,0
C104477,27,39.68,month-to-month,3,credit_card,no,0
C104478,62,98.6,month-to-month,1,credit_card,no,1
C104479,39,90.52,two-year,0,bank_transfer,no,1
C104480,34,116.88,month-to-month,1,credit_card,no,1
C104481,22,116.56,month-to-month,1,bank_transfer,no,1
C104482,60,47.44,month-to-month,2,credit_card,no,0
C104483,5,96.64,month-to-month,1,bank_transfer,no,1
C104484,34,51.69,month-to-month,1,bank_transfer,no,0
C104485,27,82.92,month-to-month,0,electronic_check,no,1
C104486,39,79.77,month-to-month,2,electronic_check,yes,1
C104487,19,25.45,month-to-month,2,credit_card,no,1
C104488,48,20.52,two-year,0,credit_card,no,0
C104489,28,25.78,one-year,1,bank_transfer,no,0
C104490,14,32.79,two-year,1,bank_transfer,no,0
C104491,14,45.77,month-to-month,1,electronic_check,no,1
C104492,50,110.7,two-year,0,credit_card,yes,0
C104493,19,71.86,month-to-month,1,bank_transfer,yes,1
C104494,22,99.69,month-to-month,3,bank_transfer,no,1
C104495,45,103.83,two-year,1,bank_transfer,no,0
C104496,24,93.49,month-to-month,3,bank_transfer,no,1
C104497,28,59.14,month-to-month,1,bank_transfer,no,1
C104498,18,106.39,two-year,0,credit_card,no,0
C104499,25,94.2,one-year,1,bank_transfer,no,0
C104500,50,94.32,month-to-month,0,bank_transfer,yes,1
C104501,38,110.16,month-to-month,2,credit_card,yes,1
C104502,71,79.87,month-to-month,2,electronic_check,no,1
C104503,55,72.86,two-year,2,bank_transfer,no,0
C104504,2,109.02,month-to-month,1,electronic_check,no,1
C104505,27,65.45,month-to-month,1,bank_transfer,no,0
C104506,21,101.16,month-to-month,0,electronic_check,no,1
C104507,42,25.38,two-year,1,credit_card,yes,0
C104508,19,20.13,one-year,0,electronic_check,no,1
C104509,69,72.83,month-to-month,1,credit_card,no,0
C104510,22,27.36,two-year,1,electronic_check,no,0
C104511,38,117.65,month-to-month,1,credit_card,yes,1
C104512,9,20.55,two-year,3,credit_card,no,0
C104513,65,91.81,month-to-month,2,bank_transfer,no,1
C104514,65,44.34,month-to-month,3,bank_transfer,no,0
C104515,57,116.76,month-to-month,1,credit_card,no,1
C104516,25,58.15,two-year,3,bank_transfer,no,0
C104517,5,22.73,two-year,4,electronic_check,no,1
C104518,51,22.69,one-year,2,credit_card,no,0
C104519,31,75.34,month-to-month,0,electronic_check,yes,1
C104520,71,118.67,month-to-month,2,electronic_check,no,1
C104521,50,117.98,month-to-month,1,electronic_check,no,1
C104522,39,53.73,month-to-month,1,electronic_check,no,1
C104523,71,68.27,month-to-month,1,credit_card,yes,0
C104524,57,30.05,one-year,1,electronic_check,no,0
C104525,33,72.22,one-year,4,bank_transfer,no,1
C104526,2,79.97,two-year,0,credit_card,no,0
C104527,7,45.11,month-to-month,0,electronic_check,no,1
C104528,32,81.21,month-to-month,0,bank_transfer,yes,0
C104529,40,109.97,month-to-month,0,electronic_check,no,0
C104530,3,20.1,month-to-month,2,bank_transfer,no,0
C104531,9,42.89,one-year,3,credit_card,no,1
C104532,51,40.99,one-year,4,electronic_check,yes,1
C104533,54,32.39,month-to-month,2,electronic_check,no,1
C104534,3,36.61,month-to-month,1,bank_transfer,no,1
C104535,37,82.59,two-year,0,bank_transfer,yes,0
C104536,6,30.27,month-to-month,2,credit_card,no,1
C104537,52,93.85,month-to-month,1,electronic_check,no,0
C104538,60,108.7,one-year,4,electronic_check,no,1
C104539,62,112.66,one-year,3,electronic_check,no,0
C104540,43,86.02,month-to-month,2,bank_transfer,no,1
C104541,45,,two-year,2,electronic_check,no,0
C104542,66,28.53,two-year,1,electronic_check,no,0
C104543,44,43.2,month-to-month,1,bank_transfer,yes,0
C104544,32,116.2,month-to-month,0,electronic_check,yes,1
C104545,54,116.23,one-year,0,credit_card,no,0
C104546,42,58.19,one-year,1,electronic_check,no,0
C104547,60,52.58,month-to-month,1,bank_transfer,yes,0
C104548,38,71.0,month-to-month,0,bank_transfer,no,0
C104549,62,49.17,one-year,2,bank_transfer,no,0
C104550,4,117.97,month-to-month,1,electronic_check,no,1
C104551,3,42.12,month-to-month,2,bank_transfer,no,1
C104552,8,,month-to-month,0,bank_transfer,no,1
C104553,40,62.94,month-to-month,3,bank_transfer,no,1
C104554,51,32.51,two-year,2,bank_transfer,no,0
C104555,16,58.28,one-year,1,bank_transfer,no,0
C104556,12,105.67,month-to-month,2,credit_card,yes,1
C104557,62,34.04,two-year,2,bank_transfer,no,0
C104558,54,78.4,month-to-month,1,credit_card,yes,1
C104559,47,60.66,month-to-month,0,electronic_check,no,0
C104560,35,37.05,month-to-month,1,bank_transfer,no,1
C104561,30,21.23,one-year,3,electronic_check,no,1
C104562,2,47.33,one-year,2,bank_transfer,no,0
C104563,14,26.18,one-year,3,bank_transfer,no,1
C104564,64,57.68,month-to-month,3,credit_card,no,0
C104565,25,101.02,month-to-month,2,bank_transfer,no,1
C104566,51,91.97,month-to-month,2,bank_transfer,no,1
C104567,50,114.74,two-year,0,bank_transfer,no,0
C104568,22,62.7,month-to-month,0,electronic_check,no,1
C104569,15,90.78,one-year,1,bank_transfer,no,1
C104570,50,86.53,one-year,0,electronic_check,no,0
C104571,7,41.7,month-to-month,2,credit_card,no,1
C104572,36,50.36,month-to-month,3,bank_transfer,no,1
C104573,64,72.98,month-to-month,3,electronic_check,no,1
C104574,51,99.67,one-year,1,bank_transfer,no,0
C104575,55,66.18,two-year,2,electronic_check,no,0
C104576,6,42.77,month-to-month,1,bank_transfer,no,1
C104577,15,119.35,two-year,1,bank_transfer,no,1
C104578,20,31.56,month-to-month,2,bank_transfer,yes,1
C104579,21,115.59,month-to-month,1,electronic_check,yes,1
C104580,14,100.9,two-year,2,electronic_check,no,1
C104581,70,103.89,two-year,0,electronic_check,no,0
C104582,12,,month-to-month,0,credit_card,no,1
C104583,51,40.82,one-year,2,electronic_check,no,0
C104584,42,83.26,two-year,1,electronic_check,no,1
C104585,44,95.67,one-year,1,electronic_check,no,0
C104586,16,94.57,one-year,1,bank_transfer,no,1
C104587,22,47.16,month-to-month,1,bank_transfer,no,1
C104588,44,38.11,month-to-month,1,bank_transfer,yes,0
C104589,22,52.81,one-year,2,electronic_check,no,0
C104590,50,67.98,month-to-month,0,electronic_check,no,0
C104591,3,77.38,month-to-month,2,electronic_check,no,1
C104592,6,103.7,month-to-month,0,electronic_check,no,1
C104593,52,96.9,month-to-month,2,bank_transfer,no,0
C104594,44,87.62,month-to-month,1,credit_card,no,0
C104595,4,46.35,month-to-month,0,credit_card,no,1
C104596,64,67.89,month-to-month,3,electronic_check,no,1
C104597,1,53.54,month-to-month,0,credit_card,no,1
C104598,68,43.49,two-year,2,credit_card,no,0
C104599,52,21.02,one-year,0,bank_transfer,yes,0
C104600,71,53.95,month-to-month,1,electronic_check,no,0
C104601,68,45.61,month-to-month,2,electronic_check,no,0
C104602,23,77.19,month-to-month,2,credit_card,yes,1
C104603,54,26.23,one-year,2,bank_transfer,yes,0
C104604,15,47.05,one-year,1,electronic_check,no,1
C104605,34,24.48,one-year,2,electronic_check,no,0
C104606,18,84.14,one-year,0,electronic_check,no,0
C104607,35,76.82,month-to-month,1,electronic_check,no,1
C104608,62,53.75,month-to-month,2,credit_card,no,0
C104609,31,34.73,month-to-month,5,credit_card,no,1
C104610,7,115.79,month-to-month,1,credit_card,no,1
C104611,24,78.44,month-to-month,2,credit_card,no,1
C104612,56,87.91,one-year,0,electronic_check,no,0
C104613,38,73.13,month-to-month,2,electronic_check,no,1
C104614,40,100.65,one-year,1,electronic_check,no,1
C104615,31,109.64,month-to-month,1,credit_card,no,1
C104616,21,58.27,month-to-month,0,electronic_check,no,0
C104617,43,89.0,one-year,1,electronic_check,no,0
C104618,45,42.99,month-to-month,2,credit_card,no,0
C104619,64,85.19,month-to-month,0,electronic_check,no,0
C104620,44,59.92,month-to-month,0,credit_card,no,0
C104621,71,20.68,one-year,1,bank_transfer,no,0
C104622,59,115.55,month-to-month,2,credit_card,no,1
C104623,6,106.84,two-year,0,bank_transfer,yes,0
C104624,28,49.08,two-year,0,credit_card,no,0
C104625,28,119.78,two-year,0,electronic_check,no,1
C104626,1,51.71,month-to-month,1,bank_transfer,no,1
C104627,13,65.88,one-year,1,electronic_check,no,0
C104628,55,105.13,month-to-month,2,bank_transfer,no,0
C104629,26,50.46,two-year,1,bank_transfer,no,0
C104630,11,65.05,month-to-month,4,electronic_check,no,1
C104631,21,86.56,month-to-month,2,electronic_check,no,1
C104632,20,33.05,month-to-month,1,bank_transfer,no,0
C104633,13,62.24,two-year,2,bank_transfer,no,1
C104634,8,50.94,two-year,3,credit_card,no,1
C104635,55,87.68,month-to-month,1,credit_card,no,0
C104636,59,33.6,month-to-month,2,electronic_check,no,0
C104637,36,43.27,one-year,1,bank_transfer,no,0
C104638,44,91.14,two-year,1,bank_transfer,no,0
C104639,66,35.62,one-year,0,electronic_check,yes,0
C104640,60,62.2,month-to-month,2,electronic_check,no,0
C104641,3,91.29,one-year,1,electronic_check,yes,1
C104642,68,96.55,two-year,1,bank_transfer,no,0
C104643,5,29.49,month-to-month,0,credit_card,no,1
C104644,2,105.2,month-to-month,0,bank_transfer,no,1
C104645,29,92.4,month-to-month,0,bank_transfer,no,1
C104646,53,53.93,month-to-month,0,credit_card,no,0
C104647,6,96.38,one-year,5,bank_transfer,no,1
C104648,21,92.83,month-to-month,1,bank_transfer,no,1
C104649,19,80.09,month-to-month,0,electronic_check,yes,1
C104650,29,75.85,month-to-month,3,credit_card,no,1
C104651,71,93.47,two-year,1,electronic_check,no,0
C104652,24,119.93,two-year,2,bank_transfer,no,1
C104653,15,77.86,month-to-month,3,credit_card,no,1
C104654,9,100.87,one-year,0,bank_transfer,no,0
C104655,15,94.43,month-to-month,3,electronic_check,no,1
C104656,10,105.58,two-year,0,bank_transfer,no,0
C104657,41,115.45,one-year,3,bank_transfer,no,1
C104658,30,39.31,month-to-month,1,bank_transfer,no,0
C104659,36,36.55,two-year,2,electronic_check,yes,0
C104660,60,78.64,month-to-month,1,bank_transfer,no,0
C104661,42,64.93,one-year,1,electronic_check,no,0
C104662,12,77.07,month-to-month,0,electronic_check,no,0
C104663,27,99.8,one-year,1,credit_card,no,0
C104664,23,113.17,month-to-month,4,electronic_check,no,1
C104665,59,61.74,month-to-month,1,electronic_check,no,0
C104666,22,91.79,month-to-month,0,credit_card,no,1
C104667,10,39.68,two-year,1,bank_transfer,no,1
C104668,53,73.46,month-to-month,1,credit_card,no,0
C104669,31,22.18,one-year,1,electronic_check,no,0
C104670,7,70.38,month-to-month,3,bank_transfer,no,1
C104671,49,74.53,two-year,1,credit_card,yes,0
C104672,15,93.54,month-to-month,0,credit_card,no,1
C104673,62,84.95,one-year,1,electronic_check,no,0
C104674,60,55.84,two-year,2,credit_card,yes,0
C104675,27,20.57,month-to-month,2,credit_card,no,0
C104676,40,31.55,month-to-month,2,bank_transfer,yes,0
C104677,41,117.31,two-year,2,credit_card,no,0
C104678,47,112.23,month-to-month,2,credit_card,no,1
C104679,5,52.51,month-to-month,0,electronic_check,yes,1
C104680,24,45.89,month-to-month,3,bank_transfer,no,0
C104681,13,63.64,two-year,2,credit_card,no,1
C104682,50,88.99,two-year,2,electronic_check,no,0
C104683,5,55.68,one-year,2,credit_card,no,1
C104684,37,26.73,one-year,1,credit_card,yes,0
C104685,52,60.28,month-to-month,4,electronic_check,yes,0
C104686,68,46.06,month-to-month,0,electronic_check,yes,0
C104687,21,52.49,month-to-month,2,bank_transfer,no,1
C104688,1,36.3,month-to-month,0,electronic_check,no,1
C104689,52,85.88,month-to-month,1,bank_transfer,yes,1
C104690,1,72.66,one-year,2,electronic_check,no,1
C104691,5,47.09,month-to-month,1,electronic_check,no,1
C104692,71,75.39,month-to-month,0,bank_transfer,no,0
C104693,62,69.27,month-to-month,1,bank_transfer,yes,0
C104694,51,99.6,month-to-month,3,bank_transfer,no,0
C104695,60,115.6,month-to-month,2,credit_card,no,0
C104696,6,33.07,month-to-month,1,bank_transfer,yes,1
C104697,7,108.39,month-to-month,0,electronic_check,no,1
C104698,22,90.48,month-to-month,1,bank_transfer,no,1
C104699,2,89.26,one-year,5,electronic_check,no,1
C104700,64,57.43,two-year,4,bank_transfer,no,0
C104701,4,54.39,one-year,1,credit_card,no,1
C104702,39,20.56,one-year,1,credit_card,no,0
C104703,61,118.22,two-year,1,bank_transfer,no,0
C104704,53,80.65,month-to-month,2,credit_card,no,1
C104705,17,60.23,one-year,3,bank_transfer,no,1
C104706,34,74.38,month-to-month,2,bank_transfer,no,1
C104707,39,24.05,month-to-month,2,credit_card,no,0
C104708,55,37.37,month-to-month,4,bank_transfer,no,0
C104709,31,82.34,month-to-month,2,credit_card,no,1
C104710,21,71.43,one-year,3,credit_card,no,0
C104711,57,98.71,month-to-month,2,electronic_check,no,0
C104712,63,85.87,one-year,3,electronic_check,no,0
C104713,35,80.14,two-year,3,credit_card,yes,0
C104714,2,101.53,month-to-month,3,electronic_check,yes,1
C104715,36,,month-to-month,1,credit_card,yes,0
C104716,64,89.09,month-to-month,0,bank_transfer,no,0
C104717,71,91.56,month-to-month,3,electronic_check,no,1
C104718,29,47.52,two-year,1,credit_card,no,0
C104719,11,39.56,one-year,0,bank_transfer,no,0
C104720,41,41.39,one-year,1,electronic_check,no,0
C104721,59,39.81,month-to-month,0,electronic_check,no,0
C104722,68,72.38,one-year,1,electronic_check,no,0
C104723,4,33.56,one-year,1,electronic_check,no,0
C104724,21,85.93,month-to-month,0,electronic_check,no,1
C104725,34,30.51,month-to-month,2,bank_transfer,no,1
C104726,7,22.69,month-to-month,0,credit_card,no,0
C104727,63,51.93,month-to-month,2,bank_transfer,no,0
C104728,8,39.19,two-year,0,credit_card,no,0
C104729,48,118.87,one-year,1,credit_card,no,1
C104730,66,50.3,month-to-month,0,electronic_check,no,0
C104731,49,42.21,two-year,3,credit_card,yes,1
C104732,55,39.68,month-to-month,0,bank_transfer,no,0
C104733,19,57.39,month-to-month,3,credit_card,no,1
C104734,59,80.58,two-year,0,bank_transfer,no,0
C104735,30,98.19,two-year,2,bank_transfer,no,0
C104736,5,56.46,one-year,1,credit_card,yes,1
C104737,27,82.6,month-to-month,3,bank_transfer,yes,1
C104738,25,68.21,two-year,3,electronic_check,no,1
C104739,38,104.65,one-year,2,electronic_check,no,1
C104740,19,76.9,one-year,4,credit_card,yes,1
C104741,33,48.99,month-to-month,1,credit_card,yes,1
C104742,31,90.36,month-to-month,0,electronic_check,no,1
C104743,24,102.01,two-year,3,bank_transfer,no,0
C104744,50,66.54,two-year,0,credit_card,no,0
C104745,22,118.72,one-year,1,credit_card,yes,0
C104746,55,107.91,month-to-month,0,bank_transfer,yes,0
C104747,18,39.7,one-year,2,credit_card,yes,1
C104748,62,98.68,month-to-month,1,credit_card,yes,0
C104749,26,80.1,month-to-month,1,electronic_check,no,1
C104750,3,73.48,month-to-month,0,bank_transfer,no,1
C104751,11,71.39,month-to-month,2,electronic_check,no,1
C104752,58,105.34,one-year,6,credit_card,no,1
C104753,62,81.09,month-to-month,0,bank_transfer,no,0
C104754,16,73.77,month-to-month,5,bank_transfer,no,1
C104755,43,24.89,two-year,1,bank_transfer,no,0
C104756,41,64.83,one-year,1,electronic_check,no,1
C104757,10,110.8,month-to-month,0,bank_transfer,no,1
C104758,33,91.17,month-to-month,1,bank_transfer,yes,1
C104759,50,25.1,one-year,3,electronic_check,no,0
C104760,69,108.4,month-to-month,3,bank_transfer,no,1
C104761,61,102.67,month-to-month,3,bank_transfer,no,0
C104762,7,74.67,month-to-month,2,credit_card,no,1
C104763,17,22.24,month-to-month,1,electronic_check,yes,1
C104764,32,,one-year,1,credit_card,no,0
C104765,11,25.46,month-to-month,3,credit_card,no,1
C104766,41,52.04,month-to-month,1,bank_transfer,no,0
C104767,1,82.89,month-to-month,1,bank_transfer,yes,1
C104768,9,111.29,month-to-month,2,credit_card,no,1
C104769,4,55.78,month-to-month,0,bank_transfer,yes,1
C104770,21,106.0,two-year,1,electronic_check,no,0
C104771,55,111.84,month-to-month,4,credit_card,no,1
C104772,13,22.1,month-to-month,2,bank_transfer,yes,1
C104773,71,43.94,month-to-month,3,bank_transfer,no,0
C104774,20,90.99,one-year,3,credit_card,no,1
C104775,4,95.68,month-to-month,4,bank_transfer,no,1
C104776,24,59.24,two-year,3,bank_transfer,no,0
C104777,54,85.68,one-year,1,credit_card,no,0
C104778,8,81.22,month-to-month,1,electronic_check,no,1
C104779,6,93.98,one-year,2,electronic_check,no,1
C104780,61,91.87,month-to-month,3,bank_transfer,no,0
C104781,43,28.59,two-year,2,credit_card,no,0
C104782,25,35.83,two-year,1,credit_card,no,0
C104783,54,33.27,month-to-month,1,electronic_check,no,0
C104784,60,113.25,one-year,2,electronic_check,no,1
C104785,26,111.35,month-to-month,0,bank_transfer,yes,1
C104786,40,99.74,month-to-month,1,electronic_check,no,1
C104787,1,,one-year,1,credit_card,yes,1
C104788,22,77.43,two-year,0,bank_transfer,no,0
C104789,43,38.72,month-to-month,1,credit_card,no,0
C104790,14,56.84,one-year,2,bank_transfer,yes,0
C104791,71,46.71,one-year,0,electronic_check,no,0
C104792,69,102.89,month-to-month,2,electronic_check,no,1
C104793,19,34.45,one-year,1,electronic_check,no,0
C104794,29,84.62,one-year,2,bank_transfer,no,0
C104795,14,118.39,one-year,2,electronic_check,no,1
C104796,36,88.71,two-year,2,bank_transfer,no,0
C104797,9,27.92,month-to-month,2,bank_transfer,no,1
C104798,28,110.78,month-to-month,0,bank_transfer,no,1
C104799,40,84.31,month-to-month,1,credit_card,no,1
C104800,44,65.63,month-to-month,2,credit_card,no,0
C104801,43,85.97,month-to-month,0,electronic_check,no,0
C104802,16,107.9,two-year,4,bank_transfer,no,1
C104803,57,67.71,month-to-month,0,electronic_check,no,1
C104804,50,73.13,one-year,0,credit_card,no,0
C104805,54,65.24,month-to-month,1,bank_transfer,no,0
C104806,34,27.26,month-to-month,0,credit_card,no,0
C104807,64,98.71,two-year,4,electronic_check,no,1
C104808,28,32.64,one-year,2,bank_transfer,no,0
C104809,58,59.46,month-to-month,1,bank_transfer,no,0
C104810,15,58.68,two-year,2,credit_card,no,0
C104811,18,48.0,month-to-month,1,bank_transfer,no,0
C104812,38,60.25,month-to-month,1,bank_transfer,no,1
C104813,40,81.8,month-to-month,0,bank_transfer,yes,1
C104814,53,51.14,one-year,0,bank_transfer,no,0
C104815,22,37.25,month-to-month,1,credit_card,yes,1
C104816,62,106.94,two-year,2,credit_card,no,0
C104817,24,117.08,month-to-month,2,credit_card,no,1
C104818,38,65.86,month-to-month,1,credit_card,no,0
C104819,67,52.7,two-year,1,electronic_check,no,0
C104820,39,24.75,month-to-month,1,credit_card,yes,1
C104821,49,23.69,month-to-month,0,electronic_check,yes,0
C104822,65,59.29,month-to-month,2,credit_card,no,0
C104823,70,113.02,month-to-month,0,bank_transfer,no,0
C104824,36,93.07,month-to-month,4,electronic_check,no,1
C104825,30,54.93,month-to-month,0,credit_card,yes,0
C104826,14,116.8,one-year,1,bank_transfer,no,0
C104827,39,62.88,month-to-month,2,credit_card,no,1
C104828,66,47.68,month-to-month,1,electronic_check,no,0
C104829,35,62.64,one-year,1,bank_transfer,yes,0
C104830,25,41.15,month-to-month,1,electronic_check,no,1
C104831,8,108.56,one-year,5,bank_transfer,no,1
C104832,28,56.12,one-year,4,credit_card,no,0
C104833,17,85.8,month-to-month,1,credit_card,no,1
C104834,70,58.9,month-to-month,2,credit_card,no,0
C104835,38,110.17,month-to-month,0,credit_card,yes,1
C104836,10,84.24,month-to-month,1,credit_card,no,1
C104837,5,68.83,month-to-month,1,electronic_check,no,1
C104838,61,33.21,one-year,1,bank_transfer,no,0
C104839,67,110.19,one-year,4,credit_card,no,0
C104840,55,74.68,month-to-month,0,credit_card,no,0
C104841,9,48.51,two-year,0,bank_transfer,no,0
C104842,7,107.79,month-to-month,1,credit_card,no,1
C104843,15,,two-year,3,electronic_check,yes,1
C104844,54,51.41,two-year,2,bank_transfer,no,0
C104845,55,73.68,month-to-month,1,credit_card,no,0
C104846,60,53.98,month-to-month,3,credit_card,no,0
C104847,7,67.67,month-to-month,0,bank_transfer,no,1
C104848,11,46.43,two-year,0,credit_card,no,0
C104849,64,33.01,month-to-month,1,credit_card,no,0
C104850,66,23.69,two-year,2,electronic_check,no,0
C104851,52,35.76,month-to-month,1,bank_transfer,no,0
C104852,8,115.29,month-to-month,1,electronic_check,no,1
C104853,5,77.54,one-year,2,electronic_check,no,1
C104854,4,68.9,month-to-month,1,credit_card,no,1
C104855,50,58.43,month-to-month,1,electronic_check,no,0
C104856,61,90.84,two-year,4,electronic_check,no,1
C104857,45,34.13,month-to-month,3,credit_card,yes,1
C104858,19,47.61,two-year,1,credit_card,no,0
C104859,54,85.59,two-year,0,credit_card,no,0
C104860,5,67.91,month-to-month,1,credit_card,no,1
C104861,59,97.01,month-to-month,1,credit_card,no,0
C104862,64,109.71,month-to-month,0,credit_card,no,0
C104863,52,102.34,one-year,2,electronic_check,no,0
C104864,63,38.42,two-year,2,credit_card,no,0
C104865,42,29.15,two-year,1,electronic_check,no,0
C104866,34,36.94,two-year,2,credit_card,no,0
C104867,23,98.35,month-to-month,1,bank_transfer,no,1
C104868,66,111.38,month-to-month,1,electronic_check,no,0
C104869,50,112.54,month-to-month,2,credit_card,no,1
C104870,14,49.82,two-year,1,bank_transfer,yes,0
C104871,68,104.03,month-to-month,2,electronic_check,yes,1
C104872,5,73.62,month-to-month,1,bank_transfer,yes,1
C104873,42,102.28,month-to-month,2,electronic_check,no,1
C104874,14,74.84,month-to-month,0,bank_transfer,no,1
C104875,48,34.59,month-to-month,1,credit_card,no,0
C104876,30,27.92,month-to-month,1,bank_transfer,no,0
C104877,32,115.72,two-year,0,bank_transfer,yes,0
C104878,48,62.58,one-year,1,electronic_check,no,0
C104879,54,55.05,month-to-month,2,bank_transfer,no,0
C104880,27,55.63,one-year,2,bank_transfer,no,0
C104881,71,57.89,month-to-month,0,bank_transfer,no,0
C104882,36,114.5,one-year,1,bank_transfer,yes,1
C104883,12,26.27,month-to-month,0,bank_transfer,no,1
C104884,1,31.91,one-year,0,electronic_check,yes,1
C104885,15,98.97,month-to-month,1,credit_card,no,1
C104886,50,74.94,month-to-month,0,bank_transfer,no,0
C104887,39,32.85,one-year,2,electronic_check,no,0
C104888,24,23.45,one-year,1,credit_card,no,0
C104889,35,42.42,one-year,1,electronic_check,no,0
C104890,60,46.08,month-to-month,2,electronic_check,yes,0
C104891,41,21.42,month-to-month,0,bank_transfer,yes,0
C104892,5,41.61,one-year,2,bank_transfer,yes,1
C104893,4,93.83,month-to-month,5,bank_transfer,yes,1
C104894,35,105.54,month-to-month,1,bank_transfer,no,0
C104895,29,109.82,month-to-month,0,credit_card,yes,1
C104896,61,58.99,month-to-month,1,bank_transfer,no,0
C104897,42,51.94,month-to-month,2,bank_transfer,no,0
C104898,54,119.99,month-to-month,2,credit_card,yes,1
C104899,42,96.93,one-year,1,electronic_check,no,0
C104900,25,73.74,one-year,1,credit_card,no,0
C104901,47,45.48,one-year,2,bank_transfer,no,0
C104902,45,52.13,one-year,0,electronic_check,no,0
C104903,52,71.54,month-to-month,1,electronic_check,no,1
C104904,14,74.21,two-year,3,bank_transfer,no,0
C104905,46,21.37,one-year,1,electronic_check,no,0
C104906,21,115.94,month-to-month,2,bank_transfer,no,1
C104907,57,77.56,month-to-month,1,electronic_check,no,0
C104908,57,78.92,one-year,2,electronic_check,no,0
C104909,45,41.15,one-year,1,bank_transfer,no,1
C104910,68,96.5,one-year,0,bank_transfer,no,0
C104911,39,93.73,one-year,1,credit_card,no,0
C104912,2,29.52,two-year,2,electronic_check,no,0
C104913,44,79.5,two-year,1,electronic_check,yes,0
C104914,56,85.82,one-year,3,electronic_check,yes,1
C104915,8,103.56,two-year,1,bank_transfer,no,0
C104916,8,40.61,two-year,1,credit_card,no,0
C104917,20,107.76,month-to-month,2,electronic_check,no,1
C104918,60,66.15,one-year,3,credit_card,no,0
C104919,38,29.65,month-to-month,2,bank_transfer,no,1
C104920,70,30.56,month-to-month,1,credit_card,no,0
C104921,62,39.78,month-to-month,3,bank_transfer,no,0
C104922,40,48.28,month-to-month,1,credit_card,no,1
C104923,49,69.64,month-to-month,1,credit_card,no,1
C104924,24,94.88,month-to-month,1,bank_transfer,yes,1
C104925,7,38.67,month-to-month,4,bank_transfer,no,1
C104926,29,119.27,one-year,2,electronic_check,yes,1
C104927,43,36.15,two-year,4,bank_transfer,no,0
C104928,13,79.94,two-year,0,credit_card,no,0
C104929,16,112.89,month-to-month,2,electronic_check,no,1
C104930,2,103.25,month-to-month,0,bank_transfer,no,1
C104931,53,84.79,two-year,0,electronic_check,no,0
C104932,64,91.55,month-to-month,3,electronic_check,no,0
C104933,59,33.42,two-year,1,bank_transfer,no,0
C104934,27,20.97,one-year,3,credit_card,no,1
C104935,43,63.41,month-to-month,0,bank_transfer,no,0
C104936,69,28.95,month-to-month,0,electronic_check,no,0
C104937,42,55.78,month-to-month,1,credit_card,yes,1
C104938,22,42.37,month-to-month,1,electronic_check,no,0
C104939,25,111.63,month-to-month,1,bank_transfer,yes,1
C104940,52,108.01,two-year,0,bank_transfer,no,0
C104941,32,101.89,one-year,1,electronic_check,no,1
C104942,60,91.39,month-to-month,2,electronic_check,no,0
C104943,62,35.41,month-to-month,2,electronic_check,yes,0
C104944,3,24.84,month-to-month,1,credit_card,no,1
C104945,52,85.39,month-to-month,0,bank_transfer,no,0
C104946,27,84.23,one-year,0,bank_transfer,no,0
C104947,37,56.94,one-year,1,electronic_check,no,0
C104948,19,67.27,two-year,2,credit_card,no,0
C104949,27,68.91,month-to-month,1,credit_card,no,1
C104950,24,43.99,month-to-month,0,credit_card,no,0
C104951,4,51.42,two-year,2,electronic_check,no,1
C104952,56,61.84,one-year,5,bank_transfer,no,1
C104953,11,80.32,one-year,2,electronic_check,no,1
C104954,27,115.58,month-to-month,1,credit_card,no,1
C104955,14,73.85,two-year,1,credit_card,no,0
C104956,12,93.12,month-to-month,0,bank_transfer,no,1
C104957,27,100.7,month-to-month,2,electronic_check,no,1
C104958,66,31.35,one-year,2,bank_transfer,no,0
C104959,68,85.31,month-to-month,3,credit_card,no,0
C104960,28,68.21,two-year,1,bank_transfer,no,0
C104961,36,77.24,month-to-month,0,bank_transfer,no,0
C104962,70,23.84,month-to-month,0,credit_card,no,0
C104963,17,110.62,month-to-month,2,credit_card,no,1
C104964,68,115.28,two-year,2,electronic_check,no,0
C104965,8,20.35,one-year,2,credit_card,no,0
C104966,17,41.28,month-to-month,1,credit_card,no,1
C104967,25,,month-to-month,2,bank_transfer,no,1
C104968,3,98.13,month-to-month,2,credit_card,no,1
C104969,58,79.81,month-to-month,2,bank_transfer,no,1
C104970,61,37.73,one-year,2,bank_transfer,yes,1
C104971,28,101.4,month-to-month,4,credit_card,no,1
C104972,60,55.35,month-to-month,0,bank_transfer,yes,0
C104973,55,66.09,month-to-month,3,electronic_check,no,1
C104974,57,58.73,one-year,0,electronic_check,yes,0
C104975,57,72.14,one-year,0,credit_card,no,0
C104976,41,68.01,one-year,1,credit_card,no,0
C104977,8,47.46,one-year,0,bank_transfer,yes,0
C104978,66,62.46,two-year,5,bank_transfer,no,0
C104979,44,110.83,month-to-month,1,bank_transfer,no,1
C104980,64,70.29,two-year,3,credit_card,yes,0
C104981,69,111.64,one-year,0,credit_card,no,0
C104982,14,75.01,month-to-month,1,credit_card,no,1
C104983,29,96.88,two-year,0,electronic_check,no,0
C104984,14,49.36,one-year,2,bank_transfer,no,0
C104985,4,99.04,one-year,0,bank_transfer,no,0
C104986,69,46.43,month-to-month,4,bank_transfer,no,0
C104987,66,21.95,month-to-month,4,credit_card,yes,0
C104988,67,36.07,two-year,0,bank_transfer,no,0
C104989,63,22.17,month-to-month,1,bank_transfer,no,0
C104990,47,114.71,month-to-month,2,credit_card,no,1
C104991,38,120.0,month-to-month,3,bank_transfer,no,1
C104992,71,96.22,month-to-month,0,credit_card,no,0
C104993,40,30.81,two-year,0,credit_card,no,0
C104994,46,109.89,one-year,1,bank_transfer,no,0
C104995,16,94.38,two-year,1,credit_card,no,1
C104996,54,53.22,month-to-month,1,electronic_check,no,0
C104997,59,70.23,month-to-month,2,bank_transfer,no,0
C104998,49,,month-to-month,2,credit_card,no,1
C104999,36,22.41,month-to-month,0,electronic_check,no,0
