listing_id,sqft,bedrooms,bathrooms,age_years,neighborhood,has_garage,price
L200000,3248,5,4,79,suburbs,yes,537400.0
L200001,2828,3,2,48,waterfront,no,596700.0
L200002,1600,4,3,72,suburbs,no,328700.0
L200003,3910,4,4,71,rural,no,601900.0
L200004,3937,4,4,35,suburbs,yes,641500.0
L200005,3419,3,3,35,suburbs,yes,581200.0
L200006,1690,3,3,67,waterfront,yes,385100.0
L200007,2188,2,1,30,downtown,no,417000.0
L200008,3427,4,4,18,rural,yes,626300.0
L200009,1328,2,1,45,downtown,no,257600.0
L200010,1032,2,1,47,suburbs,no,169300.0
L200011,2170,2,1,65,waterfront,no,501100.0
L200012,2734,3,3,12,rural,no,451800.0
L200013,4085,3,3,38,rural,no,602200.0
L200014,1843,1,1,46,rural,no,272000.0
L200015,1443,2,1,76,suburbs,yes,227500.0
L200016,3347,4,4,17,suburbs,yes,536100.0
L200017,4012,5,4,49,suburbs,no,634500.0
L200018,3935,5,4,46,downtown,yes,786500.0
L200019,3066,3,3,76,suburbs,no,489600.0
L200020,660,2,1,34,downtown,yes,259800.0
L200021,3146,2,2,14,rural,yes,480500.0
L200022,1045,1,1,44,suburbs,yes,195700.0
L200023,3671,4,3,68,downtown,no,640300.0
L200024,4209,5,4,12,suburbs,yes,727000.0
L200025,2981,3,2,57,rural,yes,466000.0
L200026,1533,1,1,40,rural,yes,210800.0
L200027,1764,2,1,63,suburbs,yes,324800.0
L200028,3450,3,3,25,suburbs,yes,602700.0
L200029,3563,4,3,68,downtown,yes,640100.0
L200030,3768,4,4,11,rural,yes,641100.0
L200031,996,1,1,42,rural,no,139300.0
L200032,3488,4,3,40,downtown,no,598200.0
L200033,4345,5,4,22,downtown,no,771900.0
L200034,725,1,1,11,downtown,yes,234200.0
L200035,2281,1,1,75,suburbs,yes,336500.0
L200036,3468,4,4,34,downtown,yes,683500.0
L200037,2663,3,3,74,rural,no,410600.0
L200038,4350,4,4,25,suburbs,no,709000.0
L200039,3237,4,3,51,suburbs,yes,528500.0
L200040,2038,2,1,43,suburbs,no,352800.0
L200041,3026,2,2,32,suburbs,no,494800.0
L200042,3369,5,4,38,suburbs,yes,586700.0
L200043,3648,5,4,20,rural,yes,597200.0
L200044,1678,3,3,10,suburbs,no,323000.0
L200045,4172,4,4,53,downtown,yes,760500.0
L200046,4490,5,4,22,downtown,yes,874200.0
L200047,1441,1,1,42,rural,yes,218800.0
L200048,1412,2,2,44,downtown,yes,308700.0
L200049,2100,2,2,79,downtown,no,436700.0
L200050,1791,1,1,66,suburbs,yes,274600.0
L200051,1327,2,2,14,waterfront,yes,381700.0
L200052,1254,1,1,4,suburbs,yes,248200.0
L200053,3368,5,4,77,rural,yes,529500.0
L200054,4325,5,4,7,downtown,yes,852700.0
L200055,973,1,1,57,rural,yes,104800.0
L200056,2828,2,2,63,suburbs,yes,467400.0
L200057,1691,3,2,69,waterfront,no,405300.0
L200058,1563,1,1,27,suburbs,yes,269300.0
L200059,2831,3,3,27,suburbs,no,479300.0
L200060,1124,1,1,20,waterfront,yes,341100.0
L200061,924,2,1,13,waterfront,no,324200.0
L200062,4011,3,3,18,downtown,yes,723900.0
L200063,2339,4,4,16,downtown,yes,522000.0
L200064,844,2,2,77,suburbs,yes,144100.0
L200065,4018,4,3,38,downtown,yes,786700.0
L200066,3108,4,4,40,suburbs,no,562400.0
L200067,3479,4,4,50,downtown,yes,668300.0
L200068,2979,2,1,12,suburbs,yes,494400.0
L200069,2448,3,3,79,suburbs,yes,428100.0
L200070,3610,4,4,32,downtown,yes,696300.0
L200071,1944,2,1,40,suburbs,no,326100.0
L200072,3259,4,4,20,suburbs,yes,575900.0
L200073,4041,4,4,23,waterfront,yes,823200.0
L200074,3862,5,4,13,downtown,yes,793400.0
L200075,2762,3,3,40,rural,yes,454700.0
L200076,748,1,1,78,waterfront,yes,241700.0
L200077,659,1,1,1,suburbs,yes,179900.0
L200078,2278,3,3,35,suburbs,no,405000.0
L200079,3185,4,4,31,downtown,no,601400.0
L200080,915,1,1,55,suburbs,yes,151600.0
L200081,2201,3,2,59,downtown,yes,459800.0
L200082,2180,1,1,71,suburbs,no,349500.0
L200083,2389,2,2,20,waterfront,yes,602100.0
L200084,2787,3,3,16,downtown,yes,576800.0
L200085,1688,2,2,38,suburbs,yes,315800.0
L200086,2915,3,2,10,suburbs,yes,541600.0
L200087,2365,3,3,38,suburbs,yes,406000.0
L200088,4206,4,4,20,suburbs,no,722900.0
L200089,1865,2,2,25,suburbs,yes,374100.0
L200090,4194,5,4,57,suburbs,yes,728200.0
L200091,4352,5,4,11,downtown,yes,863200.0
L200092,1808,3,2,30,suburbs,no,318200.0
L200093,2189,3,3,54,suburbs,yes,379000.0
L200094,3326,4,4,39,downtown,yes,638100.0
L200095,2388,1,1,68,suburbs,yes,338000.0
L200096,3379,4,4,1,suburbs,no,619700.0
L200097,1610,2,2,32,suburbs,yes,323700.0
L200098,4332,5,4,0,suburbs,no,766500.0
L200099,3322,4,3,4,suburbs,yes,605600.0
L200100,927,1,1,32,rural,yes,185300.0
L200101,1548,2,2,20,suburbs,yes,322100.0
L200102,3006,4,3,12,suburbs,yes,536200.0
L200103,1742,2,2,76,suburbs,no,201300.0
L200104,2188,2,2,63,suburbs,yes,354600.0
L200105,3121,2,1,34,rural,no,463700.0
L200106,1954,2,2,76,suburbs,no,305900.0
L200107,4126,5,4,6,downtown,yes,789400.0
L200108,3008,2,2,74,suburbs,yes,455500.0
L200109,2236,2,1,70,downtown,no,378900.0
L200110,1690,4,3,37,suburbs,yes,321200.0
L200111,1753,2,1,56,waterfront,yes,429500.0
L200112,739,3,3,22,suburbs,no,226100.0
L200113,935,1,1,77,suburbs,yes,124000.0
L200114,3633,4,4,38,downtown,no,670700.0
L200115,3597,4,4,17,suburbs,yes,658700.0
L200116,938,1,1,8,suburbs,yes,206200.0
L200117,2754,2,1,55,rural,yes,427500.0
L200118,1879,2,2,75,suburbs,no,322000.0
L200119,3320,4,3,55,waterfront,no,675700.0
L200120,2920,3,3,53,suburbs,yes,482000.0
L200121,3718,4,3,63,downtown,yes,703000.0
L200122,3032,4,4,22,suburbs,yes,549200.0
L200123,1379,2,1,27,downtown,yes,322800.0
L200124,3198,3,2,60,downtown,yes,591600.0
L200125,3855,5,4,51,downtown,yes,712400.0
L200126,4478,4,3,19,suburbs,yes,746100.0
L200127,3344,4,4,4,downtown,yes,664600.0
L200128,2165,2,1,60,waterfront,no,453600.0
L200129,2585,3,2,68,rural,yes,401400.0
L200130,1136,1,1,32,suburbs,yes,170100.0
L200131,3084,3,2,66,suburbs,yes,495500.0
L200132,1138,1,1,69,downtown,yes,206000.0
L200133,1614,3,2,56,suburbs,no,275000.0
L200134,2589,4,4,79,downtown,yes,516700.0
L200135,2466,2,2,77,suburbs,no,367500.0
L200136,2096,1,1,25,downtown,yes,437000.0
L200137,3124,2,2,71,suburbs,yes,496300.0
L200138,4161,6,4,44,suburbs,yes,666400.0
L200139,4199,5,4,30,suburbs,yes,754800.0
L200140,2592,3,2,19,suburbs,yes,472900.0
L200141,2751,2,2,55,downtown,yes,493900.0
L200142,2362,2,2,64,downtown,yes,434700.0
L200143,4098,4,3,16,suburbs,no,633800.0
L200144,3963,5,4,39,suburbs,yes,690100.0
L200145,811,1,1,71,downtown,yes,219000.0
L200146,3704,3,2,78,rural,yes,528200.0
L200147,716,1,1,35,downtown,yes,195600.0
L200148,3384,4,3,70,downtown,no,606300.0
L200149,1920,1,1,68,suburbs,no,315300.0
L200150,2656,2,1,21,downtown,yes,540300.0
L200151,3653,4,3,36,suburbs,no,628300.0
L200152,1515,2,2,9,downtown,yes,422400.0
L200153,1118,2,2,0,suburbs,no,271600.0
L200154,2813,3,3,49,suburbs,yes,511500.0
L200155,3868,4,3,0,downtown,yes,743700.0
L200156,1051,1,1,25,suburbs,yes,204500.0
L200157,2111,3,3,14,rural,yes,410700.0
L200158,2693,2,2,20,rural,yes,413500.0
L200159,1486,1,1,19,suburbs,yes,289400.0
L200160,3920,5,4,43,waterfront,yes,780200.0
L200161,2933,4,4,61,downtown,yes,579300.0
L200162,2608,2,2,43,rural,yes,414400.0
L200163,1141,2,1,60,waterfront,no,318800.0
L200164,867,1,1,43,suburbs,no,157500.0
L200165,1245,2,2,55,downtown,yes,310600.0
L200166,722,2,2,23,waterfront,yes,327000.0
L200167,2685,4,3,26,suburbs,yes,460100.0
L200168,3955,3,3,12,downtown,no,716000.0
L200169,3556,4,3,41,rural,no,549600.0
L200170,1474,1,1,14,suburbs,no,271000.0
L200171,1364,2,2,50,suburbs,yes,247600.0
L200172,2650,4,4,57,suburbs,no,491300.0
L200173,3632,5,4,70,waterfront,yes,731800.0
L200174,3629,4,3,37,suburbs,yes,643100.0
L200175,2635,3,2,79,rural,yes,370900.0
L200176,1587,1,1,37,downtown,yes,331600.0
L200177,2484,3,3,57,suburbs,yes,414800.0
L200178,3476,4,4,78,suburbs,yes,583100.0
L200179,4030,3,2,42,suburbs,yes,620000.0
L200180,893,1,1,73,downtown,no,154900.0
L200181,3619,6,4,46,downtown,no,672200.0
L200182,3519,4,4,5,downtown,yes,711700.0
L200183,1432,2,2,39,suburbs,yes,256000.0
L200184,849,1,1,63,downtown,yes,221100.0
L200185,1804,2,2,51,suburbs,no,287600.0
L200186,1680,2,2,19,rural,yes,253200.0
L200187,1041,1,1,22,suburbs,yes,235400.0
L200188,1601,1,1,57,rural,yes,250800.0
L200189,1362,2,2,63,suburbs,yes,246300.0
L200190,4076,6,4,13,waterfront,yes,854300.0
L200191,934,1,1,36,rural,no,137800.0
L200192,2684,3,2,11,suburbs,no,445100.0
L200193,1873,3,2,23,suburbs,yes,395500.0
L200194,3887,4,3,75,suburbs,yes,621700.0
L200195,2450,3,2,2,rural,yes,439400.0
L200196,2870,6,4,44,suburbs,yes,527100.0
L200197,2144,3,2,36,suburbs,yes,401400.0
L200198,3746,4,3,27,rural,yes,641500.0
L200199,3204,4,4,71,waterfront,yes,664900.0
L200200,2750,4,4,71,suburbs,yes,486200.0
L200201,2146,2,1,1,suburbs,yes,419600.0
L200202,2354,1,1,23,suburbs,yes,414800.0
L200203,1585,2,1,18,suburbs,yes,331600.0
L200204,3166,4,3,5,downtown,no,632300.0
L200205,1750,2,1,40,waterfront,yes,439000.0
L200206,1717,3,2,31,suburbs,yes,340600.0
L200207,2419,4,3,31,downtown,yes,535500.0
L200208,4183,5,4,56,downtown,yes,751000.0
L200209,2313,2,1,77,suburbs,no,358500.0
L200210,4141,3,2,52,suburbs,no,699600.0
L200211,2654,3,3,49,suburbs,no,454300.0
L200212,883,1,1,37,suburbs,no,135100.0
L200213,2877,2,2,32,suburbs,no,461900.0
L200214,4175,5,4,40,suburbs,no,714000.0
L200215,4040,5,4,21,downtown,yes,753000.0
L200216,1309,1,1,42,downtown,no,256200.0
L200217,1645,2,1,30,suburbs,yes,269800.0
L200218,3256,4,3,29,rural,no,522400.0
L200219,2304,2,1,69,downtown,yes,465700.0
L200220,3810,3,3,6,suburbs,yes,643300.0
L200221,2629,4,4,65,downtown,yes,547000.0
L200222,1540,1,1,12,downtown,no,330000.0
L200223,1893,1,1,30,downtown,yes,377300.0
L200224,1039,1,1,57,suburbs,no,183800.0
L200225,1715,2,2,73,downtown,yes,310400.0
L200226,3549,4,4,64,rural,yes,606400.0
L200227,1466,1,1,58,suburbs,no,243300.0
L200228,2325,3,2,31,suburbs,yes,446000.0
L200229,1301,2,2,28,waterfront,yes,380300.0
L200230,2498,1,1,26,downtown,no,472300.0
L200231,4366,5,4,66,suburbs,yes,742800.0
L200232,3571,5,4,48,suburbs,yes,620300.0
L200233,3580,4,3,5,downtown,yes,675400.0
L200234,1589,2,2,1,downtown,yes,365100.0
L200235,1798,3,2,9,rural,no,307900.0
L200236,978,1,1,45,downtown,yes,252600.0
L200237,4192,5,4,78,suburbs,yes,681400.0
L200238,4335,5,4,37,suburbs,no,711100.0
L200239,1922,2,1,19,downtown,no,413800.0
L200240,3328,4,4,35,rural,yes,545400.0
L200241,1423,2,1,56,rural,yes,207500.0
L200242,3143,5,4,0,rural,yes,594500.0
L200243,970,2,2,52,downtown,yes,275000.0
L200244,1898,2,1,75,waterfront,yes,393100.0
L200245,2133,2,2,74,suburbs,yes,313100.0
L200246,4483,4,4,13,suburbs,no,723500.0
L200247,2422,3,2,78,suburbs,yes,394900.0
L200248,1467,1,1,9,rural,yes,283600.0
L200249,783,3,3,37,suburbs,yes,244200.0
L200250,1294,1,1,30,suburbs,no,246900.0
L200251,1544,1,1,53,suburbs,yes,307600.0
L200252,1841,2,2,62,downtown,no,365200.0
L200253,1131,1,1,48,downtown,yes,293700.0
L200254,3481,4,3,61,suburbs,yes,564300.0
L200255,2108,1,1,78,suburbs,no,264800.0
L200256,1524,2,2,40,suburbs,yes,280600.0
L200257,2650,1,1,46,rural,yes,387100.0
L200258,1819,2,1,43,suburbs,yes,382900.0
L200259,3267,3,2,21,downtown,no,604600.0
L200260,2665,3,2,36,suburbs,yes,437900.0
L200261,4235,4,4,44,downtown,yes,790800.0
L200262,3134,4,3,2,rural,yes,528200.0
L200263,2030,3,3,31,suburbs,no,376000.0
L200264,1181,2,1,22,rural,no,222700.0
L200265,996,2,2,53,downtown,no,225700.0
L200266,3153,3,3,31,suburbs,yes,582600.0
L200267,728,1,1,10,suburbs,yes,208100.0
L200268,2086,3,3,44,downtown,no,438700.0
L200269,679,2,2,36,suburbs,yes,217100.0
L200270,1950,2,1,52,downtown,yes,379800.0
L200271,4045,5,4,59,downtown,no,745000.0
L200272,908,1,1,79,suburbs,no,141900.0
L200273,4400,4,3,49,suburbs,no,685900.0
L200274,4398,5,4,40,suburbs,yes,729500.0
L200275,3968,5,4,22,suburbs,yes,749700.0
L200276,3303,3,3,53,downtown,yes,634500.0
L200277,1295,1,1,32,suburbs,no,248900.0
L200278,989,1,1,76,suburbs,no,133000.0
L200279,4184,5,4,54,suburbs,yes,721300.0
L200280,2028,2,1,22,suburbs,yes,355100.0
L200281,2353,3,3,75,downtown,no,484900.0
L200282,912,1,1,36,suburbs,yes,215200.0
L200283,833,1,1,49,downtown,yes,246400.0
L200284,2711,3,2,57,suburbs,no,458400.0
L200285,2181,4,3,52,suburbs,yes,401500.0
L200286,3330,4,3,45,suburbs,no,567400.0
L200287,3853,3,2,58,downtown,no,695600.0
L200288,820,1,1,71,suburbs,no,140700.0
L200289,4384,5,4,13,suburbs,yes,743300.0
L200290,4196,4,3,45,suburbs,yes,722800.0
L200291,2836,4,4,48,suburbs,yes,490700.0
L200292,2059,2,2,73,suburbs,no,321100.0
L200293,1249,1,1,46,downtown,yes,272200.0
L200294,1515,2,2,11,suburbs,yes,245100.0
L200295,3334,3,2,61,rural,no,496300.0
L200296,1106,2,1,64,waterfront,yes,376000.0
L200297,4365,5,4,67,downtown,no,771500.0
L200298,1167,1,1,17,rural,yes,279900.0
L200299,3543,4,3,12,downtown,yes,682600.0
L200300,3914,4,4,3,suburbs,yes,700100.0
L200301,1753,1,1,34,suburbs,yes,301600.0
L200302,2472,3,3,8,downtown,yes,529200.0
L200303,2849,3,3,61,downtown,yes,547300.0
L200304,3713,3,3,46,downtown,yes,708800.0
L200305,799,1,1,25,suburbs,yes,156900.0
L200306,1485,1,1,23,suburbs,yes,275700.0
L200307,1184,1,1,35,suburbs,no,224200.0
L200308,1840,3,2,11,suburbs,yes,399800.0
L200309,3224,4,3,33,downtown,no,556000.0
L200310,2209,3,3,50,suburbs,no,347300.0
L200311,2519,3,3,36,suburbs,no,437900.0
L200312,2372,3,2,39,downtown,yes,507900.0
L200313,620,1,1,66,waterfront,no,213000.0
L200314,980,2,1,30,suburbs,yes,227900.0
L200315,1485,1,1,9,suburbs,yes,336100.0
L200316,775,1,1,42,suburbs,yes,161200.0
L200317,3806,4,4,13,suburbs,no,650700.0
L200318,4483,6,4,68,suburbs,no,743000.0
L200319,2490,3,3,12,rural,yes,441500.0
L200320,3199,4,4,57,downtown,yes,617600.0
L200321,819,1,1,36,downtown,yes,227300.0
L200322,813,1,1,39,downtown,yes,222200.0
L200323,2959,2,2,70,waterfront,yes,560100.0
L200324,3613,4,3,65,suburbs,yes,609200.0
L200325,4224,4,3,13,suburbs,no,680000.0
L200326,2008,3,2,69,downtown,yes,384500.0
L200327,2232,3,3,25,suburbs,yes,390500.0
L200328,3706,3,2,30,waterfront,yes,725700.0
L200329,1148,1,1,66,suburbs,no,179600.0
L200330,4304,5,4,11,downtown,no,772300.0
L200331,1760,2,2,32,rural,no,276100.0
L200332,703,1,1,9,waterfront,yes,301300.0
L200333,3682,4,4,45,suburbs,yes,589200.0
L200334,4360,4,3,51,suburbs,yes,690600.0
L200335,2478,2,1,46,suburbs,yes,453200.0
L200336,1246,1,1,74,suburbs,yes,183500.0
L200337,1190,1,1,56,rural,yes,195500.0
L200338,1759,1,1,3,suburbs,yes,317200.0
L200339,2681,2,1,16,suburbs,yes,465500.0
L200340,3045,3,3,39,downtown,yes,563200.0
L200341,3323,3,2,36,suburbs,yes,507900.0
L200342,3392,3,2,15,downtown,yes,630900.0
L200343,1539,1,1,42,suburbs,yes,278900.0
L200344,1263,1,1,42,waterfront,no,351200.0
L200345,4310,5,4,36,downtown,yes,799200.0
L200346,1133,1,1,68,suburbs,yes,170800.0
L200347,2587,3,2,30,suburbs,yes,480200.0
L200348,1717,2,2,62,downtown,yes,339700.0
L200349,3451,4,3,55,suburbs,no,547600.0
L200350,1869,3,2,77,rural,yes,264600.0
L200351,991,1,1,50,downtown,no,219200.0
L200352,1841,2,1,38,suburbs,yes,318000.0
L200353,992,1,1,0,suburbs,no,217200.0
L200354,1268,2,2,53,suburbs,no,193300.0
L200355,2443,2,1,42,downtown,yes,454900.0
L200356,4386,6,4,71,downtown,yes,770200.0
L200357,1393,3,2,47,downtown,yes,347100.0
L200358,3712,4,3,55,suburbs,no,608200.0
L200359,2629,2,2,72,downtown,yes,451700.0
L200360,4422,5,4,77,suburbs,yes,730800.0
L200361,2629,4,4,17,suburbs,yes,502200.0
L200362,1004,1,1,19,rural,yes,201200.0
L200363,2200,4,3,62,rural,no,337200.0
L200364,894,1,1,10,suburbs,no,202900.0
L200365,1465,1,1,65,downtown,yes,320700.0
L200366,2690,3,3,11,downtown,no,542500.0
L200367,4110,5,4,29,rural,no,720600.0
L200368,2996,3,2,68,suburbs,no,481300.0
L200369,2022,3,2,11,suburbs,yes,437400.0
L200370,3077,4,4,4,suburbs,no,624600.0
L200371,1552,3,3,60,downtown,yes,315500.0
L200372,963,1,1,64,suburbs,yes,198400.0
L200373,3461,3,2,60,suburbs,no,553400.0
L200374,3890,5,4,37,downtown,yes,742100.0
L200375,2988,4,3,61,rural,yes,463000.0
L200376,2509,3,2,55,suburbs,no,389000.0
L200377,2385,2,1,30,suburbs,yes,381600.0
L200378,2035,3,3,59,suburbs,yes,421300.0
L200379,4382,4,3,15,downtown,yes,813700.0
L200380,2567,3,3,33,suburbs,no,412000.0
L200381,4000,5,4,66,suburbs,yes,641900.0
L200382,757,1,1,11,suburbs,yes,132600.0
L200383,1974,3,2,33,suburbs,no,383700.0
L200384,1438,1,1,49,suburbs,no,234300.0
L200385,1054,2,2,47,suburbs,yes,229700.0
L200386,4494,5,4,76,suburbs,yes,729400.0
L200387,802,1,1,52,suburbs,no,165400.0
L200388,2754,2,2,2,downtown,yes,541000.0
L200389,1447,3,3,79,rural,no,229800.0
L200390,906,1,1,18,downtown,yes,265300.0
L200391,4431,5,4,47,downtown,no,759700.0
L200392,1742,1,1,69,rural,no,211600.0
L200393,1970,3,2,48,suburbs,yes,348800.0
L200394,1320,2,2,5,suburbs,yes,295800.0
L200395,3276,4,4,28,suburbs,yes,620000.0
L200396,4206,5,4,0,downtown,yes,812700.0
L200397,1922,3,2,33,suburbs,yes,359500.0
L200398,3744,4,4,70,suburbs,yes,624900.0
L200399,2195,3,2,20,downtown,yes,466400.0
L200400,2732,3,2,61,rural,yes,422100.0
L200401,3721,4,4,3,downtown,yes,765400.0
L200402,4311,4,4,20,rural,no,686000.0
L200403,2974,5,4,45,suburbs,yes,547900.0
L200404,2054,3,3,77,waterfront,yes,457800.0
L200405,2428,2,1,49,rural,yes,400200.0
L200406,3973,5,4,56,rural,yes,619600.0
L200407,1978,1,1,61,waterfront,yes,432300.0
L200408,2423,3,2,9,rural,yes,445600.0
L200409,3623,2,2,76,rural,yes,501800.0
L200410,3909,4,3,36,downtown,yes,740200.0
L200411,2342,2,2,24,rural,yes,334500.0
L200412,4112,5,4,69,suburbs,yes,654200.0
L200413,3962,6,4,39,waterfront,no,799100.0
L200414,2405,4,3,53,suburbs,yes,494500.0
L200415,1681,3,3,29,downtown,yes,403800.0
L200416,1294,1,1,46,downtown,yes,294500.0
L200417,1070,1,1,12,downtown,no,299900.0
L200418,1350,2,1,33,suburbs,yes,233400.0
L200419,867,1,1,36,suburbs,yes,102700.0
L200420,1726,3,2,19,downtown,no,433800.0
L200421,4466,5,4,72,downtown,yes,803800.0
L200422,1469,2,1,49,suburbs,yes,253300.0
L200423,2100,1,1,69,rural,no,281200.0
L200424,2114,3,2,12,suburbs,no,416700.0
L200425,2626,4,4,33,downtown,no,532000.0
L200426,2576,3,3,64,suburbs,no,426100.0
L200427,2866,3,3,13,downtown,yes,629700.0
L200428,939,1,1,16,suburbs,yes,173600.0
L200429,1852,1,1,73,rural,yes,269800.0
L200430,4147,5,4,9,downtown,yes,763800.0
L200431,4406,5,4,36,rural,no,743100.0
L200432,609,1,1,5,suburbs,yes,174600.0
L200433,3058,4,3,27,downtown,yes,589300.0
L200434,1139,1,1,65,downtown,no,200900.0
L200435,2688,3,2,29,downtown,yes,523400.0
L200436,632,2,1,37,downtown,yes,221500.0
L200437,3549,4,3,73,suburbs,no,592400.0
L200438,4447,5,4,31,waterfront,yes,851400.0
L200439,1080,1,1,48,downtown,no,223200.0
L200440,2201,3,2,41,waterfront,yes,501900.0
L200441,1357,1,1,57,suburbs,yes,211000.0
L200442,1364,1,1,46,suburbs,yes,227300.0
L200443,3691,4,4,66,suburbs,yes,589300.0
L200444,1062,1,1,70,rural,yes,159100.0
L200445,1083,1,1,78,waterfront,no,268100.0
L200446,2044,3,2,27,downtown,yes,443800.0
L200447,1805,2,2,14,suburbs,yes,356100.0
L200448,4406,6,4,14,downtown,yes,804200.0
L200449,2138,2,2,63,downtown,yes,430800.0
L200450,2740,3,2,69,downtown,yes,512600.0
L200451,1002,1,1,19,suburbs,yes,216300.0
L200452,1981,2,1,38,downtown,no,386600.0
L200453,1403,2,2,1,rural,no,250900.0
L200454,2021,2,1,46,rural,yes,315500.0
L200455,1784,1,1,56,suburbs,yes,293400.0
L200456,1057,2,1,12,suburbs,yes,206900.0
L200457,2762,3,3,74,suburbs,yes,494900.0
L200458,2616,3,2,68,downtown,no,458400.0
L200459,2622,3,2,76,suburbs,yes,426900.0
L200460,2254,3,2,75,downtown,yes,463700.0
L200461,2647,4,4,6,downtown,yes,566200.0
L200462,3442,4,4,35,suburbs,yes,608800.0
L200463,1619,2,1,34,downtown,yes,302700.0
L200464,1348,1,1,1,suburbs,yes,224400.0
L200465,3242,3,2,74,suburbs,no,498000.0
L200466,1135,1,1,2,suburbs,yes,248000.0
L200467,1970,2,2,55,suburbs,yes,366500.0
L200468,2867,3,2,24,downtown,yes,581200.0
L200469,2879,3,2,47,downtown,no,489700.0
L200470,3493,4,4,39,suburbs,yes,638500.0
L200471,2439,3,2,17,suburbs,yes,417100.0
L200472,2540,1,1,34,rural,yes,406000.0
L200473,773,2,2,56,downtown,no,204100.0
L200474,3681,5,4,45,rural,yes,678200.0
L200475,1524,2,2,17,downtown,yes,352000.0
L200476,3880,5,4,20,suburbs,yes,686300.0
L200477,3113,3,2,55,rural,no,469800.0
L200478,4174,4,3,16,rural,no,660500.0
L200479,4013,6,4,47,suburbs,yes,672300.0
L200480,2074,3,2,77,downtown,yes,462900.0
L200481,2136,3,3,46,suburbs,yes,375000.0
L200482,4126,4,4,22,rural,yes,662900.0
L200483,4044,5,4,53,downtown,yes,742000.0
L200484,3365,3,2,75,downtown,yes,594900.0
L200485,4201,4,4,51,suburbs,no,664200.0
L200486,3037,4,4,45,suburbs,yes,562000.0
L200487,696,1,1,49,suburbs,yes,148100.0
L200488,2759,4,3,5,downtown,yes,582800.0
L200489,2043,2,1,1,rural,yes,367200.0
L200490,676,1,1,47,rural,no,76800.0
L200491,2767,3,3,38,suburbs,no,455400.0
L200492,2785,3,2,78,downtown,no,490900.0
L200493,3454,5,4,38,downtown,no,682400.0
L200494,3638,4,3,67,suburbs,yes,589600.0
L200495,1857,2,2,52,rural,yes,287500.0
L200496,4454,5,4,24,suburbs,yes,712600.0
L200497,2322,2,2,69,suburbs,no,344500.0
L200498,2289,2,1,7,rural,yes,341600.0
L200499,1304,1,1,55,suburbs,yes,189500.0
L200500,4461,3,2,36,waterfront,no,828900.0
L200501,2136,3,3,57,suburbs,yes,464400.0
L200502,1267,1,1,7,suburbs,no,247600.0
L200503,3900,5,4,16,downtown,no,747500.0
L200504,4336,4,3,23,downtown,yes,769600.0
L200505,1434,3,2,45,waterfront,no,362500.0
L200506,2899,3,2,73,suburbs,yes,517900.0
L200507,4130,6,4,72,suburbs,no,658500.0
L200508,3184,3,3,52,suburbs,yes,482200.0
L200509,2303,3,2,9,downtown,yes,500400.0
L200510,2837,4,4,62,rural,yes,455800.0
L200511,996,1,1,67,downtown,no,231700.0
L200512,4433,5,4,43,suburbs,no,771400.0
L200513,2601,3,2,5,suburbs,yes,488400.0
L200514,772,1,1,13,suburbs,no,174400.0
L200515,1918,2,2,64,suburbs,yes,340800.0
L200516,2200,2,1,12,waterfront,no,569000.0
L200517,4478,6,4,27,rural,yes,805300.0
L200518,4013,5,4,61,waterfront,no,771100.0
L200519,1785,3,3,12,suburbs,no,377000.0
L200520,1251,2,1,34,suburbs,no,275600.0
L200521,766,1,1,54,waterfront,yes,287400.0
L200522,2821,4,3,39,downtown,no,547100.0
L200523,2337,2,2,70,waterfront,yes,485700.0
L200524,2641,4,4,14,downtown,yes,570000.0
L200525,1663,2,2,45,rural,yes,245300.0
L200526,3748,3,2,28,rural,no,598700.0
L200527,2614,3,2,44,suburbs,no,469500.0
L200528,4181,4,3,10,rural,yes,677400.0
L200529,1534,2,1,54,downtown,no,303300.0
L200530,1609,2,1,16,suburbs,yes,284100.0
L200531,2885,3,3,64,suburbs,yes,492400.0
L200532,3303,4,4,71,waterfront,yes,674300.0
L200533,1751,3,3,27,suburbs,yes,315500.0
L200534,2735,3,2,57,downtown,yes,589200.0
L200535,2592,4,4,43,downtown,yes,493000.0
L200536,3184,3,3,68,rural,yes,453400.0
L200537,3081,2,2,74,rural,yes,472600.0
L200538,1381,1,1,69,waterfront,yes,360600.0
L200539,1043,1,1,20,downtown,no,243200.0
L200540,1663,2,1,47,suburbs,yes,273800.0
L200541,1092,1,1,7,suburbs,yes,244700.0
L200542,2744,4,3,24,suburbs,no,499400.0
L200543,2597,4,3,29,rural,yes,432800.0
L200544,611,1,1,39,downtown,no,210200.0
L200545,3816,6,4,66,suburbs,yes,668700.0
L200546,3394,3,2,1,suburbs,yes,626800.0
L200547,2419,4,3,39,suburbs,yes,446200.0
L200548,1230,1,1,65,downtown,no,271500.0
L200549,1227,1,1,18,suburbs,yes,237700.0
L200550,4232,5,4,64,downtown,no,760800.0
L200551,1520,1,1,6,downtown,yes,362900.0
L200552,3956,5,4,40,suburbs,yes,704000.0
L200553,3187,3,3,78,suburbs,yes,524800.0
L200554,3031,3,3,30,waterfront,no,586100.0
L200555,3859,3,2,51,suburbs,yes,602800.0
L200556,4075,4,4,13,suburbs,yes,711200.0
L200557,1654,1,1,33,waterfront,no,407800.0
L200558,4450,4,3,6,suburbs,no,763800.0
L200559,1099,1,1,9,rural,no,201400.0
L200560,3622,3,3,25,waterfront,no,702500.0
L200561,2106,3,2,78,rural,yes,344400.0
L200562,3043,3,3,74,downtown,yes,534600.0
L200563,3856,5,4,4,downtown,yes,789200.0
L200564,2352,3,3,5,downtown,yes,546500.0
L200565,918,2,1,55,suburbs,yes,182300.0
L200566,3772,5,4,75,suburbs,yes,612900.0
L200567,1113,1,1,40,downtown,no,237400.0
L200568,3347,3,3,42,suburbs,yes,535600.0
L200569,2316,3,2,48,suburbs,no,366800.0
L200570,2443,3,2,35,suburbs,yes,428500.0
L200571,1622,2,2,59,downtown,no,317900.0
L200572,2550,3,3,9,downtown,yes,497600.0
L200573,1329,2,2,4,suburbs,yes,277800.0
L200574,1492,1,1,5,downtown,yes,353200.0
L200575,2445,3,2,17,suburbs,yes,439200.0
L200576,3675,5,4,43,suburbs,yes,618700.0
L200577,2603,3,2,21,suburbs,no,391800.0
L200578,4025,5,4,47,rural,no,670500.0
L200579,1670,3,2,1,downtown,yes,411000.0
L200580,664,1,1,34,downtown,yes,219800.0
L200581,1801,2,1,11,waterfront,yes,465900.0
L200582,1036,1,1,22,suburbs,yes,225900.0
L200583,2640,2,2,51,downtown,yes,501800.0
L200584,4465,5,4,1,suburbs,yes,787800.0
L200585,2506,2,2,61,suburbs,yes,428100.0
L200586,1294,2,2,21,suburbs,yes,295800.0
L200587,2876,4,4,68,rural,yes,501800.0
L200588,3472,4,4,57,downtown,yes,628700.0
L200589,3995,4,4,72,suburbs,no,641900.0
L200590,2475,3,3,48,suburbs,yes,396000.0
L200591,2254,4,4,32,suburbs,yes,426900.0
L200592,2633,1,1,12,suburbs,yes,440100.0
L200593,1434,2,2,5,waterfront,yes,442300.0
L200594,1022,1,1,63,suburbs,yes,175700.0
L200595,3609,4,3,51,rural,no,576300.0
L200596,1137,1,1,11,downtown,no,272800.0
L200597,3287,3,3,7,suburbs,no,553100.0
L200598,2853,4,3,63,rural,yes,439000.0
L200599,2438,3,2,4,downtown,yes,534400.0
L200600,2072,1,1,41,waterfront,yes,453800.0
L200601,4436,6,4,25,suburbs,yes,713400.0
L200602,3710,5,4,57,rural,yes,620700.0
L200603,1238,1,1,4,downtown,yes,292900.0
L200604,4390,5,4,6,suburbs,yes,775600.0
L200605,1105,2,2,11,suburbs,no,209700.0
L200606,3768,5,4,59,waterfront,yes,761700.0
L200607,2263,3,2,56,downtown,yes,379300.0
L200608,2183,3,2,57,suburbs,yes,378200.0
L200609,2566,3,3,46,suburbs,yes,428600.0
L200610,2480,4,4,14,rural,yes,423300.0
L200611,1091,1,1,18,waterfront,yes,363400.0
L200612,1211,2,2,11,rural,no,219800.0
L200613,3469,2,1,10,downtown,no,614600.0
L200614,3313,3,3,59,rural,yes,496500.0
L200615,2132,3,2,36,suburbs,no,396000.0
L200616,2344,3,3,33,suburbs,yes,418900.0
L200617,2094,2,2,11,downtown,no,473600.0
L200618,3943,4,3,51,rural,yes,652000.0
L200619,870,1,1,66,suburbs,yes,190600.0
L200620,3142,4,4,0,rural,yes,583100.0
L200621,1801,1,1,74,suburbs,no,248800.0
L200622,1265,2,2,14,suburbs,no,259200.0
L200623,1212,1,1,72,downtown,yes,253000.0
L200624,2202,3,3,59,downtown,yes,470000.0
L200625,1166,1,1,71,waterfront,no,297200.0
L200626,3240,3,2,15,suburbs,yes,554500.0
L200627,1879,1,1,45,downtown,yes,414500.0
L200628,3945,5,4,6,suburbs,no,685300.0
L200629,1168,1,1,35,rural,yes,175900.0
L200630,1968,3,3,14,suburbs,yes,382300.0
L200631,2092,2,2,5,suburbs,yes,422700.0
L200632,3211,4,4,66,rural,yes,520400.0
L200633,1754,2,2,60,downtown,yes,376000.0
L200634,1277,1,1,27,suburbs,no,234100.0
L200635,2182,2,1,33,suburbs,no,307300.0
L200636,4128,6,4,42,suburbs,yes,690600.0
L200637,3776,6,4,48,downtown,no,701300.0
L200638,2843,3,2,46,downtown,yes,548100.0
L200639,4483,5,4,24,waterfront,yes,864800.0
L200640,3597,3,2,29,rural,yes,544000.0
L200641,3585,3,3,79,waterfront,yes,678900.0
L200642,2147,3,2,7,rural,yes,417100.0
L200643,2533,2,1,32,downtown,yes,433200.0
L200644,4268,4,4,20,suburbs,no,649200.0
L200645,4211,5,4,19,suburbs,yes,778700.0
L200646,3408,2,2,12,suburbs,yes,536300.0
L200647,979,1,1,7,downtown,no,252300.0
L200648,1199,1,1,72,downtown,yes,218700.0
L200649,2381,2,2,69,downtown,yes,437600.0
L200650,2745,3,3,59,downtown,yes,521700.0
L200651,3031,4,4,74,suburbs,yes,554400.0
L200652,1659,1,1,65,waterfront,yes,404300.0
L200653,3642,4,3,10,suburbs,yes,609800.0
L200654,3850,4,3,64,downtown,yes,640100.0
L200655,1413,1,1,64,downtown,yes,305100.0
L200656,3653,4,4,0,suburbs,yes,647400.0
L200657,1188,2,2,70,suburbs,yes,199200.0
L200658,2528,1,1,59,suburbs,yes,422300.0
L200659,4023,5,4,79,downtown,yes,677100.0
L200660,1777,2,1,38,rural,yes,277200.0
L200661,3271,4,4,59,suburbs,no,560500.0
L200662,3925,5,4,61,downtown,no,677200.0
L200663,2514,2,1,53,waterfront,yes,560000.0
L200664,3916,3,3,76,suburbs,yes,590100.0
L200665,3087,3,3,11,downtown,no,594600.0
L200666,2570,1,1,28,suburbs,yes,406100.0
L200667,1061,1,1,7,suburbs,yes,160400.0
L200668,3397,4,3,48,waterfront,yes,686700.0
L200669,1812,2,2,1,suburbs,yes,379700.0
L200670,1713,2,1,24,rural,yes,262800.0
L200671,4186,4,4,59,suburbs,no,657100.0
L200672,1960,2,2,71,suburbs,yes,311700.0
L200673,2002,2,2,17,downtown,yes,447100.0
L200674,4281,5,4,20,downtown,yes,795300.0
L200675,1729,1,1,2,rural,yes,297000.0
L200676,3471,5,4,28,suburbs,yes,625400.0
L200677,2628,2,1,56,waterfront,yes,528000.0
L200678,881,1,1,71,suburbs,yes,194800.0
L200679,2868,3,3,33,suburbs,no,462500.0
L200680,2385,2,2,8,waterfront,no,557100.0
L200681,3430,5,4,25,suburbs,no,638100.0
L200682,2143,3,3,39,suburbs,yes,393400.0
L200683,1537,1,1,48,rural,no,219300.0
L200684,1500,2,1,46,downtown,yes,344500.0
L200685,2659,3,3,64,suburbs,yes,439800.0
L200686,4480,4,3,46,downtown,no,728000.0
L200687,2357,1,1,32,waterfront,yes,504100.0
L200688,1129,1,1,9,waterfront,yes,398000.0
L200689,3806,3,2,74,rural,yes,576900.0
L200690,1825,1,1,3,suburbs,yes,341000.0
L200691,2255,2,2,26,suburbs,yes,420800.0
L200692,3910,4,3,33,downtown,yes,717400.0
L200693,1032,1,1,71,suburbs,yes,174400.0
L200694,1115,2,2,36,rural,yes,193500.0
L200695,1385,2,1,33,downtown,yes,337400.0
L200696,2066,3,3,75,downtown,yes,403800.0
L200697,3944,3,2,29,suburbs,yes,640100.0
L200698,3073,3,2,60,rural,yes,493200.0
L200699,3624,4,3,2,suburbs,no,625900.0
L200700,1913,2,2,47,suburbs,no,336400.0
L200701,2208,2,1,58,waterfront,yes,496900.0
L200702,2194,2,1,16,downtown,yes,450400.0
L200703,1042,1,1,60,rural,no,130100.0
L200704,2745,3,3,72,suburbs,yes,421700.0
L200705,1895,4,4,4,suburbs,no,368700.0
L200706,4315,5,4,15,downtown,no,813300.0
L200707,3296,4,4,11,suburbs,yes,616400.0
L200708,3996,4,3,75,rural,yes,584700.0
L200709,1360,1,1,23,suburbs,yes,267900.0
L200710,1036,1,1,75,downtown,yes,236400.0
L200711,2303,3,3,30,downtown,no,494800.0
L200712,2820,3,2,78,rural,yes,475500.0
L200713,2783,3,2,44,suburbs,no,472800.0
L200714,3147,3,2,22,downtown,yes,584700.0
L200715,3846,3,2,40,waterfront,yes,764000.0
L200716,1870,2,2,10,downtown,no,379800.0
L200717,1737,2,1,15,rural,yes,354700.0
L200718,1630,2,2,50,downtown,yes,324500.0
L200719,2016,2,2,60,downtown,no,397200.0
L200720,2931,3,2,33,suburbs,yes,503000.0
L200721,3731,4,3,68,rural,yes,567600.0
L200722,2218,2,1,31,suburbs,yes,371800.0
L200723,2230,3,3,29,suburbs,yes,451000.0
L200724,4129,5,4,44,rural,no,673000.0
L200725,1938,3,3,31,rural,yes,340700.0
L200726,1237,1,1,55,suburbs,yes,258500.0
L200727,1944,1,1,72,suburbs,yes,297600.0
L200728,760,1,1,26,suburbs,no,175000.0
L200729,2026,3,2,39,downtown,yes,397900.0
L200730,4108,3,3,26,rural,yes,620100.0
L200731,3759,5,4,47,suburbs,yes,667400.0
L200732,4094,4,3,48,rural,yes,652500.0
L200733,1770,1,1,36,rural,yes,328700.0
L200734,2225,2,1,5,rural,yes,357900.0
L200735,3908,4,4,74,rural,no,608800.0
L200736,3540,3,2,55,waterfront,yes,684500.0
L200737,1322,1,1,57,suburbs,yes,246700.0
L200738,3898,5,4,63,rural,yes,645500.0
L200739,1001,1,1,2,rural,yes,193900.0
L200740,1594,1,1,70,downtown,yes,294600.0
L200741,2678,4,4,6,suburbs,yes,510600.0
L200742,3152,4,4,60,suburbs,yes,514500.0
L200743,3712,3,2,76,downtown,no,632000.0
L200744,3474,4,4,40,suburbs,no,518100.0
L200745,1708,3,3,57,downtown,yes,367000.0
L200746,1994,3,3,69,downtown,yes,434600.0
L200747,3415,3,3,45,suburbs,no,577100.0
L200748,4289,4,3,39,suburbs,yes,669000.0
L200749,3984,4,4,64,rural,no,625100.0
L200750,4371,5,4,62,suburbs,yes,694800.0
L200751,3233,5,4,6,downtown,yes,659400.0
L200752,2498,2,2,5,downtown,yes,531900.0
L200753,3590,4,4,57,downtown,yes,641600.0
L200754,896,2,1,56,suburbs,yes,214300.0
L200755,4251,4,4,65,rural,yes,668600.0
L200756,4183,6,4,6,suburbs,yes,765400.0
L200757,2568,3,2,12,downtown,yes,555900.0
L200758,2639,4,4,2,suburbs,no,524100.0
L200759,2665,3,2,22,waterfront,yes,614600.0
L200760,1141,2,2,40,waterfront,yes,338300.0
L200761,1402,1,1,28,suburbs,no,217100.0
L200762,3455,4,3,9,downtown,yes,669400.0
L200763,727,1,1,44,downtown,yes,224400.0
L200764,3279,4,4,26,suburbs,yes,555100.0
L200765,1790,2,1,22,suburbs,no,330600.0
L200766,1145,1,1,61,suburbs,yes,206900.0
L200767,2925,3,3,25,downtown,yes,573000.0
L200768,1671,1,1,44,waterfront,yes,406300.0
L200769,2344,2,2,5,suburbs,yes,432800.0
L200770,3970,5,4,58,waterfront,yes,801400.0
L200771,3321,5,4,43,rural,yes,580200.0
L200772,4381,5,4,62,suburbs,yes,796500.0
L200773,2148,4,4,24,suburbs,yes,434700.0
L200774,2180,2,1,38,rural,yes,326700.0
L200775,3279,5,4,34,downtown,yes,605200.0
L200776,1124,2,1,78,downtown,yes,217800.0
L200777,3942,5,4,8,suburbs,yes,687500.0
L200778,1972,3,3,16,suburbs,yes,408500.0
L200779,2432,2,2,77,suburbs,yes,376000.0
L200780,2579,4,3,6,downtown,yes,566400.0
L200781,860,1,1,22,suburbs,yes,170500.0
L200782,1771,2,1,25,suburbs,no,322300.0
L200783,1144,1,1,62,rural,no,173400.0
L200784,2984,4,4,61,downtown,yes,567900.0
L200785,3355,5,4,69,rural,no,541400.0
L200786,630,1,1,7,waterfront,yes,277600.0
L200787,631,1,1,17,suburbs,yes,129900.0
L200788,3784,4,4,37,suburbs,yes,663000.0
L200789,1905,2,2,58,downtown,yes,397600.0
L200790,3894,5,4,45,suburbs,no,670000.0
L200791,3167,3,2,41,rural,yes,523500.0
L200792,3655,3,2,64,downtown,no,618300.0
L200793,2099,3,2,15,rural,yes,366500.0
L200794,1783,2,1,67,downtown,yes,346900.0
L200795,3417,3,3,52,rural,yes,543400.0
L200796,3066,3,3,19,suburbs,yes,538600.0
L200797,2823,2,1,35,suburbs,yes,468400.0
L200798,2024,2,1,21,waterfront,yes,466500.0
L200799,2993,3,3,24,suburbs,yes,502100.0
L200800,2118,3,2,54,downtown,no,394600.0
L200801,4071,5,4,24,rural,yes,692200.0
L200802,3365,3,3,68,downtown,yes,603600.0
L200803,2148,3,2,7,waterfront,yes,521800.0
L200804,3889,4,3,13,downtown,yes,750600.0
L200805,877,1,1,73,suburbs,yes,186800.0
L200806,3840,4,4,57,suburbs,yes,628600.0
L200807,2217,4,4,35,suburbs,yes,404300.0
L200808,1501,2,1,19,suburbs,yes,316600.0
L200809,3838,4,3,20,suburbs,yes,661700.0
L200810,3166,4,3,14,suburbs,no,552500.0
L200811,889,2,2,71,downtown,yes,260100.0
L200812,1641,2,1,27,rural,no,254600.0
L200813,2359,2,2,74,downtown,yes,448000.0
L200814,3050,3,2,63,rural,yes,469600.0
L200815,3745,3,2,28,suburbs,yes,702000.0
L200816,2032,2,2,59,rural,no,295900.0
L200817,3753,4,3,38,downtown,no,703400.0
L200818,3680,4,3,38,rural,yes,588500.0
L200819,2074,3,2,61,suburbs,yes,371800.0
L200820,4256,6,4,57,waterfront,yes,838300.0
L200821,4282,5,4,17,downtown,yes,826800.0
L200822,1730,2,1,32,rural,yes,282200.0
L200823,2770,3,3,74,suburbs,yes,469200.0
L200824,3988,5,4,16,waterfront,yes,807600.0
L200825,2701,3,3,57,suburbs,yes,440600.0
L200826,3486,4,4,67,downtown,no,581400.0
L200827,3717,4,4,48,rural,yes,610100.0
L200828,2807,2,1,4,suburbs,yes,471600.0
L200829,2002,2,1,68,suburbs,no,363800.0
L200830,2647,2,2,72,suburbs,yes,408200.0
L200831,3845,5,4,51,waterfront,yes,809700.0
L200832,1845,2,1,63,suburbs,no,319500.0
L200833,3893,5,4,3,suburbs,yes,697500.0
L200834,1392,1,1,57,rural,yes,186900.0
L200835,2402,2,1,64,downtown,no,424700.0
L200836,925,1,1,45,downtown,no,252900.0
L200837,3930,6,4,41,rural,yes,717500.0
L200838,3378,2,2,64,suburbs,yes,497800.0
L200839,1061,1,1,52,downtown,yes,253300.0
L200840,1467,1,1,2,suburbs,no,259700.0
L200841,2658,4,3,14,downtown,no,536900.0
L200842,2532,3,2,47,waterfront,yes,598600.0
L200843,1038,1,1,48,rural,yes,143700.0
L200844,4070,5,4,20,rural,no,629600.0
L200845,2397,3,3,11,rural,yes,429800.0
L200846,3217,4,4,51,rural,no,523100.0
L200847,3535,4,3,24,suburbs,yes,605200.0
L200848,1260,1,1,53,suburbs,yes,203000.0
L200849,1900,2,2,52,waterfront,yes,455400.0
L200850,3464,4,4,17,suburbs,yes,586600.0
L200851,3617,3,3,61,waterfront,yes,716100.0
L200852,1437,2,2,12,rural,no,244900.0
L200853,1846,3,2,31,downtown,yes,447300.0
L200854,3641,4,3,46,suburbs,no,605900.0
L200855,1941,3,3,70,downtown,yes,399900.0
L200856,903,1,1,75,rural,no,101700.0
L200857,2541,2,2,55,waterfront,yes,490400.0
L200858,1152,1,1,53,suburbs,no,186800.0
L200859,2916,3,2,40,downtown,no,535200.0
L200860,4243,4,4,38,suburbs,no,698900.0
L200861,993,2,1,44,downtown,yes,257100.0
L200862,1693,2,1,74,suburbs,yes,311500.0
L200863,2808,2,1,52,waterfront,no,547800.0
L200864,1187,1,1,65,suburbs,yes,179100.0
L200865,2686,2,2,44,suburbs,yes,406200.0
L200866,1438,1,1,58,rural,yes,199800.0
L200867,3079,3,3,68,rural,no,433500.0
L200868,2008,1,1,34,downtown,no,352500.0
L200869,4209,6,4,51,downtown,no,758700.0
L200870,3866,5,4,39,downtown,yes,759500.0
L200871,4474,5,4,40,downtown,yes,838700.0
L200872,1194,1,1,21,downtown,no,249300.0
L200873,4297,5,4,66,suburbs,yes,710700.0
L200874,661,1,1,65,suburbs,yes,137100.0
L200875,1454,3,2,73,downtown,no,323800.0
L200876,3973,4,4,22,suburbs,no,712700.0
L200877,3963,5,4,79,suburbs,yes,623400.0
L200878,1768,1,1,56,downtown,yes,326600.0
L200879,3882,3,2,27,downtown,no,669300.0
L200880,899,2,1,69,downtown,no,222800.0
L200881,1910,2,1,44,suburbs,yes,262200.0
L200882,708,1,1,44,suburbs,no,129200.0
L200883,2617,3,3,60,suburbs,no,386800.0
L200884,4108,5,4,12,downtown,no,771500.0
L200885,2992,3,3,37,downtown,yes,629000.0
L200886,2640,3,3,1,downtown,yes,579300.0
L200887,1372,1,1,34,suburbs,yes,220200.0
L200888,2980,3,3,53,suburbs,yes,492300.0
L200889,1864,3,2,79,suburbs,yes,294500.0
L200890,3002,3,2,17,suburbs,no,543000.0
L200891,1108,1,1,70,downtown,yes,190100.0
L200892,2636,2,1,3,downtown,yes,513700.0
L200893,2540,2,1,1,suburbs,yes,435400.0
L200894,3600,5,4,27,suburbs,no,599100.0
L200895,4145,5,4,23,rural,no,719400.0
L200896,4133,5,4,46,suburbs,yes,663700.0
L200897,1932,2,2,15,suburbs,yes,335600.0
L200898,3100,3,3,44,rural,yes,536700.0
L200899,3147,3,2,79,rural,yes,463900.0
L200900,3891,5,4,13,waterfront,no,796000.0
L200901,3747,5,4,34,downtown,no,687700.0
L200902,637,1,1,48,downtown,no,181700.0
L200903,3723,3,3,34,suburbs,no,596300.0
L200904,2472,2,2,32,suburbs,yes,409100.0
L200905,4306,5,4,3,suburbs,yes,726400.0
L200906,2955,3,2,38,suburbs,yes,503300.0
L200907,2109,3,2,74,suburbs,yes,340100.0
L200908,1384,1,1,69,suburbs,yes,212800.0
L200909,4302,5,4,63,downtown,yes,789400.0
L200910,1225,1,1,6,suburbs,yes,240100.0
L200911,951,1,1,10,suburbs,yes,208400.0
L200912,1131,2,1,42,downtown,no,309600.0
L200913,2751,3,3,23,downtown,yes,564300.0
L200914,1710,2,2,13,suburbs,yes,322500.0
L200915,2865,3,3,14,waterfront,yes,610500.0
L200916,3811,3,2,14,downtown,yes,698000.0
L200917,1735,2,1,7,suburbs,no,340000.0
L200918,707,1,1,48,downtown,yes,191800.0
L200919,2000,2,1,33,suburbs,no,335500.0
L200920,2949,4,4,53,suburbs,no,489100.0
L200921,3440,4,4,17,suburbs,no,591800.0
L200922,865,1,1,48,suburbs,yes,136800.0
L200923,4025,4,3,14,waterfront,yes,817600.0
L200924,2913,1,1,73,suburbs,yes,437500.0
L200925,2478,2,1,13,suburbs,no,454900.0
L200926,1583,2,1,63,waterfront,no,375300.0
L200927,4339,4,4,54,suburbs,yes,693800.0
L200928,1213,1,1,15,downtown,yes,338500.0
L200929,2350,3,2,7,downtown,yes,509900.0
L200930,2416,4,3,50,rural,yes,411300.0
L200931,2733,3,3,3,rural,no,461200.0
L200932,1501,2,1,49,downtown,yes,331100.0
L200933,4279,5,4,54,suburbs,yes,693600.0
L200934,2075,2,1,51,downtown,yes,403900.0
L200935,3377,3,3,78,downtown,yes,591100.0
L200936,3068,5,4,34,waterfront,yes,690500.0
L200937,1391,1,1,40,suburbs,yes,274900.0
L200938,4251,4,4,75,downtown,yes,766500.0
L200939,2394,4,4,68,suburbs,yes,440800.0
L200940,3009,3,3,37,rural,yes,444800.0
L200941,3118,4,4,33,rural,yes,516500.0
L200942,2577,2,1,63,suburbs,no,346000.0
L200943,3088,4,3,45,rural,yes,531600.0
L200944,2772,4,4,38,rural,yes,471900.0
L200945,3488,4,4,65,waterfront,yes,699900.0
L200946,2441,3,3,62,suburbs,no,386200.0
L200947,3768,5,4,33,suburbs,yes,691900.0
L200948,2794,2,2,31,waterfront,yes,594100.0
L200949,4494,6,4,53,suburbs,no,740100.0
L200950,2823,4,4,0,suburbs,yes,545600.0
L200951,2901,3,2,62,rural,yes,448800.0
L200952,2519,3,2,39,waterfront,yes,555300.0
L200953,2149,4,4,69,suburbs,no,409500.0
L200954,3674,4,4,43,suburbs,no,643500.0
L200955,3074,3,3,31,rural,yes,504100.0
L200956,2123,3,2,9,suburbs,yes,387800.0
L200957,3747,3,2,0,suburbs,yes,650000.0
L200958,1023,1,1,53,downtown,yes,230200.0
L200959,842,1,1,15,downtown,yes,285800.0
L200960,3107,3,2,68,suburbs,yes,537100.0
L200961,2386,2,1,39,suburbs,no,402100.0
L200962,3704,4,4,69,rural,no,536600.0
L200963,3189,4,3,37,downtown,yes,603500.0
L200964,3642,4,3,30,downtown,yes,679100.0
L200965,1635,1,1,11,suburbs,yes,283300.0
L200966,1583,3,3,32,downtown,yes,374700.0
L200967,1580,2,2,65,waterfront,yes,400300.0
L200968,3123,3,3,68,downtown,yes,582300.0
L200969,3229,4,3,38,rural,yes,562100.0
L200970,4494,5,4,79,suburbs,yes,724700.0
L200971,1446,3,2,2,waterfront,yes,430600.0
L200972,1007,2,2,4,suburbs,no,195900.0
L200973,4336,4,4,4,waterfront,yes,879800.0
L200974,2638,2,1,4,suburbs,no,436100.0
L200975,2030,2,2,0,suburbs,yes,384300.0
L200976,1791,2,2,4,downtown,yes,398700.0
L200977,4045,4,4,63,suburbs,yes,649800.0
L200978,3685,3,2,36,downtown,no,667300.0
L200979,1282,2,1,62,rural,yes,194800.0
L200980,1866,3,2,62,suburbs,yes,368000.0
L200981,3993,4,3,55,suburbs,yes,625400.0
L200982,3460,4,4,7,downtown,no,702400.0
L200983,3778,4,3,9,downtown,no,692700.0
L200984,1225,1,1,55,suburbs,yes,210400.0
L200985,2859,3,3,76,suburbs,yes,478100.0
L200986,861,1,1,13,suburbs,yes,220100.0
L200987,2356,3,3,50,waterfront,yes,562800.0
L200988,1005,1,1,2,downtown,yes,309600.0
L200989,1646,2,2,15,suburbs,no,303600.0
L200990,1615,1,1,47,downtown,yes,378100.0
L200991,1335,3,2,52,suburbs,yes,278000.0
L200992,3913,3,2,47,suburbs,no,539000.0
L200993,2047,3,3,36,suburbs,yes,385600.0
L200994,1186,1,1,22,rural,yes,193900.0
L200995,4454,5,4,63,downtown,yes,785300.0
L200996,730,1,1,25,downtown,yes,243100.0
L200997,1178,1,1,56,downtown,yes,272800.0
L200998,3928,5,4,28,suburbs,yes,670600.0
L200999,2359,2,1,41,downtown,no,477000.0
L201000,2062,3,2,74,suburbs,no,300400.0
L201001,1790,2,2,31,suburbs,yes,298000.0
L201002,2896,3,3,69,suburbs,no,435100.0
L201003,1999,2,2,4,suburbs,yes,393800.0
L201004,926,1,1,42,waterfront,yes,310200.0
L201005,4358,5,4,40,waterfront,yes,837800.0
L201006,4138,5,4,77,suburbs,yes,662800.0
L201007,1287,2,2,21,waterfront,yes,389300.0
L201008,2567,4,4,46,rural,no,398900.0
L201009,2368,3,3,46,downtown,no,486700.0
L201010,949,2,1,8,suburbs,yes,262600.0
L201011,2154,4,4,79,suburbs,yes,381900.0
L201012,3071,2,1,38,rural,yes,475200.0
L201013,1006,2,1,34,rural,no,168400.0
L201014,2025,3,2,71,suburbs,yes,378900.0
L201015,1580,2,2,5,suburbs,yes,371700.0
L201016,1978,4,4,53,suburbs,no,358600.0
L201017,3056,5,4,1,suburbs,yes,587900.0
L201018,2192,2,2,76,suburbs,no,358500.0
L201019,3594,4,4,64,suburbs,yes,608600.0
L201020,2581,3,2,42,rural,no,378000.0
L201021,3298,3,2,31,suburbs,no,494700.0
L201022,3015,5,4,72,downtown,yes,569600.0
L201023,3786,5,4,19,downtown,yes,743000.0
L201024,1171,1,1,61,suburbs,yes,190300.0
L201025,4464,4,3,33,suburbs,yes,711200.0
L201026,3542,4,3,65,suburbs,yes,568400.0
L201027,1372,1,1,59,suburbs,yes,275700.0
L201028,705,1,1,79,rural,yes,62300.0
L201029,699,1,1,48,rural,no,91600.0
L201030,3326,5,4,24,suburbs,yes,593500.0
L201031,2249,2,2,70,suburbs,yes,413800.0
L201032,1314,1,1,50,suburbs,yes,192200.0
L201033,1839,2,2,56,suburbs,yes,299000.0
L201034,2342,3,2,20,downtown,yes,491500.0
L201035,760,1,1,42,suburbs,yes,162000.0
L201036,2790,4,4,68,suburbs,yes,512300.0
L201037,741,1,1,29,suburbs,no,176000.0
L201038,3124,4,4,46,rural,yes,501000.0
L201039,838,1,1,16,downtown,yes,257400.0
L201040,3685,4,4,14,downtown,no,693400.0
L201041,1586,1,1,61,waterfront,yes,366800.0
L201042,2613,3,3,33,suburbs,no,476900.0
L201043,2104,2,2,16,downtown,no,439200.0
L201044,4032,5,4,14,suburbs,yes,753200.0
L201045,3698,4,3,9,downtown,no,706500.0
L201046,4324,5,4,36,suburbs,yes,759800.0
L201047,3390,4,3,24,suburbs,no,511600.0
L201048,4406,6,4,6,waterfront,yes,906400.0
L201049,1478,1,1,38,downtown,yes,332400.0
L201050,1846,2,1,77,suburbs,yes,307000.0
L201051,3757,4,3,78,suburbs,yes,641300.0
L201052,725,1,1,47,downtown,yes,224500.0
L201053,1297,1,1,46,downtown,yes,259600.0
L201054,3391,5,4,79,downtown,yes,645200.0
L201055,2159,2,2,60,downtown,yes,441400.0
L201056,1582,2,2,13,rural,yes,272000.0
L201057,1783,3,3,42,rural,yes,302900.0
L201058,3593,4,4,30,suburbs,yes,646900.0
L201059,2472,3,3,11,suburbs,yes,464600.0
L201060,619,1,1,74,suburbs,yes,140100.0
L201061,2614,3,2,47,downtown,yes,511300.0
L201062,3631,4,3,55,suburbs,yes,549100.0
L201063,1249,2,1,63,waterfront,no,328200.0
L201064,873,1,1,5,downtown,yes,253600.0
L201065,3048,3,2,25,downtown,yes,600400.0
L201066,4029,5,4,70,downtown,yes,739000.0
L201067,875,1,1,16,suburbs,yes,171500.0
L201068,3140,3,3,15,rural,yes,529900.0
L201069,3637,6,4,49,suburbs,yes,655700.0
L201070,1230,2,2,20,suburbs,no,258700.0
L201071,1615,2,2,66,suburbs,yes,304100.0
L201072,2580,2,2,58,rural,no,350600.0
L201073,2982,2,2,61,suburbs,yes,471100.0
L201074,2570,3,3,56,suburbs,no,371700.0
L201075,1316,2,2,11,downtown,no,356300.0
L201076,4028,5,4,52,downtown,yes,745700.0
L201077,2241,1,1,13,waterfront,yes,506500.0
L201078,2676,3,2,0,suburbs,no,475400.0
L201079,2689,3,2,78,downtown,yes,505100.0
L201080,2746,3,2,19,waterfront,yes,634300.0
L201081,1730,3,3,55,waterfront,no,423900.0
L201082,1844,3,2,27,downtown,yes,425800.0
L201083,1141,2,2,56,suburbs,no,216900.0
L201084,3441,4,3,32,waterfront,yes,661200.0
L201085,1823,2,2,35,downtown,no,361500.0
L201086,796,1,1,5,suburbs,yes,204300.0
L201087,781,1,1,37,suburbs,yes,196600.0
L201088,4375,5,4,54,rural,no,719300.0
L201089,2268,2,1,57,suburbs,yes,339300.0
L201090,2964,4,3,71,suburbs,no,508100.0
L201091,2682,1,1,47,suburbs,yes,449700.0
L201092,3898,4,3,79,rural,yes,602800.0
L201093,4062,5,4,50,downtown,no,684200.0
L201094,3646,5,4,63,downtown,yes,667600.0
L201095,4429,5,4,11,suburbs,no,760000.0
L201096,1450,1,1,16,suburbs,no,255300.0
L201097,2352,3,2,47,suburbs,yes,356500.0
L201098,1727,2,2,40,downtown,no,355200.0
L201099,3848,5,4,39,rural,no,600300.0
L201100,1684,3,3,73,suburbs,no,305100.0
L201101,3697,5,4,38,suburbs,no,645200.0
L201102,1479,2,1,5,downtown,yes,374100.0
L201103,3302,3,3,41,downtown,no,593200.0
L201104,662,1,1,18,suburbs,yes,164800.0
L201105,3675,4,4,2,suburbs,yes,659800.0
L201106,3825,5,4,21,rural,no,657500.0
L201107,2796,3,2,0,suburbs,yes,497100.0
L201108,2697,3,3,48,suburbs,yes,448300.0
L201109,2391,2,1,37,rural,yes,397200.0
L201110,2905,3,3,76,downtown,yes,554400.0
L201111,2805,4,3,5,suburbs,no,525300.0
L201112,2517,3,3,38,suburbs,yes,489500.0
L201113,2630,3,2,73,downtown,yes,541000.0
L201114,1085,1,1,45,suburbs,yes,232700.0
L201115,2417,3,3,28,waterfront,yes,545300.0
L201116,2300,3,3,51,suburbs,yes,430000.0
L201117,4091,5,4,21,suburbs,yes,719700.0
L201118,1745,2,2,68,suburbs,yes,282800.0
L201119,4375,4,3,53,suburbs,no,676600.0
L201120,4079,5,4,22,suburbs,yes,721200.0
L201121,3653,5,4,6,downtown,no,733000.0
L201122,3334,3,3,50,downtown,yes,649200.0
L201123,1835,2,1,71,rural,yes,285000.0
L201124,1234,3,3,74,suburbs,no,240900.0
L201125,3680,4,4,53,suburbs,yes,616700.0
L201126,3337,4,3,75,downtown,yes,612600.0
L201127,3843,3,2,65,downtown,yes,627600.0
L201128,2738,3,2,30,suburbs,yes,492500.0
L201129,4103,4,4,67,suburbs,yes,680600.0
L201130,918,1,1,8,suburbs,yes,256000.0
L201131,1027,1,1,71,suburbs,yes,172000.0
L201132,871,1,1,73,suburbs,yes,179300.0
L201133,1853,1,1,45,downtown,yes,357600.0
L201134,1175,1,1,73,downtown,no,279500.0
L201135,758,1,1,10,downtown,yes,280400.0
L201136,3760,4,3,7,suburbs,yes,689100.0
L201137,1208,1,1,27,downtown,yes,295000.0
L201138,3836,4,3,6,suburbs,no,651700.0
L201139,3106,5,4,19,downtown,yes,631400.0
L201140,2971,4,3,14,suburbs,yes,520400.0
L201141,1056,1,1,36,suburbs,no,201700.0
L201142,660,1,1,51,waterfront,yes,251400.0
L201143,1144,1,1,15,rural,yes,213700.0
L201144,1836,1,1,24,waterfront,no,433100.0
L201145,4330,3,3,59,suburbs,yes,660200.0
L201146,2163,2,1,19,waterfront,yes,532200.0
L201147,1509,1,1,26,downtown,yes,338900.0
L201148,1709,2,1,63,suburbs,no,293400.0
L201149,1905,2,1,31,suburbs,no,295800.0
L201150,2866,3,3,19,suburbs,yes,494900.0
L201151,3744,4,3,64,downtown,yes,663200.0
L201152,842,1,1,76,suburbs,yes,149200.0
L201153,3621,3,2,72,waterfront,no,670800.0
L201154,677,1,1,35,suburbs,yes,186900.0
L201155,1854,1,1,1,downtown,yes,430600.0
L201156,2892,4,4,33,downtown,no,554200.0
L201157,1009,2,1,61,downtown,no,309100.0
L201158,1631,2,2,75,rural,yes,243200.0
L201159,3090,3,2,5,suburbs,yes,579900.0
L201160,3277,4,3,9,downtown,no,629500.0
L201161,923,1,1,22,rural,yes,183200.0
L201162,3632,3,2,9,suburbs,no,629000.0
L201163,2191,3,2,14,rural,yes,346900.0
L201164,2983,4,3,34,rural,yes,544100.0
L201165,1429,1,1,20,suburbs,no,235500.0
L201166,4459,5,4,46,waterfront,no,844700.0
L201167,3568,4,3,75,rural,yes,534400.0
L201168,3107,3,2,40,downtown,no,552800.0
L201169,1325,1,1,40,suburbs,yes,226500.0
L201170,3613,4,4,76,waterfront,no,669200.0
L201171,2071,2,1,48,suburbs,yes,368600.0
L201172,3099,4,3,79,suburbs,no,498500.0
L201173,3135,3,2,73,rural,no,451000.0
L201174,3741,4,4,3,suburbs,no,680700.0
L201175,3860,4,4,75,suburbs,yes,673600.0
L201176,2123,2,1,13,downtown,yes,405800.0
L201177,916,1,1,21,rural,yes,208000.0
L201178,2293,3,2,44,rural,yes,374200.0
L201179,2160,2,2,61,waterfront,no,431800.0
L201180,1907,2,2,76,rural,yes,293500.0
L201181,2505,3,2,36,downtown,yes,498000.0
L201182,2848,3,2,22,suburbs,yes,521600.0
L201183,3031,2,1,30,suburbs,no,487000.0
L201184,2061,3,2,29,downtown,yes,453300.0
L201185,3004,4,3,23,rural,no,486300.0
L201186,4452,4,4,18,downtown,yes,792200.0
L201187,3137,4,4,56,suburbs,yes,561900.0
L201188,2951,3,2,77,rural,yes,427400.0
L201189,1713,2,2,47,rural,yes,289300.0
L201190,1909,2,2,12,downtown,yes,461800.0
L201191,801,1,1,53,downtown,no,196700.0
L201192,2581,3,2,45,suburbs,yes,461800.0
L201193,890,1,1,32,suburbs,no,169200.0
L201194,3644,4,4,1,rural,no,604200.0
L201195,4332,5,4,62,suburbs,no,663800.0
L201196,3743,4,3,48,downtown,yes,684600.0
L201197,1210,1,1,18,suburbs,yes,236900.0
L201198,3084,4,3,31,suburbs,yes,525200.0
L201199,2279,3,3,42,rural,yes,332600.0
L201200,609,1,1,45,downtown,yes,153500.0
L201201,3394,3,3,52,suburbs,yes,606200.0
L201202,3987,4,4,6,suburbs,yes,703300.0
L201203,2400,3,3,42,suburbs,yes,394500.0
L201204,4148,4,3,7,suburbs,yes,700100.0
L201205,816,1,1,13,suburbs,no,175100.0
L201206,3999,4,4,7,suburbs,yes,714500.0
L201207,3256,3,2,49,downtown,yes,589800.0
L201208,3217,3,2,66,downtown,yes,627100.0
L201209,2561,3,2,77,downtown,yes,527600.0
L201210,705,1,1,57,downtown,yes,208700.0
L201211,2363,3,2,62,suburbs,yes,391100.0
L201212,4308,5,4,10,downtown,yes,825700.0
L201213,2403,2,2,0,downtown,yes,470200.0
L201214,864,1,1,25,waterfront,yes,331900.0
L201215,2527,3,2,28,suburbs,yes,454700.0
L201216,1182,1,1,34,rural,no,149100.0
L201217,2243,3,2,53,suburbs,yes,376000.0
L201218,3048,3,2,7,downtown,yes,614500.0
L201219,861,1,1,8,suburbs,yes,158500.0
L201220,2401,2,2,67,suburbs,no,352200.0
L201221,2571,5,4,46,downtown,yes,532500.0
L201222,3543,3,2,29,downtown,yes,676200.0
L201223,865,3,3,66,downtown,yes,299200.0
L201224,3069,3,3,53,downtown,no,569700.0
L201225,3024,4,4,67,downtown,yes,499800.0
L201226,616,1,1,51,downtown,yes,163500.0
L201227,1066,1,1,40,suburbs,yes,290600.0
L201228,3106,4,4,73,downtown,no,574400.0
L201229,3954,4,4,79,rural,yes,544200.0
L201230,3947,5,4,59,downtown,yes,785700.0
L201231,3598,4,4,50,suburbs,yes,579300.0
L201232,3923,4,4,2,rural,yes,681000.0
L201233,2965,3,3,69,suburbs,yes,459200.0
L201234,1213,2,2,12,suburbs,no,307300.0
L201235,2672,2,1,2,suburbs,yes,435100.0
L201236,1954,2,2,35,suburbs,yes,337900.0
L201237,1594,2,2,6,downtown,yes,411600.0
L201238,1066,1,1,7,suburbs,yes,215800.0
L201239,677,1,1,37,suburbs,yes,163300.0
L201240,3530,3,2,31,suburbs,yes,609200.0
L201241,1264,1,1,10,waterfront,yes,379400.0
L201242,3047,4,3,78,waterfront,no,581400.0
L201243,1779,2,2,16,downtown,yes,383600.0
L201244,2489,2,1,16,suburbs,no,409100.0
L201245,2149,3,2,64,downtown,no,428300.0
L201246,1769,3,3,56,rural,yes,321200.0
L201247,2474,2,1,28,suburbs,no,412100.0
L201248,3669,4,3,20,suburbs,yes,655200.0
L201249,2565,2,2,73,suburbs,yes,367900.0
L201250,3686,5,4,2,suburbs,yes,682900.0
L201251,4151,5,4,51,downtown,yes,759700.0
L201252,2515,3,3,7,suburbs,yes,486900.0
L201253,3730,4,3,0,rural,yes,651000.0
L201254,1085,1,1,8,suburbs,yes,205200.0
L201255,2807,3,2,44,downtown,yes,534000.0
L201256,2414,3,3,23,suburbs,yes,480900.0
L201257,622,1,1,55,suburbs,yes,136700.0
L201258,4094,4,4,76,suburbs,no,643900.0
L201259,3491,4,3,3,downtown,no,640900.0
L201260,2877,3,3,49,suburbs,yes,505200.0
L201261,3313,4,3,72,downtown,no,556500.0
L201262,3540,4,4,9,suburbs,no,617900.0
L201263,3632,3,3,33,suburbs,yes,597800.0
L201264,1749,3,3,5,rural,no,333700.0
L201265,2229,3,2,8,rural,no,364700.0
L201266,1938,2,1,77,rural,no,254500.0
L201267,4152,4,3,20,rural,yes,652500.0
L201268,1056,3,3,13,downtown,no,304200.0
L201269,4138,6,4,71,suburbs,yes,700900.0
L201270,1936,3,3,21,suburbs,no,358600.0
L201271,3636,4,3,22,rural,yes,593600.0
L201272,1261,2,2,67,rural,no,189100.0
L201273,3889,5,4,60,downtown,no,727500.0
L201274,2702,3,3,44,downtown,yes,549700.0
L201275,4440,5,4,67,rural,yes,666700.0
L201276,2135,3,3,18,downtown,yes,491700.0
L201277,4478,6,4,63,downtown,yes,843700.0
L201278,3859,5,4,53,waterfront,no,781500.0
L201279,631,1,1,45,waterfront,no,183000.0
L201280,2092,3,3,29,suburbs,no,389300.0
L201281,2182,2,2,9,downtown,no,484900.0
L201282,1428,1,1,46,suburbs,yes,237900.0
L201283,4024,4,3,64,downtown,yes,784700.0
L201284,928,1,1,7,downtown,yes,215800.0
L201285,1608,1,1,12,downtown,yes,365200.0
L201286,1585,1,1,70,rural,no,225000.0
L201287,2232,1,1,69,suburbs,no,332600.0
L201288,3319,3,2,47,downtown,yes,609900.0
L201289,626,1,1,36,suburbs,yes,118800.0
L201290,3042,4,4,0,downtown,yes,620500.0
L201291,2179,3,2,72,rural,yes,350800.0
L201292,3017,4,4,44,downtown,yes,543300.0
L201293,840,1,1,6,downtown,yes,281400.0
L201294,3946,4,3,28,suburbs,yes,667200.0
L201295,2851,3,2,66,downtown,no,524100.0
L201296,1585,2,1,72,downtown,yes,343500.0
L201297,3679,4,4,50,waterfront,yes,837300.0
L201298,2436,2,2,11,rural,yes,444200.0
L201299,2122,3,3,12,waterfront,no,490400.0
L201300,1255,1,1,26,suburbs,no,279900.0
L201301,2512,2,2,61,downtown,yes,402000.0
L201302,1453,2,1,61,waterfront,yes,361500.0
L201303,3461,4,3,59,suburbs,no,566700.0
L201304,2046,2,2,18,suburbs,yes,370900.0
L201305,1061,1,1,24,suburbs,yes,222400.0
L201306,3357,3,2,25,suburbs,yes,564800.0
L201307,3895,4,4,58,suburbs,yes,680000.0
L201308,3851,4,4,61,rural,no,582300.0
L201309,2491,1,1,2,waterfront,yes,550200.0
L201310,1798,3,3,56,rural,no,334200.0
L201311,1463,1,1,31,rural,no,245200.0
L201312,2151,2,2,28,suburbs,yes,381500.0
L201313,995,2,2,40,suburbs,yes,226100.0
L201314,4061,5,4,37,suburbs,yes,746800.0
L201315,1571,2,2,78,suburbs,no,214900.0
L201316,3642,3,2,44,downtown,yes,626500.0
L201317,2102,2,1,66,suburbs,yes,325100.0
L201318,3292,4,3,71,suburbs,no,534500.0
L201319,4151,5,4,78,suburbs,yes,703900.0
L201320,2187,3,3,52,suburbs,yes,373500.0
L201321,4362,6,4,75,rural,yes,670100.0
L201322,1930,3,2,47,downtown,yes,378800.0
L201323,1592,1,1,29,rural,yes,232100.0
L201324,3421,5,4,64,downtown,yes,632300.0
L201325,1148,1,1,70,suburbs,no,121600.0
L201326,963,1,1,24,rural,no,142600.0
L201327,2035,1,1,77,waterfront,yes,403100.0
L201328,2719,1,1,35,suburbs,yes,434600.0
L201329,2425,2,2,18,rural,no,429600.0
L201330,837,1,1,54,rural,yes,90100.0
L201331,2738,2,1,19,downtown,no,536500.0
L201332,3031,3,2,32,suburbs,yes,559400.0
L201333,1710,1,1,42,rural,yes,285900.0
L201334,2816,3,3,38,downtown,yes,560400.0
L201335,1983,2,2,9,suburbs,yes,410300.0
L201336,833,2,2,12,suburbs,yes,229800.0
L201337,3501,4,3,6,suburbs,no,638100.0
L201338,2237,4,3,48,suburbs,no,402700.0
L201339,4436,5,4,79,downtown,yes,752300.0
L201340,1350,3,2,51,suburbs,no,281300.0
L201341,629,1,1,44,rural,yes,174100.0
L201342,3712,4,4,68,suburbs,yes,605800.0
L201343,3962,6,4,1,suburbs,yes,727400.0
L201344,4161,3,2,6,suburbs,yes,699500.0
L201345,4459,5,4,79,downtown,no,730300.0
L201346,1827,1,1,71,downtown,yes,323800.0
L201347,3247,2,2,44,suburbs,yes,534000.0
L201348,714,1,1,6,downtown,yes,238800.0
L201349,2228,3,2,15,downtown,no,464300.0
L201350,4100,4,4,59,suburbs,no,661500.0
L201351,3073,3,2,18,waterfront,yes,651900.0
L201352,3893,5,4,47,downtown,yes,709300.0
L201353,4289,5,4,60,suburbs,yes,724300.0
L201354,3707,4,3,32,suburbs,yes,641600.0
L201355,3280,4,3,37,rural,no,502600.0
L201356,1989,3,2,73,downtown,no,394400.0
L201357,2673,2,2,78,rural,no,358200.0
L201358,910,1,1,36,waterfront,yes,320900.0
L201359,2850,3,3,16,downtown,yes,573100.0
L201360,4401,5,4,1,downtown,no,831200.0
L201361,1176,1,1,14,suburbs,yes,243800.0
L201362,2524,2,2,41,downtown,yes,486200.0
L201363,4107,4,4,78,downtown,yes,729800.0
L201364,1990,3,3,42,rural,yes,364100.0
L201365,2897,2,1,78,suburbs,no,429200.0
L201366,3631,2,2,59,suburbs,yes,570700.0
L201367,3673,4,3,6,suburbs,no,625600.0
L201368,3215,3,2,28,suburbs,yes,501200.0
L201369,844,1,1,46,rural,yes,138200.0
L201370,763,1,1,5,rural,no,112200.0
L201371,3543,4,3,1,rural,no,576100.0
L201372,4337,5,4,27,suburbs,yes,724900.0
L201373,1644,2,2,71,rural,yes,232400.0
L201374,2768,4,3,48,rural,yes,442700.0
L201375,878,1,1,41,suburbs,yes,188300.0
L201376,1334,2,2,43,suburbs,yes,267700.0
L201377,2489,2,2,43,suburbs,yes,423800.0
L201378,662,1,1,67,suburbs,yes,155300.0
L201379,2896,2,1,25,downtown,no,604900.0
L201380,2753,3,2,21,downtown,no,545300.0
L201381,961,1,1,22,downtown,yes,285600.0
L201382,2916,3,2,45,downtown,no,543200.0
L201383,2376,3,2,21,suburbs,yes,451000.0
L201384,988,1,1,78,suburbs,yes,121300.0
L201385,1452,2,1,55,suburbs,yes,189700.0
L201386,2725,3,2,25,suburbs,no,412600.0
L201387,3762,4,3,20,suburbs,no,620100.0
L201388,2283,3,2,34,rural,yes,415600.0
L201389,3065,4,3,68,suburbs,yes,521100.0
L201390,2306,2,1,79,suburbs,yes,347900.0
L201391,3959,5,4,42,rural,no,650900.0
L201392,4403,5,4,11,downtown,yes,837400.0
L201393,2248,2,1,3,suburbs,yes,376400.0
L201394,1753,1,1,45,rural,no,262100.0
L201395,2845,3,3,49,downtown,yes,567900.0
L201396,4048,5,4,29,downtown,yes,817000.0
L201397,2937,2,1,71,suburbs,yes,450400.0
L201398,1943,2,1,3,suburbs,yes,410000.0
L201399,3627,4,3,24,waterfront,yes,738500.0
L201400,1300,1,1,60,rural,no,233200.0
L201401,1664,1,1,19,downtown,no,333900.0
L201402,1193,1,1,15,suburbs,no,242100.0
L201403,4160,4,3,58,rural,yes,653200.0
L201404,4268,4,4,71,suburbs,yes,727000.0
L201405,4338,4,3,14,suburbs,yes,770000.0
L201406,690,1,1,33,downtown,yes,190100.0
L201407,4107,4,3,77,waterfront,yes,765000.0
L201408,1454,3,3,11,suburbs,no,360900.0
L201409,4314,6,4,11,downtown,yes,830600.0
L201410,1927,2,1,19,downtown,no,417900.0
L201411,1793,1,1,38,rural,no,234900.0
L201412,3161,4,4,66,suburbs,yes,532600.0
L201413,3681,5,4,34,downtown,yes,691400.0
L201414,2065,4,3,29,suburbs,no,414000.0
L201415,3815,6,4,67,waterfront,yes,791900.0
L201416,679,1,1,20,suburbs,yes,195700.0
L201417,4104,5,4,29,suburbs,yes,685200.0
L201418,2616,3,2,19,suburbs,no,468800.0
L201419,2693,3,3,8,downtown,yes,559100.0
L201420,4049,5,4,46,waterfront,yes,749900.0
L201421,814,1,1,77,downtown,no,194900.0
L201422,4057,5,4,20,downtown,no,790300.0
L201423,1392,1,1,5,downtown,yes,376100.0
L201424,4467,4,4,74,downtown,no,759300.0
L201425,3404,5,4,8,suburbs,no,636900.0
L201426,1935,2,2,3,waterfront,no,494100.0
L201427,858,2,2,58,downtown,no,206700.0
L201428,1077,1,1,12,downtown,yes,264800.0
L201429,1075,1,1,79,suburbs,no,157100.0
L201430,871,1,1,34,waterfront,no,279800.0
L201431,3002,2,1,53,waterfront,yes,598100.0
L201432,3981,3,2,16,waterfront,yes,773100.0
L201433,3718,5,4,16,downtown,yes,734000.0
L201434,3518,3,3,62,suburbs,yes,544300.0
L201435,4423,6,4,40,suburbs,yes,798300.0
L201436,3047,3,3,73,downtown,yes,510700.0
L201437,970,1,1,73,suburbs,yes,161400.0
L201438,2537,3,2,48,suburbs,yes,430700.0
L201439,3556,2,2,62,suburbs,no,536900.0
L201440,2383,2,1,68,downtown,yes,416100.0
L201441,1797,2,2,46,suburbs,no,269000.0
L201442,2526,2,1,64,suburbs,yes,406400.0
L201443,3646,4,3,2,downtown,no,688700.0
L201444,2018,3,3,12,downtown,yes,470500.0
L201445,1977,2,2,37,suburbs,yes,312900.0
L201446,2451,3,2,6,downtown,yes,560300.0
L201447,2235,2,1,36,downtown,yes,440100.0
L201448,1420,1,1,50,downtown,no,213800.0
L201449,1691,2,2,29,downtown,yes,385300.0
L201450,1059,1,1,78,downtown,yes,220100.0
L201451,3530,3,2,69,rural,no,484700.0
L201452,1424,1,1,66,rural,yes,233400.0
L201453,4416,3,3,56,downtown,yes,784700.0
L201454,4386,5,4,49,suburbs,no,729400.0
L201455,3221,3,2,52,downtown,yes,590300.0
L201456,4463,5,4,8,downtown,yes,852000.0
L201457,3968,5,4,75,rural,yes,587100.0
L201458,3530,3,3,62,waterfront,yes,697400.0
L201459,1987,1,1,23,downtown,yes,436700.0
L201460,3865,5,4,54,rural,yes,654900.0
L201461,1929,4,4,33,suburbs,yes,366400.0
L201462,1003,2,1,74,rural,yes,153900.0
L201463,2806,3,3,42,suburbs,yes,459200.0
L201464,1079,1,1,56,suburbs,no,181200.0
L201465,959,1,1,15,rural,no,144500.0
L201466,961,1,1,8,suburbs,yes,192400.0
L201467,4154,6,4,72,waterfront,yes,825900.0
L201468,846,1,1,48,suburbs,yes,147900.0
L201469,2138,3,3,53,waterfront,yes,485100.0
L201470,3514,3,2,32,rural,yes,564200.0
L201471,3727,5,4,50,suburbs,yes,605700.0
L201472,819,1,1,33,suburbs,yes,166200.0
L201473,4085,5,4,50,waterfront,no,759500.0
L201474,4301,5,4,50,suburbs,no,674300.0
L201475,4382,4,4,17,suburbs,no,763100.0
L201476,3150,3,2,71,downtown,no,537800.0
L201477,2597,3,3,75,downtown,yes,473600.0
L201478,1266,1,1,60,downtown,yes,296500.0
L201479,1081,1,1,1,downtown,yes,336900.0
L201480,3788,5,4,1,suburbs,yes,696800.0
L201481,3916,5,4,64,suburbs,yes,683600.0
L201482,3812,5,4,11,downtown,yes,732100.0
L201483,3011,4,4,78,suburbs,no,494500.0
L201484,2799,3,2,29,downtown,yes,547800.0
L201485,1354,1,1,14,suburbs,yes,272500.0
L201486,954,1,1,54,suburbs,no,185500.0
L201487,1383,1,1,54,waterfront,yes,319700.0
L201488,2163,3,3,50,suburbs,yes,368600.0
L201489,1775,1,1,61,rural,yes,243600.0
L201490,2739,4,3,40,suburbs,yes,467200.0
L201491,3648,4,3,25,rural,no,591500.0
L201492,3500,4,4,34,suburbs,no,602200.0
L201493,3829,4,3,50,waterfront,no,742500.0
L201494,1764,3,2,63,suburbs,yes,305500.0
L201495,4249,4,4,34,waterfront,no,855400.0
L201496,4005,4,4,7,rural,no,664500.0
L201497,1960,3,3,32,waterfront,no,478000.0
L201498,1577,2,2,47,suburbs,yes,291800.0
L201499,4062,4,4,61,downtown,yes,747500.0
L201500,4492,5,4,64,suburbs,yes,744000.0
L201501,2413,2,2,63,waterfront,yes,492800.0
L201502,1048,1,1,21,waterfront,no,365000.0
L201503,2965,4,3,1,waterfront,no,670800.0
L201504,3848,5,4,16,suburbs,no,643100.0
L201505,2428,3,3,9,rural,yes,385300.0
L201506,1115,1,1,53,suburbs,yes,216900.0
L201507,3468,4,4,21,suburbs,no,635000.0
L201508,3561,3,3,14,suburbs,yes,626600.0
L201509,4012,5,4,43,suburbs,yes,703600.0
L201510,3962,4,4,39,suburbs,yes,688400.0
L201511,2463,4,4,56,suburbs,no,434100.0
L201512,1820,3,2,73,suburbs,yes,273400.0
L201513,1245,1,1,6,suburbs,yes,238000.0
L201514,995,1,1,4,downtown,yes,302000.0
L201515,3824,4,3,65,suburbs,no,623000.0
L201516,4499,5,4,72,downtown,yes,788400.0
L201517,3108,4,4,26,downtown,yes,609600.0
L201518,4387,5,4,15,downtown,yes,827500.0
L201519,1799,2,1,23,downtown,yes,382900.0
L201520,3551,5,4,38,rural,yes,595800.0
L201521,2148,2,2,0,rural,yes,381000.0
L201522,2107,2,1,10,suburbs,no,350500.0
L201523,3096,4,3,2,suburbs,no,576800.0
L201524,1124,1,1,56,suburbs,yes,194400.0
L201525,2207,1,1,35,rural,yes,349200.0
L201526,2230,2,2,79,suburbs,yes,357600.0
L201527,2279,3,3,35,downtown,yes,517600.0
L201528,3409,4,4,24,rural,yes,590600.0
L201529,1684,2,1,24,suburbs,yes,324700.0
L201530,1194,1,1,73,waterfront,yes,324000.0
L201531,2982,4,4,15,rural,yes,576600.0
L201532,665,1,1,58,suburbs,no,116600.0
L201533,4453,5,4,70,waterfront,yes,852500.0
L201534,4125,4,3,77,downtown,yes,718500.0
L201535,2093,3,3,6,suburbs,yes,367100.0
L201536,3329,3,2,53,suburbs,yes,545000.0
L201537,2623,3,2,64,rural,yes,430400.0
L201538,3305,3,3,54,suburbs,yes,560400.0
L201539,1455,2,2,67,downtown,yes,354900.0
L201540,4294,5,4,75,downtown,yes,781800.0
L201541,4037,4,3,70,suburbs,yes,661700.0
L201542,2630,3,3,58,suburbs,yes,472000.0
L201543,4022,5,4,15,suburbs,no,706200.0
L201544,1840,2,2,67,suburbs,no,289000.0
L201545,3663,4,4,54,suburbs,yes,615400.0
L201546,4146,4,3,22,downtown,yes,703300.0
L201547,3314,4,4,51,downtown,no,657000.0
L201548,4444,5,4,13,rural,yes,737800.0
L201549,1435,1,1,66,suburbs,yes,208000.0
L201550,679,1,1,51,suburbs,no,116100.0
L201551,2653,2,1,51,suburbs,yes,472500.0
L201552,1889,2,2,20,downtown,yes,417300.0
L201553,3092,2,1,12,downtown,no,572700.0
L201554,2013,3,2,34,rural,yes,395800.0
L201555,3988,4,3,27,downtown,yes,757600.0
L201556,1033,1,1,68,downtown,yes,229000.0
L201557,4358,4,3,78,suburbs,no,630200.0
L201558,1464,1,1,50,rural,no,221900.0
L201559,1874,1,1,63,suburbs,yes,281000.0
L201560,695,1,1,75,suburbs,yes,139800.0
L201561,3246,4,3,58,waterfront,yes,666800.0
L201562,3316,4,3,28,rural,yes,562100.0
L201563,4224,4,4,18,suburbs,yes,748400.0
L201564,1016,1,1,22,downtown,no,212400.0
L201565,2481,2,1,25,suburbs,no,413600.0
L201566,4061,4,4,17,waterfront,no,808500.0
L201567,717,1,1,54,suburbs,yes,150400.0
L201568,2877,3,2,78,waterfront,yes,592000.0
L201569,1496,2,1,20,suburbs,no,280200.0
L201570,1989,2,1,34,downtown,no,378100.0
L201571,3547,4,4,75,suburbs,yes,557300.0
L201572,3754,5,4,73,waterfront,yes,708500.0
L201573,622,1,1,2,downtown,no,219500.0
L201574,3137,4,3,27,suburbs,yes,570700.0
L201575,2137,3,3,27,suburbs,no,382000.0
L201576,3536,4,4,23,suburbs,yes,646400.0
L201577,3881,4,4,75,suburbs,yes,629500.0
L201578,4023,4,3,61,suburbs,yes,652300.0
L201579,998,1,1,5,waterfront,yes,305800.0
L201580,3749,4,3,49,suburbs,no,599600.0
L201581,4361,4,3,46,rural,yes,706800.0
L201582,3638,3,2,41,downtown,yes,690500.0
L201583,2070,2,2,57,suburbs,yes,346400.0
L201584,3446,5,4,35,downtown,yes,697100.0
L201585,864,2,2,56,downtown,yes,278500.0
L201586,2072,3,3,37,suburbs,yes,365000.0
L201587,3814,5,4,75,suburbs,yes,642900.0
L201588,3142,4,4,66,downtown,yes,600800.0
L201589,1634,1,1,4,rural,no,293400.0
L201590,2806,3,3,12,suburbs,yes,490400.0
L201591,606,1,1,31,waterfront,yes,273900.0
L201592,4357,4,3,4,rural,yes,710300.0
L201593,2747,3,2,5,suburbs,yes,510200.0
L201594,2553,3,3,0,suburbs,no,501000.0
L201595,1900,1,1,71,waterfront,yes,452100.0
L201596,1465,2,2,39,suburbs,no,296700.0
L201597,1881,1,1,62,suburbs,yes,275000.0
L201598,2385,3,3,65,suburbs,yes,398100.0
L201599,2260,2,2,13,downtown,yes,498200.0
L201600,2217,4,4,53,rural,yes,402100.0
L201601,2581,4,4,49,downtown,yes,524600.0
L201602,2427,3,3,79,downtown,no,426700.0
L201603,1808,1,1,69,suburbs,no,171300.0
L201604,2866,2,1,48,rural,yes,391000.0
L201605,1560,1,1,54,waterfront,no,358600.0
L201606,4297,6,4,40,suburbs,yes,735300.0
L201607,3201,3,2,46,suburbs,no,525600.0
L201608,1696,2,2,46,suburbs,no,307700.0
L201609,3301,3,2,70,downtown,no,626600.0
L201610,4379,4,4,70,downtown,yes,746800.0
L201611,3582,4,4,17,rural,yes,558100.0
L201612,3640,4,3,1,rural,yes,595600.0
L201613,1450,1,1,20,downtown,yes,374900.0
L201614,1313,1,1,37,suburbs,yes,240500.0
L201615,2789,3,2,17,waterfront,no,626200.0
L201616,1693,2,2,32,suburbs,yes,304300.0
L201617,1069,1,1,34,suburbs,yes,195900.0
L201618,4146,5,4,76,downtown,yes,697800.0
L201619,1946,1,1,35,suburbs,yes,322200.0
L201620,3725,4,4,14,suburbs,yes,659600.0
L201621,3453,4,3,32,suburbs,no,604500.0
L201622,1159,1,1,2,suburbs,no,245700.0
L201623,1331,2,1,2,suburbs,yes,332400.0
L201624,2879,2,1,50,suburbs,yes,457200.0
L201625,3032,3,3,20,suburbs,yes,542500.0
L201626,1680,1,1,50,downtown,yes,340800.0
L201627,1198,1,1,2,suburbs,yes,234700.0
L201628,3056,3,3,25,suburbs,yes,546100.0
L201629,1520,2,1,45,downtown,yes,327900.0
L201630,1276,1,1,43,waterfront,yes,391800.0
L201631,2075,3,3,47,suburbs,yes,361200.0
L201632,1972,2,2,47,rural,no,292000.0
L201633,2168,1,1,25,waterfront,no,443400.0
L201634,2115,3,3,28,downtown,yes,470200.0
L201635,2806,2,1,32,downtown,yes,492100.0
L201636,2697,3,2,33,downtown,yes,530000.0
L201637,745,1,1,62,rural,no,66500.0
L201638,1533,2,1,11,suburbs,no,264200.0
L201639,2567,3,3,44,suburbs,yes,433100.0
L201640,3438,4,4,61,downtown,yes,659800.0
L201641,718,1,1,27,downtown,no,207600.0
L201642,3756,4,4,31,suburbs,yes,647000.0
L201643,967,1,1,54,suburbs,no,177200.0
L201644,3095,3,3,51,suburbs,yes,504000.0
L201645,1453,2,1,44,downtown,yes,277100.0
L201646,4122,4,4,34,rural,yes,641400.0
L201647,3302,3,3,3,rural,yes,550700.0
L201648,3682,3,3,12,suburbs,yes,632700.0
L201649,3764,5,4,38,suburbs,yes,671500.0
L201650,771,1,1,56,rural,no,100500.0
L201651,3902,3,3,16,suburbs,yes,686900.0
L201652,930,2,2,33,downtown,yes,279800.0
L201653,2716,3,2,19,suburbs,yes,448800.0
L201654,3173,3,2,14,downtown,no,533300.0
L201655,4109,5,4,71,downtown,yes,714300.0
L201656,3415,4,3,74,rural,yes,532300.0
L201657,3376,3,3,78,rural,yes,517500.0
L201658,4374,5,4,71,suburbs,yes,713900.0
L201659,663,1,1,32,rural,no,111200.0
L201660,612,3,2,58,waterfront,yes,311300.0
L201661,1342,1,1,22,suburbs,yes,256600.0
L201662,1524,1,1,46,waterfront,yes,391300.0
L201663,2549,4,4,20,waterfront,yes,649800.0
L201664,3843,4,3,50,downtown,no,637700.0
L201665,2131,3,3,33,waterfront,yes,562700.0
L201666,4076,5,4,28,waterfront,no,750300.0
L201667,3099,2,2,6,downtown,yes,575400.0
L201668,2411,1,1,21,suburbs,yes,392800.0
L201669,3693,5,4,35,downtown,no,654200.0
L201670,2486,2,2,47,suburbs,no,398300.0
L201671,766,2,1,66,suburbs,yes,151200.0
L201672,3929,5,4,59,downtown,no,727400.0
L201673,1117,1,1,43,suburbs,yes,225700.0
L201674,2393,2,1,39,suburbs,no,391200.0
L201675,1207,3,3,37,downtown,yes,355300.0
L201676,3670,4,3,71,suburbs,yes,613100.0
L201677,3085,3,3,67,waterfront,no,603200.0
L201678,4300,5,4,31,downtown,yes,801200.0
L201679,3979,4,3,45,suburbs,yes,645200.0
L201680,1621,1,1,30,downtown,no,303300.0
L201681,1584,2,2,45,downtown,yes,363500.0
L201682,1670,2,2,34,suburbs,no,261100.0
L201683,1199,3,3,68,downtown,yes,296800.0
L201684,4260,6,4,56,suburbs,yes,667100.0
L201685,922,1,1,13,downtown,yes,266500.0
L201686,2254,3,2,2,rural,yes,384800.0
L201687,1698,1,1,76,downtown,yes,337100.0
L201688,661,1,1,28,waterfront,yes,270600.0
L201689,3840,4,3,12,suburbs,no,649800.0
L201690,2559,2,1,59,downtown,yes,470400.0
L201691,4022,4,3,37,downtown,yes,718200.0
L201692,3005,2,1,44,suburbs,no,454300.0
L201693,2533,4,4,50,waterfront,yes,569500.0
L201694,1554,2,1,24,suburbs,no,278200.0
L201695,2905,3,3,45,suburbs,yes,484800.0
L201696,3436,3,2,52,rural,no,524700.0
L201697,708,2,1,49,downtown,no,158700.0
L201698,1508,2,2,72,suburbs,yes,223000.0
L201699,2010,2,1,31,downtown,yes,461800.0
L201700,1066,1,1,40,rural,yes,162400.0
L201701,928,1,1,60,rural,yes,112600.0
L201702,1572,1,1,59,downtown,yes,318200.0
L201703,1929,2,1,79,downtown,yes,384000.0
L201704,2682,3,3,15,suburbs,yes,507500.0
L201705,3773,5,4,73,suburbs,no,597100.0
L201706,3937,4,4,37,suburbs,yes,657800.0
L201707,2088,2,1,17,suburbs,no,353400.0
L201708,2664,3,2,23,downtown,no,526300.0
L201709,655,1,1,28,suburbs,yes,156400.0
L201710,3911,5,4,79,downtown,yes,682400.0
L201711,1515,1,1,8,suburbs,yes,279000.0
L201712,850,2,2,17,suburbs,no,190800.0
L201713,2949,2,2,57,suburbs,no,496300.0
L201714,2053,3,3,75,rural,yes,321000.0
L201715,2203,2,2,6,suburbs,no,478300.0
L201716,2297,3,2,32,suburbs,yes,408200.0
L201717,3049,4,4,32,rural,yes,478200.0
L201718,3726,4,4,39,suburbs,yes,648200.0
L201719,2829,3,3,61,rural,no,456400.0
L201720,2981,3,3,41,rural,yes,494400.0
L201721,3753,4,4,11,suburbs,no,655500.0
L201722,3661,5,4,19,downtown,yes,708800.0
L201723,1272,1,1,59,downtown,yes,269800.0
L201724,1920,1,1,19,suburbs,no,266400.0
L201725,2525,3,2,39,downtown,yes,522800.0
L201726,4242,5,4,30,suburbs,yes,721400.0
L201727,2966,3,3,35,downtown,no,588900.0
L201728,3773,4,4,59,downtown,yes,676700.0
L201729,3700,3,3,19,suburbs,yes,629500.0
L201730,4170,4,4,56,downtown,yes,779200.0
L201731,2621,3,3,60,downtown,no,525300.0
L201732,1624,1,1,79,suburbs,yes,271200.0
L201733,2203,3,3,36,waterfront,yes,480800.0
L201734,625,1,1,7,suburbs,no,121000.0
L201735,3266,5,4,53,waterfront,yes,713400.0
L201736,3000,4,4,60,downtown,yes,563500.0
L201737,1243,1,1,2,rural,yes,230300.0
L201738,2521,2,2,15,suburbs,no,438100.0
L201739,3392,3,3,27,suburbs,yes,587700.0
L201740,3637,5,4,40,suburbs,yes,611800.0
L201741,3626,4,4,41,rural,yes,619400.0
L201742,980,2,2,15,downtown,yes,279100.0
L201743,2057,2,2,15,suburbs,yes,397700.0
L201744,2922,4,4,74,rural,yes,463700.0
L201745,1010,1,1,57,suburbs,yes,229800.0
L201746,1375,2,2,40,suburbs,yes,303700.0
L201747,4277,4,4,26,downtown,yes,840300.0
L201748,2606,2,2,37,downtown,yes,543600.0
L201749,2855,5,4,77,suburbs,yes,495700.0
L201750,1217,1,1,24,suburbs,no,208800.0
L201751,3072,3,3,26,downtown,yes,568900.0
L201752,4158,3,2,35,rural,yes,649800.0
L201753,4343,5,4,15,suburbs,yes,757600.0
L201754,1314,2,2,8,downtown,yes,343500.0
L201755,1465,1,1,71,downtown,no,258600.0
L201756,2842,4,3,54,rural,no,458700.0
L201757,4058,5,4,26,waterfront,yes,818800.0
L201758,621,1,1,45,waterfront,yes,244900.0
L201759,1478,1,1,39,suburbs,yes,265800.0
L201760,1210,1,1,7,waterfront,yes,367900.0
L201761,3679,5,4,60,downtown,yes,652400.0
L201762,2547,3,3,8,downtown,yes,518500.0
L201763,3386,4,4,45,downtown,yes,660400.0
L201764,759,1,1,23,suburbs,yes,172700.0
L201765,1115,1,1,34,downtown,yes,226300.0
L201766,2716,4,3,37,suburbs,yes,508100.0
L201767,2237,4,3,34,downtown,yes,484700.0
L201768,1318,2,2,17,suburbs,yes,251400.0
L201769,1617,2,2,6,rural,yes,281900.0
L201770,3433,4,3,10,suburbs,yes,616800.0
L201771,653,1,1,58,suburbs,yes,75800.0
L201772,3986,4,3,7,downtown,no,748000.0
L201773,1221,1,1,40,downtown,yes,309600.0
L201774,3558,5,4,24,suburbs,yes,662200.0
L201775,3055,3,3,55,downtown,yes,600600.0
L201776,847,1,1,50,rural,yes,115100.0
L201777,3581,4,3,14,waterfront,no,761000.0
L201778,2535,3,3,54,downtown,yes,506500.0
L201779,1774,2,2,52,downtown,yes,352900.0
L201780,1033,2,1,22,downtown,yes,296700.0
L201781,1050,1,1,67,rural,yes,160300.0
L201782,2195,3,3,35,downtown,yes,505800.0
L201783,1748,1,1,2,suburbs,no,344000.0
L201784,3874,4,3,50,suburbs,yes,625100.0
L201785,2717,2,2,36,suburbs,no,452100.0
L201786,760,1,1,28,suburbs,yes,178200.0
L201787,4020,4,4,36,suburbs,yes,689300.0
L201788,1581,2,1,78,rural,yes,219300.0
L201789,2965,4,3,31,downtown,no,619200.0
L201790,3823,4,3,55,suburbs,yes,615600.0
L201791,3204,5,4,68,waterfront,yes,716800.0
L201792,2183,3,3,46,downtown,yes,421200.0
L201793,629,1,1,71,suburbs,yes,107700.0
L201794,1517,2,1,39,suburbs,yes,298300.0
L201795,2820,3,2,18,downtown,yes,533100.0
L201796,4302,5,4,39,suburbs,no,698700.0
L201797,739,1,1,9,downtown,yes,255600.0
L201798,1207,2,2,23,rural,yes,184400.0
L201799,1997,1,1,16,suburbs,yes,380400.0
L201800,3675,4,4,6,suburbs,yes,695700.0
L201801,4305,6,4,12,suburbs,yes,804100.0
L201802,1294,2,1,67,suburbs,yes,233700.0
L201803,2863,2,1,68,downtown,no,478700.0
L201804,4355,4,3,72,downtown,yes,743000.0
L201805,4494,5,4,1,downtown,no,841500.0
L201806,3665,2,1,77,rural,no,507700.0
L201807,3636,4,4,27,suburbs,yes,626900.0
L201808,1678,3,2,32,downtown,yes,427900.0
L201809,1807,3,2,14,suburbs,no,339600.0
L201810,4436,5,4,75,suburbs,no,743000.0
L201811,3028,4,4,79,suburbs,yes,512200.0
L201812,1046,1,1,56,suburbs,no,173600.0
L201813,869,1,1,6,downtown,yes,275800.0
L201814,3952,5,4,33,downtown,yes,760500.0
L201815,1105,2,2,22,rural,no,195500.0
L201816,3327,4,4,73,suburbs,yes,570500.0
L201817,1854,2,1,52,suburbs,no,318100.0
L201818,1278,2,1,77,downtown,yes,316700.0
L201819,1045,2,2,66,waterfront,yes,322300.0
L201820,2730,4,3,42,downtown,no,514100.0
L201821,3734,5,4,22,suburbs,yes,649200.0
L201822,646,1,1,62,suburbs,no,171000.0
L201823,3344,4,3,55,downtown,no,562200.0
L201824,2835,4,3,62,downtown,no,502600.0
L201825,3697,5,4,74,suburbs,no,605000.0
L201826,2870,4,3,48,suburbs,no,473000.0
L201827,1091,2,2,53,waterfront,yes,357800.0
L201828,2193,1,1,33,suburbs,yes,384900.0
L201829,4449,5,4,39,waterfront,yes,859300.0
L201830,3815,5,4,10,suburbs,yes,724700.0
L201831,1970,3,3,15,suburbs,no,349200.0
L201832,4229,6,4,79,waterfront,yes,803400.0
L201833,628,1,1,14,rural,no,157000.0
L201834,2681,4,3,5,downtown,yes,538700.0
L201835,3618,5,4,63,suburbs,yes,625800.0
L201836,3228,3,3,10,downtown,yes,671100.0
L201837,1297,1,1,36,waterfront,yes,293800.0
L201838,1168,1,1,29,suburbs,yes,217900.0
L201839,3499,4,3,33,suburbs,yes,627100.0
L201840,4492,5,4,31,waterfront,no,863300.0
L201841,3580,4,4,2,suburbs,no,635100.0
L201842,3945,5,4,21,suburbs,no,686200.0
L201843,4150,4,3,51,suburbs,no,673000.0
L201844,4301,6,4,6,downtown,no,795200.0
L201845,3680,5,4,21,downtown,yes,738600.0
L201846,3634,3,3,71,suburbs,yes,586300.0
L201847,3679,4,4,52,downtown,yes,653800.0
L201848,1859,3,2,41,waterfront,yes,454800.0
L201849,2707,3,3,43,suburbs,no,422300.0
L201850,1464,1,1,77,suburbs,no,219700.0
L201851,2670,4,4,3,downtown,yes,592700.0
L201852,2593,2,2,70,suburbs,yes,419300.0
L201853,867,1,1,38,suburbs,yes,190700.0
L201854,922,1,1,39,waterfront,no,292200.0
L201855,4307,5,4,18,downtown,yes,828600.0
L201856,2752,3,3,31,downtown,yes,545300.0
L201857,727,1,1,43,downtown,yes,230900.0
L201858,2042,2,1,20,suburbs,no,320700.0
L201859,4076,4,4,27,downtown,yes,723100.0
L201860,3438,4,3,79,downtown,yes,620300.0
L201861,3811,3,3,65,suburbs,yes,626700.0
L201862,3040,5,4,48,rural,yes,511300.0
L201863,3331,4,4,23,suburbs,yes,612900.0
L201864,1561,1,1,67,suburbs,yes,258700.0
L201865,3883,4,3,68,suburbs,yes,578000.0
L201866,3460,4,4,78,downtown,yes,689100.0
L201867,1533,2,1,53,suburbs,yes,238800.0
L201868,1813,1,1,17,downtown,yes,362600.0
L201869,3591,4,3,30,suburbs,yes,647500.0
L201870,1569,2,1,73,suburbs,no,244800.0
L201871,3209,5,4,8,suburbs,yes,584700.0
L201872,2232,3,2,63,suburbs,yes,369300.0
L201873,1719,3,3,40,rural,yes,284600.0
L201874,1215,1,1,36,suburbs,no,192300.0
L201875,3414,5,4,12,suburbs,no,634100.0
L201876,1868,3,2,75,waterfront,yes,428100.0
L201877,2769,4,3,16,suburbs,yes,488100.0
L201878,1613,2,2,47,suburbs,yes,276200.0
L201879,1174,1,1,44,suburbs,yes,211300.0
L201880,684,2,2,31,waterfront,yes,279200.0
L201881,4263,5,4,11,suburbs,yes,741300.0
L201882,1773,2,2,12,suburbs,yes,354300.0
L201883,2846,4,3,50,rural,yes,456400.0
L201884,2420,2,2,58,waterfront,yes,497900.0
L201885,2042,2,2,19,rural,yes,330300.0
L201886,3835,4,4,61,downtown,yes,731900.0
L201887,4152,5,4,54,suburbs,no,738500.0
L201888,1303,1,1,16,suburbs,yes,256800.0
L201889,720,2,1,30,suburbs,yes,192900.0
L201890,1876,2,2,29,suburbs,no,307900.0
L201891,1001,1,1,44,downtown,yes,236200.0
L201892,714,1,1,4,suburbs,yes,194000.0
L201893,3739,5,4,76,downtown,yes,624600.0
L201894,892,2,2,44,rural,yes,186000.0
L201895,874,1,1,54,suburbs,yes,151000.0
L201896,1988,3,3,48,downtown,no,386000.0
L201897,2815,3,2,31,suburbs,yes,498000.0
L201898,2549,2,1,67,suburbs,no,422300.0
L201899,3508,3,3,25,suburbs,yes,591300.0
L201900,3518,3,2,2,rural,yes,587200.0
L201901,664,1,1,44,rural,yes,125100.0
L201902,3576,5,4,9,downtown,yes,720400.0
L201903,766,1,1,65,downtown,no,161300.0
L201904,4164,5,4,2,downtown,yes,807900.0
L201905,1793,1,1,16,downtown,yes,388800.0
L201906,4140,6,4,75,suburbs,no,609400.0
L201907,4496,4,4,21,downtown,yes,843100.0
L201908,995,1,1,41,suburbs,no,139900.0
L201909,2085,3,2,69,suburbs,yes,358900.0
L201910,1037,1,1,19,suburbs,yes,253900.0
L201911,4377,4,3,24,waterfront,yes,847500.0
L201912,2537,3,3,1,suburbs,yes,456200.0
L201913,3866,3,2,64,downtown,no,668000.0
L201914,2898,4,4,7,suburbs,yes,584200.0
L201915,3906,5,4,78,downtown,yes,677700.0
L201916,2931,3,2,57,suburbs,no,409700.0
L201917,789,1,1,25,suburbs,yes,206000.0
L201918,2496,2,1,38,waterfront,yes,558400.0
L201919,3153,3,2,41,downtown,no,582200.0
L201920,4426,6,4,58,downtown,yes,761200.0
L201921,3848,4,4,29,downtown,yes,739500.0
L201922,2584,3,3,21,suburbs,yes,498800.0
L201923,3743,4,3,10,waterfront,yes,829900.0
L201924,4247,6,4,35,suburbs,yes,732500.0
L201925,4016,4,3,38,suburbs,yes,675800.0
L201926,4453,6,4,49,downtown,yes,763400.0
L201927,2001,2,2,66,suburbs,yes,358500.0
L201928,2331,2,1,16,downtown,yes,495100.0
L201929,655,1,1,17,downtown,no,219200.0
L201930,1121,1,1,23,suburbs,no,239200.0
L201931,3784,5,4,13,downtown,yes,720800.0
L201932,1871,1,1,11,downtown,yes,393700.0
L201933,2311,3,3,63,downtown,no,441700.0
L201934,1998,2,2,56,downtown,yes,429400.0
L201935,4214,4,3,66,suburbs,yes,705200.0
L201936,4064,4,4,46,downtown,yes,749100.0
L201937,3483,4,3,65,suburbs,yes,582300.0
L201938,4350,4,4,35,suburbs,no,728800.0
L201939,2732,3,3,70,suburbs,no,431100.0
L201940,1261,1,1,45,downtown,yes,320600.0
L201941,3075,3,3,2,suburbs,yes,545600.0
L201942,678,1,1,13,suburbs,no,166300.0
L201943,2237,1,1,41,suburbs,yes,351500.0
L201944,3839,4,3,65,suburbs,no,634100.0
L201945,1302,1,1,11,rural,yes,227000.0
L201946,2778,3,3,60,suburbs,yes,520600.0
L201947,3631,4,3,71,rural,no,543400.0
L201948,3529,3,3,14,suburbs,yes,634300.0
L201949,2908,3,3,44,waterfront,yes,604200.0
L201950,1893,1,1,70,rural,yes,257300.0
L201951,1543,3,3,24,downtown,yes,383800.0
L201952,1218,2,1,31,suburbs,no,237500.0
L201953,3472,5,4,35,downtown,yes,660400.0
L201954,1632,1,1,37,waterfront,yes,390600.0
L201955,3134,4,3,26,suburbs,no,545200.0
L201956,789,1,1,42,suburbs,no,157800.0
L201957,1737,1,1,21,downtown,yes,371500.0
L201958,2104,2,1,63,rural,no,292700.0
L201959,3614,4,4,54,waterfront,yes,698600.0
L201960,986,1,1,13,suburbs,no,211100.0
L201961,2434,3,2,68,downtown,yes,486400.0
L201962,2408,3,2,21,suburbs,no,448300.0
L201963,1853,2,2,42,downtown,no,381600.0
L201964,3716,5,4,74,waterfront,no,712000.0
L201965,4423,5,4,54,suburbs,yes,729000.0
L201966,785,1,1,75,suburbs,no,124800.0
L201967,4236,5,4,48,downtown,yes,775200.0
L201968,4097,4,4,64,waterfront,yes,770300.0
L201969,3885,3,2,37,suburbs,no,576200.0
L201970,1080,1,1,13,waterfront,no,317900.0
L201971,2112,4,3,14,suburbs,yes,417600.0
L201972,3158,2,2,47,suburbs,yes,519200.0
L201973,1396,2,1,11,downtown,yes,334400.0
L201974,1538,2,2,35,rural,yes,258000.0
L201975,2796,4,3,37,downtown,yes,564600.0
L201976,3895,5,4,6,suburbs,no,725700.0
L201977,1234,3,2,67,suburbs,yes,234000.0
L201978,640,1,1,6,downtown,yes,192100.0
L201979,4484,6,4,25,rural,yes,733600.0
L201980,2243,3,3,68,rural,yes,402800.0
L201981,897,2,2,3,suburbs,yes,266000.0
L201982,4351,5,4,7,suburbs,no,773000.0
L201983,1666,2,2,67,downtown,yes,364200.0
L201984,1040,1,1,21,suburbs,yes,232600.0
L201985,3207,4,4,72,rural,yes,504400.0
L201986,3566,4,3,12,downtown,no,696300.0
L201987,1093,1,1,13,waterfront,yes,371300.0
L201988,3433,4,4,46,suburbs,yes,613900.0
L201989,2073,3,3,76,downtown,no,387500.0
L201990,1844,1,1,60,suburbs,yes,288000.0
L201991,3200,3,3,48,suburbs,yes,521600.0
L201992,835,2,1,21,waterfront,no,328000.0
L201993,1255,2,2,5,suburbs,yes,286300.0
L201994,3849,4,3,62,suburbs,no,624100.0
L201995,4443,5,4,9,waterfront,yes,910200.0
L201996,4129,5,4,13,downtown,yes,753400.0
L201997,3654,5,4,35,suburbs,yes,666600.0
L201998,1098,1,1,28,rural,yes,173800.0
L201999,1804,2,1,69,suburbs,yes,284100.0
L202000,3906,5,4,19,downtown,yes,731700.0
L202001,3381,3,2,52,rural,yes,522700.0
L202002,3849,4,3,36,downtown,yes,708400.0
L202003,2202,3,3,19,suburbs,yes,386300.0
L202004,2850,4,3,78,rural,yes,401900.0
L202005,3473,3,3,63,downtown,yes,618800.0
L202006,3655,4,4,58,rural,no,589600.0
L202007,3430,4,4,36,rural,no,573300.0
L202008,753,1,1,16,suburbs,yes,203600.0
L202009,1389,2,2,51,downtown,yes,315700.0
L202010,2535,3,3,77,rural,yes,382500.0
L202011,3326,4,4,21,suburbs,yes,595100.0
L202012,4371,4,4,54,suburbs,yes,737900.0
L202013,1773,2,1,68,downtown,no,377100.0
L202014,3623,5,4,36,downtown,no,672900.0
L202015,3190,3,3,6,suburbs,yes,563200.0
L202016,1645,1,1,73,rural,yes,228700.0
L202017,1275,1,1,8,suburbs,yes,251500.0
L202018,3031,3,3,61,downtown,yes,549000.0
L202019,1879,3,2,38,waterfront,no,453500.0
L202020,1428,1,1,58,suburbs,yes,219800.0
L202021,1452,1,1,56,downtown,yes,322600.0
L202022,1466,2,1,16,waterfront,yes,447300.0
L202023,956,1,1,7,suburbs,yes,207100.0
L202024,1338,2,1,10,suburbs,yes,318900.0
L202025,4405,5,4,16,rural,yes,732200.0
L202026,1340,2,2,69,downtown,yes,282000.0
L202027,2194,1,1,6,suburbs,yes,405500.0
L202028,2547,3,3,54,rural,no,373300.0
L202029,3338,4,3,30,downtown,yes,658900.0
L202030,1808,2,2,65,rural,yes,284500.0
L202031,3824,3,2,47,downtown,yes,666700.0
L202032,3634,4,4,61,rural,no,551200.0
L202033,2583,3,2,66,suburbs,yes,406000.0
L202034,4087,4,4,72,suburbs,no,674400.0
L202035,1958,2,1,64,suburbs,no,300400.0
L202036,2501,3,3,30,downtown,yes,521900.0
L202037,2933,4,4,73,downtown,no,545900.0
L202038,1346,2,1,28,suburbs,yes,258700.0
L202039,919,1,1,46,rural,yes,156000.0
L202040,4492,5,4,18,downtown,yes,848300.0
L202041,789,1,1,64,rural,yes,118700.0
L202042,783,1,1,8,suburbs,yes,184500.0
L202043,995,1,1,76,suburbs,yes,137300.0
L202044,2743,4,3,38,suburbs,yes,478500.0
L202045,1646,2,2,67,suburbs,yes,276200.0
L202046,1456,1,1,39,suburbs,yes,259000.0
L202047,3955,4,3,11,downtown,yes,701400.0
L202048,4256,5,4,9,downtown,yes,825100.0
L202049,4016,4,3,70,suburbs,yes,654300.0
L202050,1867,1,1,48,suburbs,yes,294400.0
L202051,932,2,1,11,downtown,no,241800.0
L202052,4336,4,4,29,suburbs,yes,715700.0
L202053,2728,2,1,45,downtown,yes,470800.0
L202054,4393,5,4,36,suburbs,yes,738700.0
L202055,1252,1,1,5,suburbs,yes,252800.0
L202056,4277,5,4,40,waterfront,no,855700.0
L202057,1807,3,3,13,downtown,yes,442400.0
L202058,3691,3,2,24,downtown,yes,707700.0
L202059,1029,2,2,53,suburbs,yes,211500.0
L202060,3490,3,2,54,suburbs,yes,541600.0
L202061,2446,3,3,6,suburbs,yes,509200.0
L202062,4315,6,4,40,suburbs,yes,737100.0
L202063,1176,1,1,20,downtown,yes,256000.0
L202064,1472,2,1,35,waterfront,yes,401600.0
L202065,3081,4,4,64,suburbs,yes,489400.0
L202066,3758,4,4,32,rural,yes,617400.0
L202067,4064,4,3,46,suburbs,yes,660300.0
L202068,1042,1,1,1,rural,yes,214200.0
L202069,627,1,1,39,rural,yes,136400.0
L202070,2011,2,2,61,downtown,no,376600.0
L202071,980,2,1,51,downtown,yes,244500.0
L202072,2167,2,1,77,downtown,yes,418700.0
L202073,2459,3,3,62,rural,yes,373500.0
L202074,4481,6,4,10,downtown,no,839000.0
L202075,730,1,1,4,suburbs,no,183500.0
L202076,1851,2,1,23,suburbs,no,304000.0
L202077,1920,2,2,65,suburbs,yes,316300.0
L202078,2763,1,1,67,suburbs,yes,421700.0
L202079,1849,2,2,58,suburbs,no,337700.0
L202080,3070,4,3,56,suburbs,no,479800.0
L202081,3911,5,4,53,downtown,no,707400.0
L202082,3243,4,4,24,downtown,no,662700.0
L202083,3176,3,2,54,rural,yes,514700.0
L202084,1068,2,1,51,waterfront,yes,319800.0
L202085,4059,6,4,6,rural,yes,704700.0
L202086,2780,4,3,73,suburbs,yes,482300.0
L202087,1243,2,1,60,downtown,yes,296000.0
L202088,3075,4,4,17,suburbs,yes,600400.0
L202089,2498,2,2,23,downtown,no,511600.0
L202090,4123,5,4,54,waterfront,yes,780500.0
L202091,3125,3,2,19,rural,yes,471400.0
L202092,4333,4,3,64,waterfront,yes,801800.0
L202093,4401,5,4,37,rural,yes,671200.0
L202094,1516,3,3,7,suburbs,no,352500.0
L202095,1738,2,1,55,suburbs,no,244900.0
L202096,1421,1,1,74,rural,yes,188300.0
L202097,1499,1,1,26,suburbs,no,238300.0
L202098,3266,4,3,76,rural,yes,466800.0
L202099,4301,4,3,57,suburbs,yes,726100.0
L202100,2508,1,1,58,suburbs,yes,376300.0
L202101,3752,3,3,28,suburbs,no,663600.0
L202102,3499,4,3,41,downtown,yes,692200.0
L202103,1617,2,2,17,suburbs,yes,319700.0
L202104,3909,4,4,48,downtown,yes,665500.0
L202105,2467,3,3,68,suburbs,no,395500.0
L202106,641,1,1,51,suburbs,no,177100.0
L202107,3390,3,3,69,downtown,no,603100.0
L202108,4027,4,4,12,rural,yes,669000.0
L202109,1556,1,1,48,downtown,yes,310200.0
L202110,1635,2,1,23,suburbs,yes,330700.0
L202111,3456,3,3,45,downtown,yes,645100.0
L202112,4380,4,4,8,suburbs,no,747900.0
L202113,1614,2,1,30,suburbs,yes,328400.0
L202114,2278,3,3,29,rural,yes,420800.0
L202115,3248,4,3,42,suburbs,yes,572100.0
L202116,3924,5,4,59,suburbs,yes,623500.0
L202117,731,1,1,45,suburbs,yes,127800.0
L202118,1379,2,1,70,suburbs,no,204600.0
L202119,4086,4,4,22,suburbs,no,687500.0
L202120,2648,2,2,29,suburbs,yes,492000.0
L202121,3556,3,2,37,suburbs,yes,638600.0
L202122,846,2,2,49,suburbs,yes,196000.0
L202123,954,1,1,67,waterfront,yes,299700.0
L202124,3465,3,2,47,downtown,yes,588700.0
L202125,2066,3,3,76,downtown,yes,405900.0
L202126,4274,5,4,37,suburbs,no,700900.0
L202127,2280,3,2,42,suburbs,no,373700.0
L202128,3888,4,4,55,downtown,yes,723800.0
L202129,2719,2,1,11,downtown,yes,518600.0
L202130,3253,4,4,12,waterfront,yes,667400.0
L202131,3149,4,4,26,suburbs,no,575100.0
L202132,1063,1,1,5,suburbs,no,245900.0
L202133,3698,5,4,33,downtown,no,704500.0
L202134,4437,6,4,27,downtown,yes,828400.0
L202135,2109,3,2,49,downtown,no,397600.0
L202136,1941,1,1,77,downtown,yes,335200.0
L202137,2929,2,1,45,suburbs,yes,498800.0
L202138,3067,4,3,76,downtown,yes,549900.0
L202139,2094,1,1,48,suburbs,yes,391100.0
L202140,1664,2,2,50,downtown,yes,383700.0
L202141,4388,5,4,66,waterfront,yes,851000.0
L202142,3826,4,3,46,downtown,yes,766700.0
L202143,2830,3,3,77,downtown,yes,554500.0
L202144,2075,3,2,50,rural,yes,328700.0
L202145,1973,2,1,26,rural,yes,297800.0
L202146,2123,3,2,34,suburbs,yes,378400.0
L202147,2912,4,4,51,suburbs,yes,513300.0
L202148,617,1,1,23,rural,yes,105000.0
L202149,3162,3,3,58,suburbs,no,481200.0
L202150,2843,3,2,0,suburbs,yes,522900.0
L202151,1163,3,2,58,suburbs,yes,257600.0
L202152,1577,1,1,1,downtown,yes,412400.0
L202153,1681,3,2,13,downtown,yes,405900.0
L202154,4195,3,3,77,downtown,yes,728800.0
L202155,4245,4,4,66,downtown,no,689200.0
L202156,3654,4,4,59,waterfront,no,739800.0
L202157,3258,4,4,74,rural,yes,490700.0
L202158,4313,5,4,55,downtown,yes,788400.0
L202159,3464,5,4,8,downtown,yes,698500.0
L202160,2120,2,1,67,suburbs,no,320200.0
L202161,1998,2,2,18,suburbs,no,320200.0
L202162,3180,3,3,48,rural,yes,485900.0
L202163,2193,4,3,71,waterfront,no,471400.0
L202164,2362,2,2,53,suburbs,yes,380400.0
L202165,4392,5,4,2,downtown,yes,863800.0
L202166,4146,4,3,63,rural,yes,631200.0
L202167,2964,4,3,64,suburbs,yes,486900.0
L202168,1864,1,1,10,suburbs,yes,355200.0
L202169,2324,4,3,75,suburbs,yes,413500.0
L202170,1881,2,2,15,suburbs,no,394100.0
L202171,2234,3,3,4,downtown,yes,522800.0
L202172,2027,3,2,44,suburbs,yes,317900.0
L202173,2336,3,2,54,downtown,yes,483000.0
L202174,2541,3,3,7,downtown,yes,555300.0
L202175,3106,4,3,12,suburbs,no,591700.0
L202176,4062,5,4,52,downtown,no,728100.0
L202177,2661,2,1,6,rural,yes,463100.0
L202178,1409,1,1,66,waterfront,yes,341600.0
L202179,1322,2,1,21,waterfront,yes,393500.0
L202180,3140,3,2,67,downtown,yes,538600.0
L202181,4492,4,4,59,waterfront,yes,816300.0
L202182,1793,2,1,25,downtown,yes,410800.0
L202183,944,2,1,63,suburbs,yes,179800.0
L202184,922,1,1,16,downtown,no,215300.0
L202185,1668,1,1,38,rural,yes,279500.0
L202186,4319,4,3,76,downtown,no,660500.0
L202187,3644,4,3,71,suburbs,no,558100.0
L202188,3664,3,2,72,rural,no,487800.0
L202189,1898,2,2,11,suburbs,no,378900.0
L202190,4312,5,4,25,rural,yes,703800.0
L202191,2189,2,1,6,suburbs,yes,401600.0
L202192,2161,2,1,71,downtown,no,396300.0
L202193,4257,6,4,62,suburbs,yes,739600.0
L202194,3552,3,2,70,suburbs,yes,577700.0
L202195,1726,1,1,9,downtown,no,385500.0
L202196,3139,3,3,27,rural,no,494200.0
L202197,1966,2,1,57,downtown,yes,409000.0
L202198,3014,4,3,29,suburbs,no,507400.0
L202199,1134,2,1,23,downtown,no,273300.0
L202200,757,1,1,74,suburbs,no,79400.0
L202201,4358,6,4,42,suburbs,yes,791400.0
L202202,879,1,1,59,suburbs,yes,137000.0
L202203,2164,3,3,61,downtown,no,462400.0
L202204,1361,1,1,49,suburbs,yes,250800.0
L202205,658,2,2,59,downtown,yes,216900.0
L202206,3523,4,4,76,downtown,no,635600.0
L202207,1704,1,1,39,downtown,yes,326700.0
L202208,3713,4,3,69,rural,no,599800.0
L202209,2743,3,3,5,downtown,no,544000.0
L202210,3124,4,4,5,suburbs,yes,607700.0
L202211,3207,3,2,31,downtown,yes,589600.0
L202212,1349,2,1,39,suburbs,yes,219900.0
L202213,2377,2,1,26,suburbs,yes,459600.0
L202214,3632,4,3,71,downtown,yes,636600.0
L202215,1513,2,1,1,waterfront,yes,440600.0
L202216,1042,1,1,8,waterfront,yes,269800.0
L202217,2216,3,2,50,downtown,no,432500.0
L202218,4086,5,4,5,suburbs,yes,744100.0
L202219,1855,2,1,15,rural,yes,319300.0
L202220,2100,1,1,68,waterfront,yes,443100.0
L202221,1092,2,2,65,downtown,yes,262600.0
L202222,3435,3,2,62,rural,yes,542100.0
L202223,1916,3,2,27,suburbs,no,318300.0
L202224,1261,2,2,13,suburbs,yes,267200.0
L202225,997,1,1,25,suburbs,no,226400.0
L202226,1825,3,2,14,suburbs,yes,326200.0
L202227,1393,1,1,19,waterfront,yes,383200.0
L202228,2531,2,2,66,downtown,no,426000.0
L202229,2262,3,3,19,downtown,yes,497000.0
L202230,2535,4,4,16,suburbs,yes,491900.0
L202231,2030,2,2,20,suburbs,yes,351600.0
L202232,979,1,1,11,suburbs,no,199900.0
L202233,3631,4,4,69,rural,yes,573800.0
L202234,2738,3,3,72,suburbs,yes,438500.0
L202235,1319,2,1,16,rural,no,214400.0
L202236,892,1,1,64,downtown,yes,203500.0
L202237,4264,4,4,21,downtown,no,717100.0
L202238,4202,5,4,32,rural,yes,716900.0
L202239,1336,2,1,79,suburbs,yes,251700.0
L202240,2244,2,2,50,suburbs,yes,337400.0
L202241,2871,4,3,64,downtown,yes,580900.0
L202242,2312,2,2,34,suburbs,yes,413500.0
L202243,3861,4,3,49,downtown,no,658800.0
L202244,2850,3,2,21,rural,yes,466000.0
L202245,1635,2,1,58,downtown,yes,322900.0
L202246,3648,5,4,78,downtown,yes,692400.0
L202247,4011,3,2,12,suburbs,yes,648000.0
L202248,871,2,2,43,downtown,yes,307600.0
L202249,3920,4,3,21,waterfront,yes,821000.0
L202250,3341,3,2,51,suburbs,yes,515300.0
L202251,4179,5,4,36,suburbs,yes,758200.0
L202252,4151,4,3,32,downtown,yes,773800.0
L202253,793,1,1,31,suburbs,no,153500.0
L202254,2312,2,1,40,downtown,yes,466600.0
L202255,878,1,1,16,suburbs,yes,219200.0
L202256,651,1,1,23,waterfront,yes,259800.0
L202257,4177,4,4,5,suburbs,yes,750700.0
L202258,1564,3,3,34,rural,no,263900.0
L202259,836,1,1,48,waterfront,yes,305000.0
L202260,4270,5,4,50,waterfront,no,820400.0
L202261,2190,3,2,16,suburbs,yes,387600.0
L202262,1060,2,1,64,rural,no,166000.0
L202263,1593,2,2,33,suburbs,yes,294200.0
L202264,653,1,1,64,suburbs,yes,130100.0
L202265,3240,4,4,65,suburbs,yes,560800.0
L202266,4249,6,4,0,downtown,yes,864600.0
L202267,2125,3,2,3,suburbs,yes,403200.0
L202268,3965,5,4,42,suburbs,yes,661300.0
L202269,1937,4,3,67,downtown,yes,458700.0
L202270,2395,3,3,29,suburbs,yes,440200.0
L202271,1434,2,2,48,rural,no,210700.0
L202272,621,1,1,48,suburbs,yes,143600.0
L202273,1236,2,1,60,suburbs,yes,214400.0
L202274,2876,3,3,70,suburbs,yes,467900.0
L202275,987,1,1,45,downtown,no,297500.0
L202276,3785,4,4,62,downtown,yes,664600.0
L202277,4177,5,4,48,downtown,yes,731400.0
L202278,1715,2,2,26,waterfront,no,461900.0
L202279,1655,3,3,45,rural,yes,284200.0
L202280,1273,1,1,59,suburbs,no,210000.0
L202281,2198,3,3,71,suburbs,yes,394900.0
L202282,4128,5,4,8,waterfront,yes,808800.0
L202283,2122,2,1,26,downtown,no,447800.0
L202284,3594,4,3,10,downtown,yes,681100.0
L202285,1854,1,1,13,suburbs,no,367600.0
L202286,2347,3,2,18,suburbs,yes,413300.0
L202287,2524,3,3,72,waterfront,yes,582900.0
L202288,4129,5,4,31,rural,yes,727900.0
L202289,2544,4,3,73,waterfront,yes,545500.0
L202290,2971,3,2,40,suburbs,yes,498200.0
L202291,3931,6,4,1,waterfront,yes,834700.0
L202292,4281,5,4,31,suburbs,no,758500.0
L202293,4090,5,4,58,suburbs,yes,691700.0
L202294,1002,1,1,50,suburbs,yes,199600.0
L202295,1036,1,1,29,waterfront,no,309300.0
L202296,2302,2,2,9,downtown,yes,493900.0
L202297,1969,3,3,60,suburbs,no,354100.0
L202298,3248,3,2,41,suburbs,yes,526000.0
L202299,2285,2,1,63,suburbs,no,396800.0
L202300,2190,2,2,21,suburbs,no,376700.0
L202301,952,1,1,12,suburbs,yes,235400.0
L202302,1964,3,3,29,suburbs,yes,348200.0
L202303,2828,4,3,19,suburbs,yes,537800.0
L202304,3312,4,4,40,downtown,yes,667300.0
L202305,1258,2,1,40,suburbs,yes,248800.0
L202306,2962,4,3,10,downtown,yes,633600.0
L202307,2834,3,3,37,rural,no,432500.0
L202308,1701,1,1,31,waterfront,yes,431200.0
L202309,4069,4,3,41,downtown,no,683800.0
L202310,2331,3,2,60,downtown,yes,461100.0
L202311,1629,2,2,36,downtown,yes,346400.0
L202312,3356,2,2,22,rural,yes,527500.0
L202313,1335,1,1,72,downtown,yes,309800.0
L202314,3044,3,3,61,suburbs,yes,548800.0
L202315,3260,4,3,76,suburbs,yes,503500.0
L202316,2366,2,1,18,rural,yes,416000.0
L202317,1395,1,1,49,suburbs,no,262100.0
L202318,1614,1,1,60,suburbs,yes,272100.0
L202319,1464,2,2,71,suburbs,no,274100.0
L202320,1046,2,2,15,rural,yes,201100.0
L202321,4492,5,4,20,suburbs,no,746000.0
L202322,3876,5,4,76,suburbs,yes,630100.0
L202323,2635,4,3,45,downtown,yes,550700.0
L202324,3799,3,2,12,downtown,yes,698800.0
L202325,3163,4,4,15,suburbs,yes,561900.0
L202326,2991,3,3,79,suburbs,yes,466800.0
L202327,3397,3,2,71,suburbs,no,522800.0
L202328,2828,3,2,18,waterfront,no,584300.0
L202329,2785,4,3,44,downtown,yes,571400.0
L202330,1131,2,2,56,suburbs,no,235400.0
L202331,2980,2,2,35,rural,yes,490500.0
L202332,2342,3,2,24,suburbs,yes,500500.0
L202333,1559,3,2,56,suburbs,yes,302700.0
L202334,2487,4,3,6,suburbs,yes,525800.0
L202335,3850,2,2,16,suburbs,yes,637800.0
L202336,2399,4,3,1,downtown,yes,528100.0
L202337,2458,3,2,71,downtown,yes,469300.0
L202338,1544,1,1,11,downtown,no,342500.0
L202339,3743,4,4,69,waterfront,no,719700.0
L202340,1082,2,2,32,downtown,no,250800.0
L202341,3865,5,4,8,downtown,yes,731200.0
L202342,4232,4,3,46,suburbs,yes,724000.0
L202343,1291,1,1,25,waterfront,yes,387600.0
L202344,2769,3,2,38,downtown,yes,580700.0
L202345,2885,3,2,78,suburbs,yes,450700.0
L202346,3964,4,3,50,downtown,no,687800.0
L202347,1871,3,2,1,downtown,no,396400.0
L202348,3220,3,3,7,waterfront,yes,719600.0
L202349,987,1,1,61,suburbs,no,138100.0
L202350,3799,4,4,54,suburbs,yes,636900.0
L202351,3556,3,3,39,downtown,yes,662500.0
L202352,1442,1,1,62,suburbs,yes,199200.0
L202353,1087,1,1,17,downtown,yes,304000.0
L202354,1013,1,1,18,suburbs,yes,238700.0
L202355,3834,5,4,32,suburbs,yes,679100.0
L202356,2994,3,2,63,suburbs,yes,485600.0
L202357,2047,2,2,78,suburbs,yes,330400.0
L202358,2742,3,3,20,downtown,yes,590900.0
L202359,2777,2,2,49,rural,yes,427900.0
L202360,976,2,1,35,waterfront,yes,326100.0
L202361,2314,2,1,70,waterfront,no,453800.0
L202362,2984,3,3,64,downtown,no,469600.0
L202363,2968,3,2,13,downtown,no,596500.0
L202364,1309,2,2,54,suburbs,yes,247000.0
L202365,4219,5,4,1,suburbs,yes,729000.0
L202366,1021,3,2,40,rural,no,237700.0
L202367,3962,5,4,21,suburbs,no,694900.0
L202368,4442,6,4,29,suburbs,yes,766500.0
L202369,3528,4,3,26,downtown,no,683600.0
L202370,2767,2,2,45,waterfront,yes,587600.0
L202371,1351,1,1,67,downtown,no,275300.0
L202372,1886,2,1,41,waterfront,yes,434000.0
L202373,2740,2,2,69,rural,yes,422800.0
L202374,982,2,2,77,downtown,yes,266400.0
L202375,3360,4,3,17,rural,yes,551700.0
L202376,4175,4,3,66,suburbs,yes,624300.0
L202377,3495,4,4,17,downtown,yes,708500.0
L202378,4276,5,4,9,suburbs,yes,768200.0
L202379,2449,4,4,16,waterfront,yes,620100.0
L202380,1602,2,1,32,suburbs,yes,297800.0
L202381,665,1,1,13,downtown,yes,252800.0
L202382,2296,3,2,46,suburbs,yes,387300.0
L202383,1049,1,1,47,suburbs,yes,190600.0
L202384,3117,4,4,56,downtown,yes,574400.0
L202385,3728,5,4,72,downtown,no,699300.0
L202386,1033,1,1,14,downtown,no,263300.0
L202387,2614,2,2,78,suburbs,yes,416400.0
L202388,2694,3,2,66,suburbs,yes,454200.0
L202389,1813,2,2,4,suburbs,no,336700.0
L202390,1452,2,2,50,downtown,yes,350800.0
L202391,3383,3,2,20,rural,yes,588100.0
L202392,1478,2,2,5,suburbs,no,319400.0
L202393,724,1,1,54,downtown,no,146100.0
L202394,2951,4,3,4,waterfront,no,657700.0
L202395,863,2,2,14,suburbs,yes,220500.0
L202396,1809,2,2,54,suburbs,yes,348100.0
L202397,940,2,2,6,downtown,no,265100.0
L202398,2746,2,1,60,downtown,yes,468400.0
L202399,1448,3,2,2,suburbs,no,326000.0
L202400,1623,1,1,24,rural,yes,263500.0
L202401,2158,3,2,20,suburbs,no,374500.0
L202402,2501,3,3,12,downtown,yes,522000.0
L202403,3404,4,4,42,suburbs,yes,556700.0
L202404,4235,6,4,17,suburbs,no,741600.0
L202405,2952,4,3,12,downtown,no,581100.0
L202406,2490,3,2,31,rural,yes,426100.0
L202407,2877,3,3,39,suburbs,no,479500.0
L202408,2555,3,3,50,suburbs,yes,446600.0
L202409,621,1,1,6,downtown,yes,216800.0
L202410,2522,3,2,15,downtown,yes,513700.0
L202411,3501,5,4,4,suburbs,no,604700.0
L202412,3940,5,4,63,suburbs,yes,688000.0
L202413,958,1,1,44,suburbs,yes,183900.0
L202414,3258,3,3,19,suburbs,no,504200.0
L202415,1029,1,1,42,suburbs,yes,156800.0
L202416,719,1,1,64,suburbs,no,146400.0
L202417,779,1,1,60,downtown,no,191000.0
L202418,1060,2,2,73,suburbs,yes,196500.0
L202419,927,2,1,18,suburbs,no,198300.0
L202420,2853,3,3,13,suburbs,no,514200.0
L202421,4190,5,4,61,suburbs,yes,737100.0
L202422,3564,4,3,73,waterfront,yes,711700.0
L202423,3451,4,3,14,downtown,yes,679600.0
L202424,1056,1,1,56,waterfront,yes,294800.0
L202425,4259,4,4,45,rural,yes,640700.0
L202426,2560,3,3,70,suburbs,yes,442300.0
L202427,722,2,1,15,downtown,yes,261000.0
L202428,3105,3,3,27,suburbs,yes,568600.0
L202429,3348,4,3,49,downtown,yes,672300.0
L202430,2163,2,2,69,waterfront,yes,445600.0
L202431,3390,5,4,66,downtown,no,612400.0
L202432,3304,3,3,38,suburbs,no,561900.0
L202433,2865,3,3,29,suburbs,no,490900.0
L202434,1936,2,2,15,downtown,yes,462100.0
L202435,4494,4,3,32,suburbs,no,723700.0
L202436,3029,2,1,79,suburbs,no,493900.0
L202437,2401,3,3,18,downtown,no,496100.0
L202438,3586,4,4,75,downtown,yes,691700.0
L202439,1546,1,1,22,suburbs,yes,224700.0
L202440,4327,6,4,9,suburbs,yes,783700.0
L202441,3469,2,2,57,suburbs,yes,547600.0
L202442,3091,3,2,36,downtown,yes,530600.0
L202443,1638,1,1,58,suburbs,yes,268500.0
L202444,1971,2,1,78,suburbs,no,265600.0
L202445,4303,4,4,11,downtown,yes,789600.0
L202446,3412,4,4,43,suburbs,yes,599900.0
L202447,1033,1,1,21,suburbs,yes,210700.0
L202448,3737,5,4,39,suburbs,yes,661900.0
L202449,1062,2,2,20,downtown,yes,303600.0
L202450,2217,3,2,15,suburbs,no,461200.0
L202451,2226,2,1,41,downtown,yes,443300.0
L202452,2014,3,2,33,downtown,yes,437400.0
L202453,2532,4,4,61,rural,yes,435200.0
L202454,1194,2,1,39,waterfront,yes,353300.0
L202455,3179,3,3,48,waterfront,yes,615100.0
L202456,3239,4,3,57,suburbs,yes,565200.0
L202457,3921,5,4,4,downtown,no,784000.0
L202458,2334,2,1,36,rural,yes,404800.0
L202459,2669,4,3,41,suburbs,yes,498100.0
L202460,1118,1,1,50,waterfront,yes,315800.0
L202461,1954,3,2,3,suburbs,no,381700.0
L202462,2789,2,1,8,suburbs,yes,526700.0
L202463,2224,1,1,67,downtown,no,383200.0
L202464,4460,5,4,61,downtown,no,751800.0
L202465,1681,2,2,33,suburbs,yes,371200.0
L202466,800,1,1,0,waterfront,no,277500.0
L202467,3983,4,4,20,suburbs,yes,651300.0
L202468,2610,4,3,51,downtown,no,517600.0
L202469,877,1,1,54,suburbs,yes,175800.0
L202470,4249,5,4,66,downtown,yes,774500.0
L202471,1408,1,1,44,waterfront,yes,389900.0
L202472,4340,6,4,61,downtown,yes,787800.0
L202473,1942,2,1,18,downtown,yes,411800.0
L202474,1932,2,1,11,suburbs,yes,345300.0
L202475,1425,2,1,26,suburbs,yes,280100.0
L202476,1269,2,1,67,suburbs,yes,235600.0
L202477,3721,5,4,70,suburbs,yes,648600.0
L202478,2240,3,2,6,rural,yes,375400.0
L202479,2769,3,2,15,suburbs,no,448500.0
L202480,1842,2,1,5,downtown,yes,434000.0
L202481,2252,3,2,61,downtown,yes,432300.0
L202482,2482,3,3,65,suburbs,no,383900.0
L202483,1810,2,2,74,suburbs,yes,254900.0
L202484,2924,3,2,14,suburbs,yes,552300.0
L202485,2415,2,1,41,downtown,no,455200.0
L202486,3596,3,2,35,downtown,no,653100.0
L202487,3632,4,4,78,downtown,yes,666000.0
L202488,3073,3,3,74,suburbs,yes,504300.0
L202489,1003,2,1,66,suburbs,yes,185000.0
L202490,4079,5,4,16,downtown,no,762500.0
L202491,3312,4,4,26,suburbs,yes,567500.0
L202492,3469,4,3,62,waterfront,no,636900.0
L202493,3132,4,3,48,downtown,yes,656200.0
L202494,2622,4,3,46,downtown,yes,531200.0
L202495,2798,4,4,6,suburbs,yes,525000.0
L202496,1065,1,1,32,downtown,yes,249500.0
L202497,4183,5,4,78,downtown,no,755500.0
L202498,3734,5,4,36,waterfront,yes,778600.0
L202499,4147,6,4,70,rural,yes,646000.0
L202500,3385,4,3,32,suburbs,yes,580700.0
L202501,1633,2,1,67,waterfront,yes,400800.0
L202502,1911,2,2,66,downtown,yes,372100.0
L202503,3980,4,3,49,rural,yes,648400.0
L202504,1504,1,1,65,waterfront,no,402700.0
L202505,2997,4,3,3,suburbs,yes,546600.0
L202506,3166,2,1,29,waterfront,yes,630900.0
L202507,1314,1,1,7,rural,yes,213600.0
L202508,928,2,1,55,suburbs,yes,180100.0
L202509,731,1,1,23,suburbs,yes,120900.0
L202510,3670,5,4,42,suburbs,no,653700.0
L202511,1734,2,2,67,suburbs,yes,262800.0
L202512,1484,2,2,59,suburbs,yes,247400.0
L202513,4145,6,4,53,downtown,yes,773000.0
L202514,2914,3,2,4,downtown,yes,618200.0
L202515,695,1,1,49,downtown,no,167700.0
L202516,1783,2,1,26,suburbs,yes,322200.0
L202517,2453,3,3,79,downtown,no,460600.0
L202518,2461,3,3,26,downtown,yes,495000.0
L202519,3656,3,3,59,waterfront,no,694600.0
L202520,3722,4,3,47,suburbs,yes,583700.0
L202521,723,1,1,26,waterfront,no,258200.0
L202522,1719,2,1,16,downtown,yes,416600.0
L202523,2941,3,3,20,suburbs,yes,544100.0
L202524,729,1,1,42,suburbs,yes,143400.0
L202525,2825,2,2,70,waterfront,yes,541200.0
L202526,901,1,1,78,suburbs,yes,144400.0
L202527,2834,4,3,25,waterfront,yes,600200.0
L202528,890,1,1,3,downtown,yes,263300.0
L202529,3480,4,3,17,suburbs,yes,603300.0
L202530,2390,2,2,40,rural,yes,368400.0
L202531,4309,5,4,32,suburbs,yes,735100.0
L202532,924,1,1,11,downtown,yes,280000.0
L202533,3991,6,4,13,downtown,yes,755400.0
L202534,2209,3,3,46,rural,yes,394400.0
L202535,2501,2,1,21,downtown,yes,519500.0
L202536,3321,3,3,19,suburbs,yes,632700.0
L202537,3026,3,3,30,downtown,no,580000.0
L202538,4031,3,3,72,downtown,no,716600.0
L202539,3842,5,4,67,suburbs,yes,669700.0
L202540,1463,1,1,25,downtown,yes,335600.0
L202541,1671,2,1,61,suburbs,yes,252700.0
L202542,4019,5,4,76,downtown,yes,745200.0
L202543,3759,5,4,22,rural,yes,645700.0
L202544,4414,5,4,0,suburbs,yes,823600.0
L202545,4172,5,4,18,suburbs,no,734200.0
L202546,3040,4,4,66,suburbs,yes,548200.0
L202547,4353,5,4,8,suburbs,yes,749600.0
L202548,3475,5,4,20,downtown,yes,697600.0
L202549,4061,5,4,76,suburbs,yes,620600.0
L202550,2483,3,2,16,suburbs,yes,467700.0
L202551,4364,4,4,38,downtown,yes,820000.0
L202552,891,1,1,70,suburbs,yes,189500.0
L202553,4139,5,4,67,suburbs,no,663000.0
L202554,4343,5,4,24,downtown,yes,764500.0
L202555,3677,5,4,19,downtown,no,692100.0
L202556,4286,4,4,46,downtown,yes,770300.0
L202557,2240,3,3,25,downtown,yes,491800.0
L202558,1858,1,1,58,suburbs,no,234000.0
L202559,1122,3,2,54,downtown,yes,290300.0
L202560,1363,1,1,33,suburbs,no,209500.0
L202561,3979,6,4,32,downtown,yes,800600.0
L202562,855,1,1,8,waterfront,yes,260900.0
L202563,1380,1,1,55,suburbs,yes,260500.0
L202564,2541,4,4,73,rural,yes,412400.0
L202565,2002,2,1,70,suburbs,yes,271100.0
L202566,4206,4,4,51,downtown,no,784000.0
L202567,716,1,1,58,suburbs,no,158600.0
L202568,759,1,1,71,suburbs,no,151700.0
L202569,1660,2,2,17,suburbs,no,313100.0
L202570,2985,4,3,61,waterfront,no,597300.0
L202571,1988,2,2,8,downtown,yes,440500.0
L202572,3858,5,4,61,downtown,no,711000.0
L202573,974,1,1,17,suburbs,yes,195200.0
L202574,2080,3,2,47,downtown,no,396200.0
L202575,3131,3,3,0,rural,yes,548700.0
L202576,2986,3,2,0,suburbs,yes,541900.0
L202577,2618,3,3,51,rural,yes,446900.0
L202578,2330,2,1,70,downtown,no,451300.0
L202579,966,2,2,8,downtown,yes,317200.0
L202580,855,1,1,66,suburbs,yes,124100.0
L202581,813,2,2,60,suburbs,yes,172500.0
L202582,2567,2,1,58,rural,no,375700.0
L202583,4051,3,3,21,suburbs,yes,698600.0
L202584,947,1,1,70,suburbs,yes,184000.0
L202585,854,1,1,48,downtown,no,210700.0
L202586,3271,4,3,14,suburbs,yes,574500.0
L202587,2551,3,3,70,suburbs,yes,454400.0
L202588,1809,1,1,22,suburbs,yes,331100.0
L202589,669,1,1,39,downtown,yes,215500.0
L202590,3729,3,2,12,suburbs,yes,613800.0
L202591,3171,4,4,31,rural,no,575600.0
L202592,2889,3,3,51,downtown,no,542900.0
L202593,1513,2,1,71,downtown,yes,310800.0
L202594,4246,3,2,35,suburbs,yes,691700.0
L202595,844,1,1,49,suburbs,yes,161700.0
L202596,3477,5,4,8,downtown,yes,669200.0
L202597,3437,4,3,19,downtown,yes,673400.0
L202598,3426,4,4,46,suburbs,yes,555500.0
L202599,2947,3,2,3,suburbs,no,516800.0
L202600,1787,3,3,27,suburbs,yes,316800.0
L202601,2377,4,3,4,downtown,yes,475700.0
L202602,2323,2,1,39,suburbs,yes,407300.0
L202603,3978,4,3,21,downtown,yes,712500.0
L202604,3507,4,4,20,suburbs,yes,634800.0
L202605,2457,3,3,36,suburbs,yes,447400.0
L202606,3415,4,4,12,suburbs,yes,621200.0
L202607,4380,6,4,60,downtown,yes,782500.0
L202608,3299,3,2,36,downtown,no,593800.0
L202609,1989,2,2,72,suburbs,yes,311500.0
L202610,631,1,1,18,rural,yes,153600.0
L202611,4025,5,4,4,waterfront,no,814200.0
L202612,667,1,1,32,rural,yes,117600.0
L202613,2585,2,2,8,suburbs,yes,481100.0
L202614,863,1,1,30,rural,no,122300.0
L202615,4029,6,4,61,suburbs,no,628500.0
L202616,723,1,1,75,rural,yes,70700.0
L202617,3265,3,2,36,suburbs,yes,573700.0
L202618,3614,5,4,14,suburbs,yes,657800.0
L202619,3456,3,2,31,downtown,no,630300.0
L202620,2732,3,2,22,suburbs,yes,491300.0
L202621,2904,2,1,9,suburbs,yes,542100.0
L202622,2569,3,2,63,suburbs,yes,376400.0
L202623,3552,4,4,58,suburbs,yes,596700.0
L202624,933,1,1,23,rural,yes,169000.0
L202625,4071,4,4,38,rural,yes,658000.0
L202626,3621,4,4,38,suburbs,yes,645500.0
L202627,4377,5,4,34,suburbs,yes,767200.0
L202628,962,2,2,60,suburbs,yes,188300.0
L202629,1415,2,1,55,suburbs,yes,209900.0
L202630,1465,1,1,0,waterfront,yes,473800.0
L202631,2208,2,1,17,downtown,no,438400.0
L202632,3793,4,4,76,rural,no,576400.0
L202633,3668,4,3,33,downtown,yes,718700.0
L202634,3301,4,4,37,rural,no,526700.0
L202635,2144,2,1,60,suburbs,yes,382500.0
L202636,961,3,3,60,suburbs,yes,206900.0
L202637,3308,3,3,45,downtown,yes,660800.0
L202638,888,2,2,73,downtown,yes,244300.0
L202639,1395,1,1,47,downtown,yes,286800.0
L202640,2185,1,1,70,rural,yes,360400.0
L202641,3628,4,3,36,suburbs,yes,634200.0
L202642,2953,4,3,17,downtown,no,569600.0
L202643,1004,2,1,8,suburbs,yes,197000.0
L202644,1562,2,2,44,suburbs,yes,307900.0
L202645,3911,4,3,71,suburbs,yes,665300.0
L202646,2882,3,2,32,suburbs,yes,506600.0
L202647,3164,4,4,58,rural,yes,523800.0
L202648,2001,2,1,42,suburbs,yes,383500.0
L202649,3778,4,4,64,downtown,yes,701700.0
L202650,2895,4,3,62,suburbs,yes,479300.0
L202651,916,1,1,55,suburbs,yes,154900.0
L202652,3429,5,4,28,waterfront,yes,752500.0
L202653,1724,2,1,32,downtown,no,371300.0
L202654,3888,4,4,38,suburbs,no,675100.0
L202655,3089,3,2,65,suburbs,yes,508700.0
L202656,1363,1,1,48,suburbs,yes,255400.0
L202657,714,2,1,13,downtown,no,241300.0
L202658,931,1,1,21,suburbs,yes,223600.0
L202659,1560,2,1,24,downtown,no,360800.0
L202660,1061,1,1,48,suburbs,no,174700.0
L202661,3167,3,2,61,rural,yes,478900.0
L202662,1244,1,1,11,waterfront,yes,379500.0
L202663,2340,4,3,57,suburbs,no,409800.0
L202664,1864,1,1,49,downtown,yes,400600.0
L202665,3165,3,2,16,suburbs,yes,554600.0
L202666,711,1,1,11,downtown,yes,201200.0
L202667,2168,4,4,11,suburbs,yes,414200.0
L202668,3846,5,4,62,downtown,yes,703900.0
L202669,1560,2,2,18,suburbs,yes,329000.0
L202670,3911,4,4,15,downtown,no,711400.0
L202671,1270,1,1,33,downtown,yes,313700.0
L202672,3381,3,3,51,suburbs,no,526400.0
L202673,1699,1,1,35,waterfront,no,404800.0
L202674,1990,2,1,46,suburbs,yes,350200.0
L202675,2636,2,1,29,downtown,no,460300.0
L202676,3356,4,4,34,suburbs,yes,601500.0
L202677,2653,3,3,46,suburbs,yes,503000.0
L202678,2840,3,3,51,rural,yes,449900.0
L202679,1728,3,3,58,suburbs,yes,325400.0
L202680,3183,3,3,67,downtown,no,571400.0
L202681,876,2,1,26,suburbs,yes,202100.0
L202682,942,2,1,9,downtown,yes,283300.0
L202683,1222,1,1,7,suburbs,no,235100.0
L202684,4011,5,4,54,waterfront,no,745200.0
L202685,2991,3,2,34,rural,no,476900.0
L202686,1959,3,3,32,downtown,yes,409800.0
L202687,3038,4,4,58,suburbs,yes,537300.0
L202688,1649,1,1,53,suburbs,yes,292000.0
L202689,3457,3,3,73,downtown,yes,623800.0
L202690,2124,2,1,70,rural,no,272300.0
L202691,3013,4,3,59,rural,yes,492500.0
L202692,1564,2,2,52,downtown,no,324000.0
L202693,737,1,1,71,rural,yes,87600.0
L202694,4477,5,4,12,downtown,yes,889800.0
L202695,3147,2,1,76,suburbs,yes,455300.0
L202696,3120,4,3,33,waterfront,yes,682800.0
L202697,2952,4,4,19,rural,no,540200.0
L202698,4096,5,4,43,suburbs,yes,709600.0
L202699,672,1,1,71,suburbs,no,92900.0
L202700,4309,4,3,10,suburbs,no,706500.0
L202701,2390,2,1,13,waterfront,yes,507300.0
L202702,2866,2,1,51,downtown,yes,520800.0
L202703,4257,6,4,53,downtown,yes,789800.0
L202704,3722,4,3,57,suburbs,yes,609200.0
L202705,1965,3,2,71,suburbs,yes,372900.0
L202706,4130,5,4,61,downtown,yes,749500.0
L202707,924,1,1,64,suburbs,no,110400.0
L202708,1185,1,1,9,suburbs,no,267600.0
L202709,1486,2,1,28,waterfront,yes,374900.0
L202710,1649,1,1,56,downtown,yes,345700.0
L202711,3226,4,3,65,rural,yes,526600.0
L202712,2166,2,1,29,waterfront,yes,497100.0
L202713,3916,4,3,46,suburbs,yes,675800.0
L202714,3029,3,3,16,downtown,yes,602200.0
L202715,2960,4,3,69,rural,no,446300.0
L202716,3596,2,2,41,suburbs,yes,526600.0
L202717,2200,4,4,7,suburbs,yes,409200.0
L202718,1945,2,2,45,downtown,no,458200.0
L202719,1021,1,1,21,suburbs,yes,231600.0
L202720,3886,5,4,36,suburbs,yes,708700.0
L202721,1508,2,1,27,suburbs,yes,351500.0
L202722,3152,4,4,67,waterfront,yes,648800.0
L202723,3683,5,4,67,suburbs,yes,620700.0
L202724,2050,4,4,12,downtown,no,431400.0
L202725,1237,2,2,25,suburbs,yes,254200.0
L202726,3254,4,3,32,downtown,yes,623300.0
L202727,1868,2,2,68,downtown,yes,365600.0
L202728,3922,4,3,21,suburbs,no,684800.0
L202729,2337,4,3,56,downtown,yes,501500.0
L202730,1910,3,3,3,downtown,no,462200.0
L202731,3435,5,4,76,downtown,no,596800.0
L202732,2109,1,1,27,downtown,yes,421600.0
L202733,3708,3,2,21,rural,yes,601100.0
L202734,3298,4,3,57,suburbs,yes,604000.0
L202735,4049,4,3,48,waterfront,yes,792600.0
L202736,2276,3,2,41,rural,yes,372000.0
L202737,938,2,1,74,rural,yes,168500.0
L202738,1292,2,2,33,downtown,yes,316200.0
L202739,619,1,1,43,suburbs,no,136200.0
L202740,3931,3,2,37,suburbs,yes,652000.0
L202741,1548,1,1,13,suburbs,no,265500.0
L202742,1386,2,2,25,downtown,yes,325000.0
L202743,2963,4,3,48,downtown,yes,575600.0
L202744,1560,1,1,9,suburbs,no,271400.0
L202745,4418,5,4,58,suburbs,yes,695700.0
L202746,3984,3,3,47,suburbs,yes,666200.0
L202747,2358,1,1,51,downtown,yes,449600.0
L202748,3103,3,2,65,suburbs,no,467900.0
L202749,2108,3,3,38,suburbs,yes,371700.0
L202750,2283,4,3,63,suburbs,yes,421400.0
L202751,2473,2,1,59,rural,yes,410800.0
L202752,2089,1,1,18,suburbs,yes,389600.0
L202753,2302,3,3,21,suburbs,yes,463500.0
L202754,1314,1,1,34,suburbs,yes,235100.0
L202755,3141,4,3,7,downtown,yes,644500.0
L202756,864,1,1,44,suburbs,yes,168400.0
L202757,4146,5,4,72,rural,yes,635700.0
L202758,4146,4,4,64,suburbs,no,668100.0
L202759,1411,2,2,58,suburbs,yes,236400.0
L202760,774,2,2,15,downtown,yes,244700.0
L202761,2469,3,3,64,suburbs,no,396300.0
L202762,840,1,1,10,downtown,yes,247100.0
L202763,2173,2,1,32,suburbs,yes,375900.0
L202764,3533,3,2,74,suburbs,no,487800.0
L202765,1807,1,1,60,downtown,yes,327700.0
L202766,4085,4,4,11,suburbs,yes,751400.0
L202767,656,1,1,41,downtown,yes,204800.0
L202768,3367,3,2,79,downtown,yes,601200.0
L202769,2563,1,1,35,suburbs,no,412200.0
L202770,1544,1,1,47,suburbs,yes,261900.0
L202771,2277,3,2,30,downtown,yes,451700.0
L202772,1655,2,2,39,downtown,no,338800.0
L202773,3018,3,2,41,suburbs,yes,557700.0
L202774,4349,5,4,15,downtown,no,789500.0
L202775,2554,4,3,75,rural,yes,450600.0
L202776,3330,5,4,68,rural,no,517400.0
L202777,2984,3,2,8,suburbs,yes,522400.0
L202778,3828,4,4,13,suburbs,yes,676400.0
L202779,2794,3,2,51,suburbs,yes,465000.0
L202780,2340,3,3,32,suburbs,yes,406500.0
L202781,1065,1,1,54,suburbs,no,176500.0
L202782,3628,4,4,3,suburbs,yes,617700.0
L202783,4101,4,3,60,suburbs,yes,675300.0
L202784,4425,4,3,1,rural,yes,734300.0
L202785,3446,2,2,15,rural,yes,565700.0
L202786,1991,2,2,58,suburbs,yes,326900.0
L202787,3343,5,4,27,waterfront,no,730900.0
L202788,1850,3,2,16,suburbs,no,361000.0
L202789,4105,5,4,70,suburbs,no,667900.0
L202790,767,1,1,48,suburbs,yes,204400.0
L202791,4103,4,4,23,rural,yes,686800.0
L202792,3474,5,4,57,waterfront,yes,710200.0
L202793,4067,4,4,10,suburbs,no,733800.0
L202794,1538,2,2,39,suburbs,yes,303900.0
L202795,2581,4,4,15,suburbs,no,527800.0
L202796,1590,2,2,52,suburbs,yes,241600.0
L202797,3372,4,3,21,suburbs,yes,587800.0
L202798,3064,4,4,19,waterfront,yes,675300.0
L202799,3297,4,3,20,rural,yes,508400.0
L202800,3481,4,3,65,suburbs,no,564500.0
L202801,775,2,2,69,suburbs,yes,151000.0
L202802,2189,1,1,16,suburbs,yes,329700.0
L202803,1585,2,2,12,suburbs,yes,300100.0
L202804,4283,4,4,47,waterfront,yes,865700.0
L202805,2664,3,2,51,downtown,yes,533900.0
L202806,1230,1,1,66,rural,yes,157600.0
L202807,2129,2,2,65,suburbs,yes,334500.0
L202808,2656,3,3,63,suburbs,yes,471000.0
L202809,1866,2,1,3,waterfront,yes,427700.0
L202810,3007,3,3,4,suburbs,yes,560600.0
L202811,3600,4,4,14,suburbs,no,581000.0
L202812,3007,3,3,29,downtown,yes,626800.0
L202813,2857,3,3,59,downtown,yes,557200.0
L202814,3161,4,3,68,suburbs,yes,482000.0
L202815,1721,1,1,57,suburbs,yes,271800.0
L202816,3072,4,4,68,suburbs,yes,532600.0
L202817,800,1,1,29,suburbs,no,110100.0
L202818,3687,4,4,50,downtown,yes,684100.0
L202819,2082,3,2,10,rural,yes,384500.0
L202820,3774,4,3,8,rural,no,565200.0
L202821,1589,3,2,66,waterfront,no,412300.0
L202822,4412,6,4,32,downtown,yes,822000.0
L202823,2629,3,3,58,suburbs,no,457600.0
L202824,4264,5,4,76,downtown,yes,751300.0
L202825,1740,2,2,45,waterfront,no,393200.0
L202826,2627,2,1,8,suburbs,yes,430500.0
L202827,3384,4,4,52,waterfront,yes,693400.0
L202828,3353,2,2,64,rural,no,475500.0
L202829,1585,1,1,22,downtown,no,361900.0
L202830,2169,3,2,33,suburbs,yes,389300.0
L202831,1497,2,1,50,suburbs,yes,228600.0
L202832,3137,4,3,59,suburbs,no,505500.0
L202833,2218,3,2,14,waterfront,yes,500200.0
L202834,629,1,1,4,downtown,yes,239600.0
L202835,1741,2,1,51,rural,yes,285400.0
L202836,2033,3,2,0,downtown,no,467400.0
L202837,2786,3,2,36,suburbs,yes,472700.0
L202838,4166,4,4,24,downtown,no,740500.0
L202839,4435,5,4,35,suburbs,yes,741100.0
L202840,3232,4,3,69,suburbs,yes,535000.0
L202841,4127,4,3,74,suburbs,no,630900.0
L202842,667,1,1,54,waterfront,yes,296400.0
L202843,3955,4,4,29,suburbs,yes,670300.0
L202844,2638,2,2,48,downtown,no,480400.0
L202845,2053,4,3,11,suburbs,no,384800.0
L202846,2026,2,2,79,suburbs,no,294200.0
L202847,1962,2,1,69,downtown,yes,345700.0
L202848,3754,3,2,27,downtown,no,642200.0
L202849,2389,4,3,1,downtown,yes,580500.0
L202850,1047,1,1,68,rural,yes,161800.0
L202851,4114,4,4,2,waterfront,yes,834900.0
L202852,2955,3,2,8,downtown,yes,569900.0
L202853,2124,2,1,0,rural,yes,396200.0
L202854,3377,4,4,13,downtown,yes,650500.0
L202855,1968,1,1,73,suburbs,yes,260500.0
L202856,2922,4,4,38,downtown,no,584600.0
L202857,630,1,1,13,downtown,no,185600.0
L202858,1670,2,1,76,suburbs,yes,238900.0
L202859,1934,1,1,33,suburbs,no,288000.0
L202860,3693,4,4,56,suburbs,no,616600.0
L202861,3542,4,4,43,rural,no,562900.0
L202862,3695,3,3,9,downtown,no,658500.0
L202863,2467,2,2,56,suburbs,yes,419300.0
L202864,2007,3,2,76,downtown,no,363500.0
L202865,2660,3,2,78,downtown,yes,448100.0
L202866,1640,2,1,61,suburbs,no,231100.0
L202867,2661,3,3,53,downtown,yes,518700.0
L202868,3189,3,3,58,rural,yes,478500.0
L202869,4380,5,4,77,suburbs,yes,715200.0
L202870,2034,3,2,44,suburbs,yes,396400.0
L202871,1041,2,2,72,downtown,yes,239400.0
L202872,1946,3,2,31,downtown,yes,493300.0
L202873,3823,5,4,25,suburbs,yes,683100.0
L202874,2357,3,3,8,downtown,yes,507200.0
L202875,2224,2,1,36,downtown,no,392200.0
L202876,2386,3,2,49,downtown,no,450100.0
L202877,1586,2,1,32,waterfront,yes,408200.0
L202878,3835,4,4,10,suburbs,no,681900.0
L202879,3218,4,4,35,downtown,yes,616600.0
L202880,4315,5,4,47,suburbs,no,723300.0
L202881,982,1,1,9,rural,no,172300.0
L202882,3382,4,4,43,downtown,no,657400.0
L202883,915,2,1,30,downtown,yes,288400.0
L202884,944,1,1,47,waterfront,no,293900.0
L202885,3897,4,4,0,rural,no,668700.0
L202886,1917,1,1,66,suburbs,yes,329700.0
L202887,1831,3,3,31,downtown,yes,433000.0
L202888,1339,1,1,32,downtown,no,299800.0
L202889,1023,1,1,8,rural,no,188100.0
L202890,3186,4,3,34,suburbs,yes,599100.0
L202891,2641,4,4,31,suburbs,yes,496800.0
L202892,2932,4,3,4,downtown,yes,625500.0
L202893,1201,1,1,46,downtown,yes,260400.0
L202894,4431,5,4,23,suburbs,no,785500.0
L202895,630,1,1,28,suburbs,yes,163000.0
L202896,2346,3,3,6,suburbs,yes,443000.0
L202897,2635,3,3,51,suburbs,yes,454300.0
L202898,1011,1,1,11,rural,yes,183300.0
L202899,2857,4,4,47,suburbs,no,496500.0
L202900,2933,2,1,34,downtown,yes,546700.0
L202901,2669,3,3,59,waterfront,yes,569500.0
L202902,2031,2,1,32,downtown,yes,377000.0
L202903,4226,5,4,52,suburbs,yes,755400.0
L202904,1294,1,1,74,downtown,yes,274600.0
L202905,3502,4,4,20,suburbs,yes,630100.0
L202906,2046,2,1,9,suburbs,yes,376000.0
L202907,2110,4,3,48,downtown,yes,479700.0
L202908,1528,3,3,11,suburbs,yes,334300.0
L202909,3231,4,3,17,suburbs,no,556000.0
L202910,1369,1,1,60,suburbs,no,208500.0
L202911,2053,2,2,54,downtown,yes,442500.0
L202912,2486,3,2,1,downtown,yes,531300.0
L202913,637,1,1,47,waterfront,yes,256700.0
L202914,3759,3,3,52,downtown,yes,661800.0
L202915,1892,2,2,25,suburbs,no,328900.0
L202916,4054,5,4,59,downtown,yes,768400.0
L202917,3129,2,2,57,rural,yes,446600.0
L202918,1615,1,1,50,suburbs,no,273800.0
L202919,3182,4,3,20,suburbs,yes,587100.0
L202920,2348,3,2,23,suburbs,yes,434700.0
L202921,2497,2,2,43,suburbs,yes,417400.0
L202922,3887,5,4,8,waterfront,yes,781700.0
L202923,3100,3,2,32,suburbs,yes,544000.0
L202924,4455,5,4,79,suburbs,no,666600.0
L202925,4219,4,4,51,suburbs,yes,703000.0
L202926,3914,4,3,68,suburbs,yes,634900.0
L202927,2416,3,2,25,suburbs,yes,456400.0
L202928,2526,2,1,58,suburbs,yes,382800.0
L202929,4040,5,4,58,rural,no,611600.0
L202930,3993,4,4,14,waterfront,yes,830200.0
L202931,2045,3,3,17,suburbs,no,381400.0
L202932,3355,3,2,34,suburbs,yes,511100.0
L202933,2937,4,3,50,downtown,no,556000.0
L202934,1042,2,2,56,rural,yes,223300.0
L202935,1081,1,1,78,suburbs,yes,188700.0
L202936,928,1,1,8,waterfront,no,284900.0
L202937,1599,1,1,51,suburbs,yes,280800.0
L202938,4251,4,3,76,suburbs,no,683900.0
L202939,1836,2,2,13,downtown,yes,370500.0
L202940,4205,4,3,76,suburbs,no,645700.0
L202941,2317,2,1,67,suburbs,yes,401300.0
L202942,2387,2,1,12,suburbs,yes,384500.0
L202943,1598,2,2,16,suburbs,no,295900.0
L202944,3181,4,3,15,downtown,yes,628000.0
L202945,2898,4,3,7,rural,no,484700.0
L202946,1788,2,2,29,suburbs,no,353500.0
L202947,3660,4,4,35,downtown,yes,724000.0
L202948,3335,3,3,36,rural,yes,528500.0
L202949,3373,4,3,66,downtown,no,579000.0
L202950,2340,4,3,35,downtown,yes,531400.0
L202951,3124,3,2,15,suburbs,yes,563700.0
L202952,1959,2,1,55,downtown,yes,387800.0
L202953,4497,5,4,51,rural,no,721200.0
L202954,2318,3,2,37,suburbs,no,415100.0
L202955,1669,3,3,51,suburbs,no,284000.0
L202956,2376,4,4,14,suburbs,yes,455600.0
L202957,4271,5,4,62,suburbs,yes,709500.0
L202958,4276,5,4,20,suburbs,yes,695300.0
L202959,1987,2,1,3,suburbs,no,350200.0
L202960,4051,4,3,32,suburbs,no,646700.0
L202961,1792,2,2,19,suburbs,yes,347000.0
L202962,1358,1,1,41,downtown,yes,275200.0
L202963,1464,2,1,37,downtown,no,329100.0
L202964,1686,2,1,73,downtown,no,326200.0
L202965,1741,2,2,33,suburbs,no,306800.0
L202966,1767,2,2,7,suburbs,yes,360500.0
L202967,2094,2,1,41,suburbs,yes,373200.0
L202968,645,1,1,64,suburbs,yes,119200.0
L202969,2071,3,2,21,suburbs,yes,393000.0
L202970,2668,3,3,24,suburbs,no,450400.0
L202971,2162,2,1,14,downtown,yes,432200.0
L202972,2482,3,3,58,waterfront,yes,588600.0
L202973,1477,2,2,13,suburbs,no,283300.0
L202974,1085,1,1,20,rural,yes,191600.0
L202975,4110,5,4,6,downtown,yes,789700.0
L202976,4461,5,4,30,suburbs,no,755800.0
L202977,2190,4,4,69,suburbs,yes,386800.0
L202978,3569,4,4,35,suburbs,yes,609500.0
L202979,1148,1,1,9,suburbs,no,247900.0
L202980,1314,1,1,60,suburbs,yes,184800.0
L202981,2627,3,3,28,rural,no,433100.0
L202982,3350,4,3,13,suburbs,no,563100.0
L202983,3335,4,4,1,downtown,yes,624900.0
L202984,1928,2,1,27,downtown,yes,404300.0
L202985,4018,5,4,12,waterfront,yes,805100.0
L202986,3068,3,2,42,downtown,no,526600.0
L202987,1835,1,1,34,suburbs,yes,380600.0
L202988,2434,3,2,52,downtown,yes,491700.0
L202989,1762,1,1,21,suburbs,no,315000.0
L202990,1141,1,1,6,suburbs,yes,239600.0
L202991,622,1,1,9,waterfront,yes,256000.0
L202992,2394,3,2,7,suburbs,no,429400.0
L202993,624,1,1,21,downtown,yes,207700.0
L202994,4350,5,4,57,suburbs,no,661300.0
L202995,4022,5,4,43,downtown,yes,794500.0
L202996,3517,4,4,29,waterfront,yes,735900.0
L202997,3525,6,4,19,suburbs,yes,630500.0
L202998,3043,3,3,13,rural,no,501700.0
L202999,3456,3,3,11,rural,yes,538600.0
